d,decision-with-opts,3314952248,0.95,6172,0.015230071289695446,0.006153846153846176,0:00:00.122236,"{'tree-options': {'class_weight': None, 'criterion': 'gini', 'max_depth': 3, 'max_leaf_nodes': 10, 'min_samples_leaf': 5, 'min_samples_split': 2, 'min_weight_fraction_leaf': 0.0, 'presort': False, 'random_state': None, 'splitter': 'random'}, 'training-options': {'y-key': 'Reviews', 'exclude-keys': ['Reviews', 'Reviews'], 'image-name': 'dt-exports/winequality/attempts/3314952248/cat-d-{}-{}-{}-orig-no-opt.{}'}}"
d,decision-with-opts,3314952248,0.9,5847,0.015563536856507576,0.007692307692307665,0:00:00.120541,"{'tree-options': {'class_weight': None, 'criterion': 'gini', 'max_depth': 3, 'max_leaf_nodes': 10, 'min_samples_leaf': 5, 'min_samples_split': 2, 'min_weight_fraction_leaf': 0.0, 'presort': False, 'random_state': None, 'splitter': 'random'}, 'training-options': {'y-key': 'Reviews', 'exclude-keys': ['Reviews', 'Reviews'], 'image-name': 'dt-exports/winequality/attempts/3314952248/cat-d-{}-{}-{}-orig-no-opt.{}'}}"
d,decision-with-opts,3314952248,0.85,5522,0.015030785947120595,0.013333333333333308,0:00:00.117727,"{'tree-options': {'class_weight': None, 'criterion': 'gini', 'max_depth': 3, 'max_leaf_nodes': 10, 'min_samples_leaf': 5, 'min_samples_split': 2, 'min_weight_fraction_leaf': 0.0, 'presort': False, 'random_state': None, 'splitter': 'random'}, 'training-options': {'y-key': 'Reviews', 'exclude-keys': ['Reviews', 'Reviews'], 'image-name': 'dt-exports/winequality/attempts/3314952248/cat-d-{}-{}-{}-orig-no-opt.{}'}}"
d,decision-with-opts,3314952248,0.8,5197,0.015201077544737318,0.013076923076923097,0:00:00.118864,"{'tree-options': {'class_weight': None, 'criterion': 'gini', 'max_depth': 3, 'max_leaf_nodes': 10, 'min_samples_leaf': 5, 'min_samples_split': 2, 'min_weight_fraction_leaf': 0.0, 'presort': False, 'random_state': None, 'splitter': 'random'}, 'training-options': {'y-key': 'Reviews', 'exclude-keys': ['Reviews', 'Reviews'], 'image-name': 'dt-exports/winequality/attempts/3314952248/cat-d-{}-{}-{}-orig-no-opt.{}'}}"
d,decision-with-opts,3314952248,0.75,4872,0.01518883415435135,0.0135384615384615,0:00:00.124634,"{'tree-options': {'class_weight': None, 'criterion': 'gini', 'max_depth': 3, 'max_leaf_nodes': 10, 'min_samples_leaf': 5, 'min_samples_split': 2, 'min_weight_fraction_leaf': 0.0, 'presort': False, 'random_state': None, 'splitter': 'random'}, 'training-options': {'y-key': 'Reviews', 'exclude-keys': ['Reviews', 'Reviews'], 'image-name': 'dt-exports/winequality/attempts/3314952248/cat-d-{}-{}-{}-orig-no-opt.{}'}}"
d,decision-with-opts,3314952248,0.7,4547,0.017594018033868508,0.02051282051282055,0:00:00.126700,"{'tree-options': {'class_weight': None, 'criterion': 'gini', 'max_depth': 3, 'max_leaf_nodes': 10, 'min_samples_leaf': 5, 'min_samples_split': 2, 'min_weight_fraction_leaf': 0.0, 'presort': False, 'random_state': None, 'splitter': 'random'}, 'training-options': {'y-key': 'Reviews', 'exclude-keys': ['Reviews', 'Reviews'], 'image-name': 'dt-exports/winequality/attempts/3314952248/cat-d-{}-{}-{}-orig-no-opt.{}'}}"
d,decision-with-opts,3314952248,0.65,4223,0.017523087852237773,0.020228671943711474,0:00:00.125813,"{'tree-options': {'class_weight': None, 'criterion': 'gini', 'max_depth': 3, 'max_leaf_nodes': 10, 'min_samples_leaf': 5, 'min_samples_split': 2, 'min_weight_fraction_leaf': 0.0, 'presort': False, 'random_state': None, 'splitter': 'random'}, 'training-options': {'y-key': 'Reviews', 'exclude-keys': ['Reviews', 'Reviews'], 'image-name': 'dt-exports/winequality/attempts/3314952248/cat-d-{}-{}-{}-orig-no-opt.{}'}}"
d,decision-with-opts,3314952248,0.6,3898,0.01693175987685991,0.02077722200846477,0:00:00.123778,"{'tree-options': {'class_weight': None, 'criterion': 'gini', 'max_depth': 3, 'max_leaf_nodes': 10, 'min_samples_leaf': 5, 'min_samples_split': 2, 'min_weight_fraction_leaf': 0.0, 'presort': False, 'random_state': None, 'splitter': 'random'}, 'training-options': {'y-key': 'Reviews', 'exclude-keys': ['Reviews', 'Reviews'], 'image-name': 'dt-exports/winequality/attempts/3314952248/cat-d-{}-{}-{}-orig-no-opt.{}'}}"
d,decision-with-opts,3314952248,0.55,3573,0.017632241813602012,0.01949384404924759,0:00:00.124648,"{'tree-options': {'class_weight': None, 'criterion': 'gini', 'max_depth': 3, 'max_leaf_nodes': 10, 'min_samples_leaf': 5, 'min_samples_split': 2, 'min_weight_fraction_leaf': 0.0, 'presort': False, 'random_state': None, 'splitter': 'random'}, 'training-options': {'y-key': 'Reviews', 'exclude-keys': ['Reviews', 'Reviews'], 'image-name': 'dt-exports/winequality/attempts/3314952248/cat-d-{}-{}-{}-orig-no-opt.{}'}}"
d,decision-with-opts,3314952248,0.5,3248,0.016009852216748777,0.021545090797168376,0:00:00.123556,"{'tree-options': {'class_weight': None, 'criterion': 'gini', 'max_depth': 3, 'max_leaf_nodes': 10, 'min_samples_leaf': 5, 'min_samples_split': 2, 'min_weight_fraction_leaf': 0.0, 'presort': False, 'random_state': None, 'splitter': 'random'}, 'training-options': {'y-key': 'Reviews', 'exclude-keys': ['Reviews', 'Reviews'], 'image-name': 'dt-exports/winequality/attempts/3314952248/cat-d-{}-{}-{}-orig-no-opt.{}'}}"
d,decision-with-opts,3314952248,0.45,2923,0.01573725624358535,0.021264689423615035,0:00:00.124418,"{'tree-options': {'class_weight': None, 'criterion': 'gini', 'max_depth': 3, 'max_leaf_nodes': 10, 'min_samples_leaf': 5, 'min_samples_split': 2, 'min_weight_fraction_leaf': 0.0, 'presort': False, 'random_state': None, 'splitter': 'random'}, 'training-options': {'y-key': 'Reviews', 'exclude-keys': ['Reviews', 'Reviews'], 'image-name': 'dt-exports/winequality/attempts/3314952248/cat-d-{}-{}-{}-orig-no-opt.{}'}}"
d,decision-with-opts,3314952248,0.4,2598,0.0161662817551963,0.02051808155937418,0:00:00.123744,"{'tree-options': {'class_weight': None, 'criterion': 'gini', 'max_depth': 3, 'max_leaf_nodes': 10, 'min_samples_leaf': 5, 'min_samples_split': 2, 'min_weight_fraction_leaf': 0.0, 'presort': False, 'random_state': None, 'splitter': 'random'}, 'training-options': {'y-key': 'Reviews', 'exclude-keys': ['Reviews', 'Reviews'], 'image-name': 'dt-exports/winequality/attempts/3314952248/cat-d-{}-{}-{}-orig-no-opt.{}'}}"
d,decision-with-opts,3314952248,0.35,2273,0.015398152221733352,0.02059659090909094,0:00:00.123266,"{'tree-options': {'class_weight': None, 'criterion': 'gini', 'max_depth': 3, 'max_leaf_nodes': 10, 'min_samples_leaf': 5, 'min_samples_split': 2, 'min_weight_fraction_leaf': 0.0, 'presort': False, 'random_state': None, 'splitter': 'random'}, 'training-options': {'y-key': 'Reviews', 'exclude-keys': ['Reviews', 'Reviews'], 'image-name': 'dt-exports/winequality/attempts/3314952248/cat-d-{}-{}-{}-orig-no-opt.{}'}}"
d,decision-with-opts,3314952248,0.3,1949,0.015905592611595742,0.020008795074758168,0:00:00.125969,"{'tree-options': {'class_weight': None, 'criterion': 'gini', 'max_depth': 3, 'max_leaf_nodes': 10, 'min_samples_leaf': 5, 'min_samples_split': 2, 'min_weight_fraction_leaf': 0.0, 'presort': False, 'random_state': None, 'splitter': 'random'}, 'training-options': {'y-key': 'Reviews', 'exclude-keys': ['Reviews', 'Reviews'], 'image-name': 'dt-exports/winequality/attempts/3314952248/cat-d-{}-{}-{}-orig-no-opt.{}'}}"
d,decision-with-opts,3314952248,0.25,1624,0.016009852216748777,0.019700389903550164,0:00:00.120570,"{'tree-options': {'class_weight': None, 'criterion': 'gini', 'max_depth': 3, 'max_leaf_nodes': 10, 'min_samples_leaf': 5, 'min_samples_split': 2, 'min_weight_fraction_leaf': 0.0, 'presort': False, 'random_state': None, 'splitter': 'random'}, 'training-options': {'y-key': 'Reviews', 'exclude-keys': ['Reviews', 'Reviews'], 'image-name': 'dt-exports/winequality/attempts/3314952248/cat-d-{}-{}-{}-orig-no-opt.{}'}}"
d,decision-with-opts,3314952248,0.2,1299,0.01385681293302543,0.018276260100038466,0:00:00.124347,"{'tree-options': {'class_weight': None, 'criterion': 'gini', 'max_depth': 3, 'max_leaf_nodes': 10, 'min_samples_leaf': 5, 'min_samples_split': 2, 'min_weight_fraction_leaf': 0.0, 'presort': False, 'random_state': None, 'splitter': 'random'}, 'training-options': {'y-key': 'Reviews', 'exclude-keys': ['Reviews', 'Reviews'], 'image-name': 'dt-exports/winequality/attempts/3314952248/cat-d-{}-{}-{}-orig-no-opt.{}'}}"
d,decision-with-opts,3314952248,0.15,974,0.0,0.0,0:00:00.124123,"{'tree-options': {'class_weight': None, 'criterion': 'gini', 'max_depth': 3, 'max_leaf_nodes': 10, 'min_samples_leaf': 5, 'min_samples_split': 2, 'min_weight_fraction_leaf': 0.0, 'presort': False, 'random_state': None, 'splitter': 'random'}, 'training-options': {'y-key': 'Reviews', 'exclude-keys': ['Reviews', 'Reviews'], 'image-name': 'dt-exports/winequality/attempts/3314952248/cat-d-{}-{}-{}-orig-no-opt.{}'}}"
d,decision-with-opts,3314952248,0.1,649,0.006163328197226536,0.020177838577291385,0:00:00.236148,"{'tree-options': {'class_weight': None, 'criterion': 'gini', 'max_depth': 3, 'max_leaf_nodes': 10, 'min_samples_leaf': 5, 'min_samples_split': 2, 'min_weight_fraction_leaf': 0.0, 'presort': False, 'random_state': None, 'splitter': 'random'}, 'training-options': {'y-key': 'Reviews', 'exclude-keys': ['Reviews', 'Reviews'], 'image-name': 'dt-exports/winequality/attempts/3314952248/cat-d-{}-{}-{}-orig-no-opt.{}'}}"
d,decision-with-opts,3314952248,0.05,324,0.021604938271604923,0.035801069172201494,0:00:00.114087,"{'tree-options': {'class_weight': None, 'criterion': 'gini', 'max_depth': 3, 'max_leaf_nodes': 10, 'min_samples_leaf': 5, 'min_samples_split': 2, 'min_weight_fraction_leaf': 0.0, 'presort': False, 'random_state': None, 'splitter': 'random'}, 'training-options': {'y-key': 'Reviews', 'exclude-keys': ['Reviews', 'Reviews'], 'image-name': 'dt-exports/winequality/attempts/3314952248/cat-d-{}-{}-{}-orig-no-opt.{}'}}"
d,decision-with-opts,4007862753,0.95,6172,0.0003240440699935343,0.0,0:00:00.113377,"{'tree-options': {'class_weight': None, 'criterion': 'gini', 'max_depth': 3, 'max_leaf_nodes': 10, 'min_samples_leaf': 5, 'min_samples_split': 2, 'min_weight_fraction_leaf': 0.0, 'presort': False, 'random_state': None, 'splitter': 'random'}, 'training-options': {'y-key': 'Reviews', 'exclude-keys': ['Reviews', 'Reviews'], 'image-name': 'dt-exports/winequality/attempts/4007862753/cat-d-{}-{}-{}-orig-no-opt.{}'}}"
d,decision-with-opts,4007862753,0.9,5847,0.0003420557550880554,0.0,0:00:00.115150,"{'tree-options': {'class_weight': None, 'criterion': 'gini', 'max_depth': 3, 'max_leaf_nodes': 10, 'min_samples_leaf': 5, 'min_samples_split': 2, 'min_weight_fraction_leaf': 0.0, 'presort': False, 'random_state': None, 'splitter': 'random'}, 'training-options': {'y-key': 'Reviews', 'exclude-keys': ['Reviews', 'Reviews'], 'image-name': 'dt-exports/winequality/attempts/4007862753/cat-d-{}-{}-{}-orig-no-opt.{}'}}"
d,decision-with-opts,4007862753,0.85,5522,0.0003621876131836288,0.0,0:00:00.111041,"{'tree-options': {'class_weight': None, 'criterion': 'gini', 'max_depth': 3, 'max_leaf_nodes': 10, 'min_samples_leaf': 5, 'min_samples_split': 2, 'min_weight_fraction_leaf': 0.0, 'presort': False, 'random_state': None, 'splitter': 'random'}, 'training-options': {'y-key': 'Reviews', 'exclude-keys': ['Reviews', 'Reviews'], 'image-name': 'dt-exports/winequality/attempts/4007862753/cat-d-{}-{}-{}-orig-no-opt.{}'}}"
d,decision-with-opts,4007862753,0.8,5197,0.0005772561092938222,0.0,0:00:00.115489,"{'tree-options': {'class_weight': None, 'criterion': 'gini', 'max_depth': 3, 'max_leaf_nodes': 10, 'min_samples_leaf': 5, 'min_samples_split': 2, 'min_weight_fraction_leaf': 0.0, 'presort': False, 'random_state': None, 'splitter': 'random'}, 'training-options': {'y-key': 'Reviews', 'exclude-keys': ['Reviews', 'Reviews'], 'image-name': 'dt-exports/winequality/attempts/4007862753/cat-d-{}-{}-{}-orig-no-opt.{}'}}"
d,decision-with-opts,4007862753,0.75,4872,0.0006157635467980427,0.0,0:00:00.118193,"{'tree-options': {'class_weight': None, 'criterion': 'gini', 'max_depth': 3, 'max_leaf_nodes': 10, 'min_samples_leaf': 5, 'min_samples_split': 2, 'min_weight_fraction_leaf': 0.0, 'presort': False, 'random_state': None, 'splitter': 'random'}, 'training-options': {'y-key': 'Reviews', 'exclude-keys': ['Reviews', 'Reviews'], 'image-name': 'dt-exports/winequality/attempts/4007862753/cat-d-{}-{}-{}-orig-no-opt.{}'}}"
d,decision-with-opts,4007862753,0.7,4547,0.0006597756762700691,0.0,0:00:00.118247,"{'tree-options': {'class_weight': None, 'criterion': 'gini', 'max_depth': 3, 'max_leaf_nodes': 10, 'min_samples_leaf': 5, 'min_samples_split': 2, 'min_weight_fraction_leaf': 0.0, 'presort': False, 'random_state': None, 'splitter': 'random'}, 'training-options': {'y-key': 'Reviews', 'exclude-keys': ['Reviews', 'Reviews'], 'image-name': 'dt-exports/winequality/attempts/4007862753/cat-d-{}-{}-{}-orig-no-opt.{}'}}"
d,decision-with-opts,4007862753,0.65,4223,0.0007103954534690704,0.0,0:00:00.115811,"{'tree-options': {'class_weight': None, 'criterion': 'gini', 'max_depth': 3, 'max_leaf_nodes': 10, 'min_samples_leaf': 5, 'min_samples_split': 2, 'min_weight_fraction_leaf': 0.0, 'presort': False, 'random_state': None, 'splitter': 'random'}, 'training-options': {'y-key': 'Reviews', 'exclude-keys': ['Reviews', 'Reviews'], 'image-name': 'dt-exports/winequality/attempts/4007862753/cat-d-{}-{}-{}-orig-no-opt.{}'}}"
d,decision-with-opts,4007862753,0.6,3898,0.000769625448948208,0.0,0:00:00.117696,"{'tree-options': {'class_weight': None, 'criterion': 'gini', 'max_depth': 3, 'max_leaf_nodes': 10, 'min_samples_leaf': 5, 'min_samples_split': 2, 'min_weight_fraction_leaf': 0.0, 'presort': False, 'random_state': None, 'splitter': 'random'}, 'training-options': {'y-key': 'Reviews', 'exclude-keys': ['Reviews', 'Reviews'], 'image-name': 'dt-exports/winequality/attempts/4007862753/cat-d-{}-{}-{}-orig-no-opt.{}'}}"
d,decision-with-opts,4007862753,0.55,3573,0.0008396305625524292,0.0,0:00:00.121378,"{'tree-options': {'class_weight': None, 'criterion': 'gini', 'max_depth': 3, 'max_leaf_nodes': 10, 'min_samples_leaf': 5, 'min_samples_split': 2, 'min_weight_fraction_leaf': 0.0, 'presort': False, 'random_state': None, 'splitter': 'random'}, 'training-options': {'y-key': 'Reviews', 'exclude-keys': ['Reviews', 'Reviews'], 'image-name': 'dt-exports/winequality/attempts/4007862753/cat-d-{}-{}-{}-orig-no-opt.{}'}}"
d,decision-with-opts,4007862753,0.5,3248,0.0006157635467980427,0.0003077870113881165,0:00:00.120736,"{'tree-options': {'class_weight': None, 'criterion': 'gini', 'max_depth': 3, 'max_leaf_nodes': 10, 'min_samples_leaf': 5, 'min_samples_split': 2, 'min_weight_fraction_leaf': 0.0, 'presort': False, 'random_state': None, 'splitter': 'random'}, 'training-options': {'y-key': 'Reviews', 'exclude-keys': ['Reviews', 'Reviews'], 'image-name': 'dt-exports/winequality/attempts/4007862753/cat-d-{}-{}-{}-orig-no-opt.{}'}}"
d,decision-with-opts,4007862753,0.45,2923,0.0006842285323297448,0.0002797985450475604,0:00:00.117504,"{'tree-options': {'class_weight': None, 'criterion': 'gini', 'max_depth': 3, 'max_leaf_nodes': 10, 'min_samples_leaf': 5, 'min_samples_split': 2, 'min_weight_fraction_leaf': 0.0, 'presort': False, 'random_state': None, 'splitter': 'random'}, 'training-options': {'y-key': 'Reviews', 'exclude-keys': ['Reviews', 'Reviews'], 'image-name': 'dt-exports/winequality/attempts/4007862753/cat-d-{}-{}-{}-orig-no-opt.{}'}}"
d,decision-with-opts,4007862753,0.4,2598,0.0007698229407235857,0.0002564760194921911,0:00:00.116655,"{'tree-options': {'class_weight': None, 'criterion': 'gini', 'max_depth': 3, 'max_leaf_nodes': 10, 'min_samples_leaf': 5, 'min_samples_split': 2, 'min_weight_fraction_leaf': 0.0, 'presort': False, 'random_state': None, 'splitter': 'random'}, 'training-options': {'y-key': 'Reviews', 'exclude-keys': ['Reviews', 'Reviews'], 'image-name': 'dt-exports/winequality/attempts/4007862753/cat-d-{}-{}-{}-orig-no-opt.{}'}}"
d,decision-with-opts,4007862753,0.35,2273,0.0008798944126704455,0.00023674242424243097,0:00:00.118748,"{'tree-options': {'class_weight': None, 'criterion': 'gini', 'max_depth': 3, 'max_leaf_nodes': 10, 'min_samples_leaf': 5, 'min_samples_split': 2, 'min_weight_fraction_leaf': 0.0, 'presort': False, 'random_state': None, 'splitter': 'random'}, 'training-options': {'y-key': 'Reviews', 'exclude-keys': ['Reviews', 'Reviews'], 'image-name': 'dt-exports/winequality/attempts/4007862753/cat-d-{}-{}-{}-orig-no-opt.{}'}}"
d,decision-with-opts,4007862753,0.3,1949,0.0010261672652642773,0.00021987686895341696,0:00:00.110294,"{'tree-options': {'class_weight': None, 'criterion': 'gini', 'max_depth': 3, 'max_leaf_nodes': 10, 'min_samples_leaf': 5, 'min_samples_split': 2, 'min_weight_fraction_leaf': 0.0, 'presort': False, 'random_state': None, 'splitter': 'random'}, 'training-options': {'y-key': 'Reviews', 'exclude-keys': ['Reviews', 'Reviews'], 'image-name': 'dt-exports/winequality/attempts/4007862753/cat-d-{}-{}-{}-orig-no-opt.{}'}}"
d,decision-with-opts,4007862753,0.25,1624,0.0024630541871921707,0.00533552226554479,0:00:00.110951,"{'tree-options': {'class_weight': None, 'criterion': 'gini', 'max_depth': 3, 'max_leaf_nodes': 10, 'min_samples_leaf': 5, 'min_samples_split': 2, 'min_weight_fraction_leaf': 0.0, 'presort': False, 'random_state': None, 'splitter': 'random'}, 'training-options': {'y-key': 'Reviews', 'exclude-keys': ['Reviews', 'Reviews'], 'image-name': 'dt-exports/winequality/attempts/4007862753/cat-d-{}-{}-{}-orig-no-opt.{}'}}"
d,decision-with-opts,4007862753,0.2,1299,0.002309468822170868,0.005194305502116192,0:00:00.103494,"{'tree-options': {'class_weight': None, 'criterion': 'gini', 'max_depth': 3, 'max_leaf_nodes': 10, 'min_samples_leaf': 5, 'min_samples_split': 2, 'min_weight_fraction_leaf': 0.0, 'presort': False, 'random_state': None, 'splitter': 'random'}, 'training-options': {'y-key': 'Reviews', 'exclude-keys': ['Reviews', 'Reviews'], 'image-name': 'dt-exports/winequality/attempts/4007862753/cat-d-{}-{}-{}-orig-no-opt.{}'}}"
d,decision-with-opts,4007862753,0.15,974,0.0030800821355235763,0.004888647474198815,0:00:00.104555,"{'tree-options': {'class_weight': None, 'criterion': 'gini', 'max_depth': 3, 'max_leaf_nodes': 10, 'min_samples_leaf': 5, 'min_samples_split': 2, 'min_weight_fraction_leaf': 0.0, 'presort': False, 'random_state': None, 'splitter': 'random'}, 'training-options': {'y-key': 'Reviews', 'exclude-keys': ['Reviews', 'Reviews'], 'image-name': 'dt-exports/winequality/attempts/4007862753/cat-d-{}-{}-{}-orig-no-opt.{}'}}"
d,decision-with-opts,4007862753,0.1,649,0.0030816640986132127,0.004787961696306464,0:00:00.107969,"{'tree-options': {'class_weight': None, 'criterion': 'gini', 'max_depth': 3, 'max_leaf_nodes': 10, 'min_samples_leaf': 5, 'min_samples_split': 2, 'min_weight_fraction_leaf': 0.0, 'presort': False, 'random_state': None, 'splitter': 'random'}, 'training-options': {'y-key': 'Reviews', 'exclude-keys': ['Reviews', 'Reviews'], 'image-name': 'dt-exports/winequality/attempts/4007862753/cat-d-{}-{}-{}-orig-no-opt.{}'}}"
d,decision-with-opts,4007862753,0.05,324,0.006172839506172867,0.012311679896322647,0:00:00.119969,"{'tree-options': {'class_weight': None, 'criterion': 'gini', 'max_depth': 3, 'max_leaf_nodes': 10, 'min_samples_leaf': 5, 'min_samples_split': 2, 'min_weight_fraction_leaf': 0.0, 'presort': False, 'random_state': None, 'splitter': 'random'}, 'training-options': {'y-key': 'Reviews', 'exclude-keys': ['Reviews', 'Reviews'], 'image-name': 'dt-exports/winequality/attempts/4007862753/cat-d-{}-{}-{}-orig-no-opt.{}'}}"
d,decision-with-opts,743167336,0.95,6172,0.0,0.0,0:00:00.096643,"{'tree-options': {'class_weight': None, 'criterion': 'gini', 'max_depth': 3, 'max_leaf_nodes': 10, 'min_samples_leaf': 5, 'min_samples_split': 2, 'min_weight_fraction_leaf': 0.0, 'presort': False, 'random_state': None, 'splitter': 'random'}, 'training-options': {'y-key': 'Reviews', 'exclude-keys': ['Reviews', 'Reviews'], 'image-name': 'dt-exports/winequality/attempts/743167336/cat-d-{}-{}-{}-orig-no-opt.{}'}}"
d,decision-with-opts,743167336,0.9,5847,0.0,0.0,0:00:00.097421,"{'tree-options': {'class_weight': None, 'criterion': 'gini', 'max_depth': 3, 'max_leaf_nodes': 10, 'min_samples_leaf': 5, 'min_samples_split': 2, 'min_weight_fraction_leaf': 0.0, 'presort': False, 'random_state': None, 'splitter': 'random'}, 'training-options': {'y-key': 'Reviews', 'exclude-keys': ['Reviews', 'Reviews'], 'image-name': 'dt-exports/winequality/attempts/743167336/cat-d-{}-{}-{}-orig-no-opt.{}'}}"
d,decision-with-opts,743167336,0.85,5522,0.0,0.0,0:00:00.094735,"{'tree-options': {'class_weight': None, 'criterion': 'gini', 'max_depth': 3, 'max_leaf_nodes': 10, 'min_samples_leaf': 5, 'min_samples_split': 2, 'min_weight_fraction_leaf': 0.0, 'presort': False, 'random_state': None, 'splitter': 'random'}, 'training-options': {'y-key': 'Reviews', 'exclude-keys': ['Reviews', 'Reviews'], 'image-name': 'dt-exports/winequality/attempts/743167336/cat-d-{}-{}-{}-orig-no-opt.{}'}}"
d,decision-with-opts,743167336,0.8,5197,0.0,0.0,0:00:00.095984,"{'tree-options': {'class_weight': None, 'criterion': 'gini', 'max_depth': 3, 'max_leaf_nodes': 10, 'min_samples_leaf': 5, 'min_samples_split': 2, 'min_weight_fraction_leaf': 0.0, 'presort': False, 'random_state': None, 'splitter': 'random'}, 'training-options': {'y-key': 'Reviews', 'exclude-keys': ['Reviews', 'Reviews'], 'image-name': 'dt-exports/winequality/attempts/743167336/cat-d-{}-{}-{}-orig-no-opt.{}'}}"
d,decision-with-opts,743167336,0.75,4872,0.0,0.0,0:00:00.096491,"{'tree-options': {'class_weight': None, 'criterion': 'gini', 'max_depth': 3, 'max_leaf_nodes': 10, 'min_samples_leaf': 5, 'min_samples_split': 2, 'min_weight_fraction_leaf': 0.0, 'presort': False, 'random_state': None, 'splitter': 'random'}, 'training-options': {'y-key': 'Reviews', 'exclude-keys': ['Reviews', 'Reviews'], 'image-name': 'dt-exports/winequality/attempts/743167336/cat-d-{}-{}-{}-orig-no-opt.{}'}}"
d,decision-with-opts,743167336,0.7,4547,0.0,0.0,0:00:00.097754,"{'tree-options': {'class_weight': None, 'criterion': 'gini', 'max_depth': 3, 'max_leaf_nodes': 10, 'min_samples_leaf': 5, 'min_samples_split': 2, 'min_weight_fraction_leaf': 0.0, 'presort': False, 'random_state': None, 'splitter': 'random'}, 'training-options': {'y-key': 'Reviews', 'exclude-keys': ['Reviews', 'Reviews'], 'image-name': 'dt-exports/winequality/attempts/743167336/cat-d-{}-{}-{}-orig-no-opt.{}'}}"
d,decision-with-opts,743167336,0.65,4223,0.0,0.0,0:00:00.093156,"{'tree-options': {'class_weight': None, 'criterion': 'gini', 'max_depth': 3, 'max_leaf_nodes': 10, 'min_samples_leaf': 5, 'min_samples_split': 2, 'min_weight_fraction_leaf': 0.0, 'presort': False, 'random_state': None, 'splitter': 'random'}, 'training-options': {'y-key': 'Reviews', 'exclude-keys': ['Reviews', 'Reviews'], 'image-name': 'dt-exports/winequality/attempts/743167336/cat-d-{}-{}-{}-orig-no-opt.{}'}}"
d,decision-with-opts,743167336,0.6,3898,0.0,0.0,0:00:00.097515,"{'tree-options': {'class_weight': None, 'criterion': 'gini', 'max_depth': 3, 'max_leaf_nodes': 10, 'min_samples_leaf': 5, 'min_samples_split': 2, 'min_weight_fraction_leaf': 0.0, 'presort': False, 'random_state': None, 'splitter': 'random'}, 'training-options': {'y-key': 'Reviews', 'exclude-keys': ['Reviews', 'Reviews'], 'image-name': 'dt-exports/winequality/attempts/743167336/cat-d-{}-{}-{}-orig-no-opt.{}'}}"
d,decision-with-opts,743167336,0.55,3573,0.0,0.0,0:00:00.094062,"{'tree-options': {'class_weight': None, 'criterion': 'gini', 'max_depth': 3, 'max_leaf_nodes': 10, 'min_samples_leaf': 5, 'min_samples_split': 2, 'min_weight_fraction_leaf': 0.0, 'presort': False, 'random_state': None, 'splitter': 'random'}, 'training-options': {'y-key': 'Reviews', 'exclude-keys': ['Reviews', 'Reviews'], 'image-name': 'dt-exports/winequality/attempts/743167336/cat-d-{}-{}-{}-orig-no-opt.{}'}}"
d,decision-with-opts,743167336,0.5,3248,0.0,0.0,0:00:00.096844,"{'tree-options': {'class_weight': None, 'criterion': 'gini', 'max_depth': 3, 'max_leaf_nodes': 10, 'min_samples_leaf': 5, 'min_samples_split': 2, 'min_weight_fraction_leaf': 0.0, 'presort': False, 'random_state': None, 'splitter': 'random'}, 'training-options': {'y-key': 'Reviews', 'exclude-keys': ['Reviews', 'Reviews'], 'image-name': 'dt-exports/winequality/attempts/743167336/cat-d-{}-{}-{}-orig-no-opt.{}'}}"
d,decision-with-opts,743167336,0.45,2923,0.0,0.0,0:00:00.095365,"{'tree-options': {'class_weight': None, 'criterion': 'gini', 'max_depth': 3, 'max_leaf_nodes': 10, 'min_samples_leaf': 5, 'min_samples_split': 2, 'min_weight_fraction_leaf': 0.0, 'presort': False, 'random_state': None, 'splitter': 'random'}, 'training-options': {'y-key': 'Reviews', 'exclude-keys': ['Reviews', 'Reviews'], 'image-name': 'dt-exports/winequality/attempts/743167336/cat-d-{}-{}-{}-orig-no-opt.{}'}}"
d,decision-with-opts,743167336,0.4,2598,0.0,0.0,0:00:00.094493,"{'tree-options': {'class_weight': None, 'criterion': 'gini', 'max_depth': 3, 'max_leaf_nodes': 10, 'min_samples_leaf': 5, 'min_samples_split': 2, 'min_weight_fraction_leaf': 0.0, 'presort': False, 'random_state': None, 'splitter': 'random'}, 'training-options': {'y-key': 'Reviews', 'exclude-keys': ['Reviews', 'Reviews'], 'image-name': 'dt-exports/winequality/attempts/743167336/cat-d-{}-{}-{}-orig-no-opt.{}'}}"
d,decision-with-opts,743167336,0.35,2273,0.0,0.0,0:00:00.094671,"{'tree-options': {'class_weight': None, 'criterion': 'gini', 'max_depth': 3, 'max_leaf_nodes': 10, 'min_samples_leaf': 5, 'min_samples_split': 2, 'min_weight_fraction_leaf': 0.0, 'presort': False, 'random_state': None, 'splitter': 'random'}, 'training-options': {'y-key': 'Reviews', 'exclude-keys': ['Reviews', 'Reviews'], 'image-name': 'dt-exports/winequality/attempts/743167336/cat-d-{}-{}-{}-orig-no-opt.{}'}}"
d,decision-with-opts,743167336,0.3,1949,0.0,0.0,0:00:00.338076,"{'tree-options': {'class_weight': None, 'criterion': 'gini', 'max_depth': 3, 'max_leaf_nodes': 10, 'min_samples_leaf': 5, 'min_samples_split': 2, 'min_weight_fraction_leaf': 0.0, 'presort': False, 'random_state': None, 'splitter': 'random'}, 'training-options': {'y-key': 'Reviews', 'exclude-keys': ['Reviews', 'Reviews'], 'image-name': 'dt-exports/winequality/attempts/743167336/cat-d-{}-{}-{}-orig-no-opt.{}'}}"
d,decision-with-opts,743167336,0.25,1624,0.0,0.0,0:00:00.098186,"{'tree-options': {'class_weight': None, 'criterion': 'gini', 'max_depth': 3, 'max_leaf_nodes': 10, 'min_samples_leaf': 5, 'min_samples_split': 2, 'min_weight_fraction_leaf': 0.0, 'presort': False, 'random_state': None, 'splitter': 'random'}, 'training-options': {'y-key': 'Reviews', 'exclude-keys': ['Reviews', 'Reviews'], 'image-name': 'dt-exports/winequality/attempts/743167336/cat-d-{}-{}-{}-orig-no-opt.{}'}}"
d,decision-with-opts,743167336,0.2,1299,0.0,0.0,0:00:00.094187,"{'tree-options': {'class_weight': None, 'criterion': 'gini', 'max_depth': 3, 'max_leaf_nodes': 10, 'min_samples_leaf': 5, 'min_samples_split': 2, 'min_weight_fraction_leaf': 0.0, 'presort': False, 'random_state': None, 'splitter': 'random'}, 'training-options': {'y-key': 'Reviews', 'exclude-keys': ['Reviews', 'Reviews'], 'image-name': 'dt-exports/winequality/attempts/743167336/cat-d-{}-{}-{}-orig-no-opt.{}'}}"
d,decision-with-opts,743167336,0.15,974,0.0,0.0,0:00:00.094604,"{'tree-options': {'class_weight': None, 'criterion': 'gini', 'max_depth': 3, 'max_leaf_nodes': 10, 'min_samples_leaf': 5, 'min_samples_split': 2, 'min_weight_fraction_leaf': 0.0, 'presort': False, 'random_state': None, 'splitter': 'random'}, 'training-options': {'y-key': 'Reviews', 'exclude-keys': ['Reviews', 'Reviews'], 'image-name': 'dt-exports/winequality/attempts/743167336/cat-d-{}-{}-{}-orig-no-opt.{}'}}"
d,decision-with-opts,743167336,0.1,649,0.006163328197226536,0.0044459644322845104,0:00:00.234143,"{'tree-options': {'class_weight': None, 'criterion': 'gini', 'max_depth': 3, 'max_leaf_nodes': 10, 'min_samples_leaf': 5, 'min_samples_split': 2, 'min_weight_fraction_leaf': 0.0, 'presort': False, 'random_state': None, 'splitter': 'random'}, 'training-options': {'y-key': 'Reviews', 'exclude-keys': ['Reviews', 'Reviews'], 'image-name': 'dt-exports/winequality/attempts/743167336/cat-d-{}-{}-{}-orig-no-opt.{}'}}"
d,decision-with-opts,743167336,0.05,324,0.0092592592592593,0.01247367568443225,0:00:00.106525,"{'tree-options': {'class_weight': None, 'criterion': 'gini', 'max_depth': 3, 'max_leaf_nodes': 10, 'min_samples_leaf': 5, 'min_samples_split': 2, 'min_weight_fraction_leaf': 0.0, 'presort': False, 'random_state': None, 'splitter': 'random'}, 'training-options': {'y-key': 'Reviews', 'exclude-keys': ['Reviews', 'Reviews'], 'image-name': 'dt-exports/winequality/attempts/743167336/cat-d-{}-{}-{}-orig-no-opt.{}'}}"
d,decision-with-opts,2127013315,0.95,6172,0.0,0.0,0:00:00.110900,"{'tree-options': {'class_weight': None, 'criterion': 'gini', 'max_depth': 3, 'max_leaf_nodes': 10, 'min_samples_leaf': 5, 'min_samples_split': 2, 'min_weight_fraction_leaf': 0.0, 'presort': False, 'random_state': None, 'splitter': 'random'}, 'training-options': {'y-key': 'Reviews', 'exclude-keys': ['Reviews', 'Reviews'], 'image-name': 'dt-exports/winequality/attempts/2127013315/cat-d-{}-{}-{}-orig-no-opt.{}'}}"
d,decision-with-opts,2127013315,0.9,5847,0.0,0.0,0:00:00.104826,"{'tree-options': {'class_weight': None, 'criterion': 'gini', 'max_depth': 3, 'max_leaf_nodes': 10, 'min_samples_leaf': 5, 'min_samples_split': 2, 'min_weight_fraction_leaf': 0.0, 'presort': False, 'random_state': None, 'splitter': 'random'}, 'training-options': {'y-key': 'Reviews', 'exclude-keys': ['Reviews', 'Reviews'], 'image-name': 'dt-exports/winequality/attempts/2127013315/cat-d-{}-{}-{}-orig-no-opt.{}'}}"
d,decision-with-opts,2127013315,0.85,5522,0.0,0.0,0:00:00.104190,"{'tree-options': {'class_weight': None, 'criterion': 'gini', 'max_depth': 3, 'max_leaf_nodes': 10, 'min_samples_leaf': 5, 'min_samples_split': 2, 'min_weight_fraction_leaf': 0.0, 'presort': False, 'random_state': None, 'splitter': 'random'}, 'training-options': {'y-key': 'Reviews', 'exclude-keys': ['Reviews', 'Reviews'], 'image-name': 'dt-exports/winequality/attempts/2127013315/cat-d-{}-{}-{}-orig-no-opt.{}'}}"
d,decision-with-opts,2127013315,0.8,5197,0.0,0.0,0:00:00.105944,"{'tree-options': {'class_weight': None, 'criterion': 'gini', 'max_depth': 3, 'max_leaf_nodes': 10, 'min_samples_leaf': 5, 'min_samples_split': 2, 'min_weight_fraction_leaf': 0.0, 'presort': False, 'random_state': None, 'splitter': 'random'}, 'training-options': {'y-key': 'Reviews', 'exclude-keys': ['Reviews', 'Reviews'], 'image-name': 'dt-exports/winequality/attempts/2127013315/cat-d-{}-{}-{}-orig-no-opt.{}'}}"
d,decision-with-opts,2127013315,0.75,4872,0.0,0.0,0:00:00.104745,"{'tree-options': {'class_weight': None, 'criterion': 'gini', 'max_depth': 3, 'max_leaf_nodes': 10, 'min_samples_leaf': 5, 'min_samples_split': 2, 'min_weight_fraction_leaf': 0.0, 'presort': False, 'random_state': None, 'splitter': 'random'}, 'training-options': {'y-key': 'Reviews', 'exclude-keys': ['Reviews', 'Reviews'], 'image-name': 'dt-exports/winequality/attempts/2127013315/cat-d-{}-{}-{}-orig-no-opt.{}'}}"
d,decision-with-opts,2127013315,0.7,4547,0.0,0.0,0:00:00.104049,"{'tree-options': {'class_weight': None, 'criterion': 'gini', 'max_depth': 3, 'max_leaf_nodes': 10, 'min_samples_leaf': 5, 'min_samples_split': 2, 'min_weight_fraction_leaf': 0.0, 'presort': False, 'random_state': None, 'splitter': 'random'}, 'training-options': {'y-key': 'Reviews', 'exclude-keys': ['Reviews', 'Reviews'], 'image-name': 'dt-exports/winequality/attempts/2127013315/cat-d-{}-{}-{}-orig-no-opt.{}'}}"
d,decision-with-opts,2127013315,0.65,4223,0.0,0.0,0:00:00.103979,"{'tree-options': {'class_weight': None, 'criterion': 'gini', 'max_depth': 3, 'max_leaf_nodes': 10, 'min_samples_leaf': 5, 'min_samples_split': 2, 'min_weight_fraction_leaf': 0.0, 'presort': False, 'random_state': None, 'splitter': 'random'}, 'training-options': {'y-key': 'Reviews', 'exclude-keys': ['Reviews', 'Reviews'], 'image-name': 'dt-exports/winequality/attempts/2127013315/cat-d-{}-{}-{}-orig-no-opt.{}'}}"
d,decision-with-opts,2127013315,0.6,3898,0.0,0.0,0:00:00.103756,"{'tree-options': {'class_weight': None, 'criterion': 'gini', 'max_depth': 3, 'max_leaf_nodes': 10, 'min_samples_leaf': 5, 'min_samples_split': 2, 'min_weight_fraction_leaf': 0.0, 'presort': False, 'random_state': None, 'splitter': 'random'}, 'training-options': {'y-key': 'Reviews', 'exclude-keys': ['Reviews', 'Reviews'], 'image-name': 'dt-exports/winequality/attempts/2127013315/cat-d-{}-{}-{}-orig-no-opt.{}'}}"
d,decision-with-opts,2127013315,0.55,3573,0.0,0.0,0:00:00.106006,"{'tree-options': {'class_weight': None, 'criterion': 'gini', 'max_depth': 3, 'max_leaf_nodes': 10, 'min_samples_leaf': 5, 'min_samples_split': 2, 'min_weight_fraction_leaf': 0.0, 'presort': False, 'random_state': None, 'splitter': 'random'}, 'training-options': {'y-key': 'Reviews', 'exclude-keys': ['Reviews', 'Reviews'], 'image-name': 'dt-exports/winequality/attempts/2127013315/cat-d-{}-{}-{}-orig-no-opt.{}'}}"
d,decision-with-opts,2127013315,0.5,3248,0.0,0.0,0:00:00.100819,"{'tree-options': {'class_weight': None, 'criterion': 'gini', 'max_depth': 3, 'max_leaf_nodes': 10, 'min_samples_leaf': 5, 'min_samples_split': 2, 'min_weight_fraction_leaf': 0.0, 'presort': False, 'random_state': None, 'splitter': 'random'}, 'training-options': {'y-key': 'Reviews', 'exclude-keys': ['Reviews', 'Reviews'], 'image-name': 'dt-exports/winequality/attempts/2127013315/cat-d-{}-{}-{}-orig-no-opt.{}'}}"
d,decision-with-opts,2127013315,0.45,2923,0.0,0.0,0:00:00.101445,"{'tree-options': {'class_weight': None, 'criterion': 'gini', 'max_depth': 3, 'max_leaf_nodes': 10, 'min_samples_leaf': 5, 'min_samples_split': 2, 'min_weight_fraction_leaf': 0.0, 'presort': False, 'random_state': None, 'splitter': 'random'}, 'training-options': {'y-key': 'Reviews', 'exclude-keys': ['Reviews', 'Reviews'], 'image-name': 'dt-exports/winequality/attempts/2127013315/cat-d-{}-{}-{}-orig-no-opt.{}'}}"
d,decision-with-opts,2127013315,0.4,2598,0.0,0.0,0:00:00.103239,"{'tree-options': {'class_weight': None, 'criterion': 'gini', 'max_depth': 3, 'max_leaf_nodes': 10, 'min_samples_leaf': 5, 'min_samples_split': 2, 'min_weight_fraction_leaf': 0.0, 'presort': False, 'random_state': None, 'splitter': 'random'}, 'training-options': {'y-key': 'Reviews', 'exclude-keys': ['Reviews', 'Reviews'], 'image-name': 'dt-exports/winequality/attempts/2127013315/cat-d-{}-{}-{}-orig-no-opt.{}'}}"
d,decision-with-opts,2127013315,0.35,2273,0.0,0.0,0:00:00.101527,"{'tree-options': {'class_weight': None, 'criterion': 'gini', 'max_depth': 3, 'max_leaf_nodes': 10, 'min_samples_leaf': 5, 'min_samples_split': 2, 'min_weight_fraction_leaf': 0.0, 'presort': False, 'random_state': None, 'splitter': 'random'}, 'training-options': {'y-key': 'Reviews', 'exclude-keys': ['Reviews', 'Reviews'], 'image-name': 'dt-exports/winequality/attempts/2127013315/cat-d-{}-{}-{}-orig-no-opt.{}'}}"
d,decision-with-opts,2127013315,0.3,1949,0.0,0.0,0:00:00.102930,"{'tree-options': {'class_weight': None, 'criterion': 'gini', 'max_depth': 3, 'max_leaf_nodes': 10, 'min_samples_leaf': 5, 'min_samples_split': 2, 'min_weight_fraction_leaf': 0.0, 'presort': False, 'random_state': None, 'splitter': 'random'}, 'training-options': {'y-key': 'Reviews', 'exclude-keys': ['Reviews', 'Reviews'], 'image-name': 'dt-exports/winequality/attempts/2127013315/cat-d-{}-{}-{}-orig-no-opt.{}'}}"
d,decision-with-opts,2127013315,0.25,1624,0.0024630541871921707,0.00533552226554479,0:00:00.127246,"{'tree-options': {'class_weight': None, 'criterion': 'gini', 'max_depth': 3, 'max_leaf_nodes': 10, 'min_samples_leaf': 5, 'min_samples_split': 2, 'min_weight_fraction_leaf': 0.0, 'presort': False, 'random_state': None, 'splitter': 'random'}, 'training-options': {'y-key': 'Reviews', 'exclude-keys': ['Reviews', 'Reviews'], 'image-name': 'dt-exports/winequality/attempts/2127013315/cat-d-{}-{}-{}-orig-no-opt.{}'}}"
d,decision-with-opts,2127013315,0.2,1299,0.002309468822170868,0.005194305502116192,0:00:00.134479,"{'tree-options': {'class_weight': None, 'criterion': 'gini', 'max_depth': 3, 'max_leaf_nodes': 10, 'min_samples_leaf': 5, 'min_samples_split': 2, 'min_weight_fraction_leaf': 0.0, 'presort': False, 'random_state': None, 'splitter': 'random'}, 'training-options': {'y-key': 'Reviews', 'exclude-keys': ['Reviews', 'Reviews'], 'image-name': 'dt-exports/winequality/attempts/2127013315/cat-d-{}-{}-{}-orig-no-opt.{}'}}"
d,decision-with-opts,2127013315,0.15,974,0.002053388090349051,0.005069708491761693,0:00:00.125553,"{'tree-options': {'class_weight': None, 'criterion': 'gini', 'max_depth': 3, 'max_leaf_nodes': 10, 'min_samples_leaf': 5, 'min_samples_split': 2, 'min_weight_fraction_leaf': 0.0, 'presort': False, 'random_state': None, 'splitter': 'random'}, 'training-options': {'y-key': 'Reviews', 'exclude-keys': ['Reviews', 'Reviews'], 'image-name': 'dt-exports/winequality/attempts/2127013315/cat-d-{}-{}-{}-orig-no-opt.{}'}}"
d,decision-with-opts,2127013315,0.1,649,0.0015408320493066618,0.00495896032831733,0:00:00.114145,"{'tree-options': {'class_weight': None, 'criterion': 'gini', 'max_depth': 3, 'max_leaf_nodes': 10, 'min_samples_leaf': 5, 'min_samples_split': 2, 'min_weight_fraction_leaf': 0.0, 'presort': False, 'random_state': None, 'splitter': 'random'}, 'training-options': {'y-key': 'Reviews', 'exclude-keys': ['Reviews', 'Reviews'], 'image-name': 'dt-exports/winequality/attempts/2127013315/cat-d-{}-{}-{}-orig-no-opt.{}'}}"
d,decision-with-opts,2127013315,0.05,324,0.0,0.0048598736432853284,0:00:00.093069,"{'tree-options': {'class_weight': None, 'criterion': 'gini', 'max_depth': 3, 'max_leaf_nodes': 10, 'min_samples_leaf': 5, 'min_samples_split': 2, 'min_weight_fraction_leaf': 0.0, 'presort': False, 'random_state': None, 'splitter': 'random'}, 'training-options': {'y-key': 'Reviews', 'exclude-keys': ['Reviews', 'Reviews'], 'image-name': 'dt-exports/winequality/attempts/2127013315/cat-d-{}-{}-{}-orig-no-opt.{}'}}"
d,decision-with-opts,3689497746,0.95,6172,0.0,0.0,0:00:00.102557,"{'tree-options': {'class_weight': None, 'criterion': 'gini', 'max_depth': 3, 'max_leaf_nodes': 10, 'min_samples_leaf': 5, 'min_samples_split': 2, 'min_weight_fraction_leaf': 0.0, 'presort': False, 'random_state': None, 'splitter': 'random'}, 'training-options': {'y-key': 'Reviews', 'exclude-keys': ['Reviews', 'Reviews'], 'image-name': 'dt-exports/winequality/attempts/3689497746/cat-d-{}-{}-{}-orig-no-opt.{}'}}"
d,decision-with-opts,3689497746,0.9,5847,0.0,0.0,0:00:00.104746,"{'tree-options': {'class_weight': None, 'criterion': 'gini', 'max_depth': 3, 'max_leaf_nodes': 10, 'min_samples_leaf': 5, 'min_samples_split': 2, 'min_weight_fraction_leaf': 0.0, 'presort': False, 'random_state': None, 'splitter': 'random'}, 'training-options': {'y-key': 'Reviews', 'exclude-keys': ['Reviews', 'Reviews'], 'image-name': 'dt-exports/winequality/attempts/3689497746/cat-d-{}-{}-{}-orig-no-opt.{}'}}"
d,decision-with-opts,3689497746,0.85,5522,0.0,0.0,0:00:00.105042,"{'tree-options': {'class_weight': None, 'criterion': 'gini', 'max_depth': 3, 'max_leaf_nodes': 10, 'min_samples_leaf': 5, 'min_samples_split': 2, 'min_weight_fraction_leaf': 0.0, 'presort': False, 'random_state': None, 'splitter': 'random'}, 'training-options': {'y-key': 'Reviews', 'exclude-keys': ['Reviews', 'Reviews'], 'image-name': 'dt-exports/winequality/attempts/3689497746/cat-d-{}-{}-{}-orig-no-opt.{}'}}"
d,decision-with-opts,3689497746,0.8,5197,0.0,0.0,0:00:00.103732,"{'tree-options': {'class_weight': None, 'criterion': 'gini', 'max_depth': 3, 'max_leaf_nodes': 10, 'min_samples_leaf': 5, 'min_samples_split': 2, 'min_weight_fraction_leaf': 0.0, 'presort': False, 'random_state': None, 'splitter': 'random'}, 'training-options': {'y-key': 'Reviews', 'exclude-keys': ['Reviews', 'Reviews'], 'image-name': 'dt-exports/winequality/attempts/3689497746/cat-d-{}-{}-{}-orig-no-opt.{}'}}"
d,decision-with-opts,3689497746,0.75,4872,0.0,0.0,0:00:00.107906,"{'tree-options': {'class_weight': None, 'criterion': 'gini', 'max_depth': 3, 'max_leaf_nodes': 10, 'min_samples_leaf': 5, 'min_samples_split': 2, 'min_weight_fraction_leaf': 0.0, 'presort': False, 'random_state': None, 'splitter': 'random'}, 'training-options': {'y-key': 'Reviews', 'exclude-keys': ['Reviews', 'Reviews'], 'image-name': 'dt-exports/winequality/attempts/3689497746/cat-d-{}-{}-{}-orig-no-opt.{}'}}"
d,decision-with-opts,3689497746,0.7,4547,0.0,0.0,0:00:00.105715,"{'tree-options': {'class_weight': None, 'criterion': 'gini', 'max_depth': 3, 'max_leaf_nodes': 10, 'min_samples_leaf': 5, 'min_samples_split': 2, 'min_weight_fraction_leaf': 0.0, 'presort': False, 'random_state': None, 'splitter': 'random'}, 'training-options': {'y-key': 'Reviews', 'exclude-keys': ['Reviews', 'Reviews'], 'image-name': 'dt-exports/winequality/attempts/3689497746/cat-d-{}-{}-{}-orig-no-opt.{}'}}"
d,decision-with-opts,3689497746,0.65,4223,0.0,0.0,0:00:00.104685,"{'tree-options': {'class_weight': None, 'criterion': 'gini', 'max_depth': 3, 'max_leaf_nodes': 10, 'min_samples_leaf': 5, 'min_samples_split': 2, 'min_weight_fraction_leaf': 0.0, 'presort': False, 'random_state': None, 'splitter': 'random'}, 'training-options': {'y-key': 'Reviews', 'exclude-keys': ['Reviews', 'Reviews'], 'image-name': 'dt-exports/winequality/attempts/3689497746/cat-d-{}-{}-{}-orig-no-opt.{}'}}"
d,decision-with-opts,3689497746,0.6,3898,0.0,0.0,0:00:00.107546,"{'tree-options': {'class_weight': None, 'criterion': 'gini', 'max_depth': 3, 'max_leaf_nodes': 10, 'min_samples_leaf': 5, 'min_samples_split': 2, 'min_weight_fraction_leaf': 0.0, 'presort': False, 'random_state': None, 'splitter': 'random'}, 'training-options': {'y-key': 'Reviews', 'exclude-keys': ['Reviews', 'Reviews'], 'image-name': 'dt-exports/winequality/attempts/3689497746/cat-d-{}-{}-{}-orig-no-opt.{}'}}"
d,decision-with-opts,3689497746,0.55,3573,0.0,0.0,0:00:00.103767,"{'tree-options': {'class_weight': None, 'criterion': 'gini', 'max_depth': 3, 'max_leaf_nodes': 10, 'min_samples_leaf': 5, 'min_samples_split': 2, 'min_weight_fraction_leaf': 0.0, 'presort': False, 'random_state': None, 'splitter': 'random'}, 'training-options': {'y-key': 'Reviews', 'exclude-keys': ['Reviews', 'Reviews'], 'image-name': 'dt-exports/winequality/attempts/3689497746/cat-d-{}-{}-{}-orig-no-opt.{}'}}"
d,decision-with-opts,3689497746,0.5,3248,0.001847290640394128,0.001231148045552466,0:00:00.134792,"{'tree-options': {'class_weight': None, 'criterion': 'gini', 'max_depth': 3, 'max_leaf_nodes': 10, 'min_samples_leaf': 5, 'min_samples_split': 2, 'min_weight_fraction_leaf': 0.0, 'presort': False, 'random_state': None, 'splitter': 'random'}, 'training-options': {'y-key': 'Reviews', 'exclude-keys': ['Reviews', 'Reviews'], 'image-name': 'dt-exports/winequality/attempts/3689497746/cat-d-{}-{}-{}-orig-no-opt.{}'}}"
d,decision-with-opts,3689497746,0.45,2923,0.0,0.0,0:00:00.107784,"{'tree-options': {'class_weight': None, 'criterion': 'gini', 'max_depth': 3, 'max_leaf_nodes': 10, 'min_samples_leaf': 5, 'min_samples_split': 2, 'min_weight_fraction_leaf': 0.0, 'presort': False, 'random_state': None, 'splitter': 'random'}, 'training-options': {'y-key': 'Reviews', 'exclude-keys': ['Reviews', 'Reviews'], 'image-name': 'dt-exports/winequality/attempts/3689497746/cat-d-{}-{}-{}-orig-no-opt.{}'}}"
d,decision-with-opts,3689497746,0.4,2598,0.0,0.0,0:00:00.104971,"{'tree-options': {'class_weight': None, 'criterion': 'gini', 'max_depth': 3, 'max_leaf_nodes': 10, 'min_samples_leaf': 5, 'min_samples_split': 2, 'min_weight_fraction_leaf': 0.0, 'presort': False, 'random_state': None, 'splitter': 'random'}, 'training-options': {'y-key': 'Reviews', 'exclude-keys': ['Reviews', 'Reviews'], 'image-name': 'dt-exports/winequality/attempts/3689497746/cat-d-{}-{}-{}-orig-no-opt.{}'}}"
d,decision-with-opts,3689497746,0.35,2273,0.005719313682358118,0.006865530303030276,0:00:00.135776,"{'tree-options': {'class_weight': None, 'criterion': 'gini', 'max_depth': 3, 'max_leaf_nodes': 10, 'min_samples_leaf': 5, 'min_samples_split': 2, 'min_weight_fraction_leaf': 0.0, 'presort': False, 'random_state': None, 'splitter': 'random'}, 'training-options': {'y-key': 'Reviews', 'exclude-keys': ['Reviews', 'Reviews'], 'image-name': 'dt-exports/winequality/attempts/3689497746/cat-d-{}-{}-{}-orig-no-opt.{}'}}"
d,decision-with-opts,3689497746,0.3,1949,0.004617752693689026,0.00461741424802109,0:00:00.126470,"{'tree-options': {'class_weight': None, 'criterion': 'gini', 'max_depth': 3, 'max_leaf_nodes': 10, 'min_samples_leaf': 5, 'min_samples_split': 2, 'min_weight_fraction_leaf': 0.0, 'presort': False, 'random_state': None, 'splitter': 'random'}, 'training-options': {'y-key': 'Reviews', 'exclude-keys': ['Reviews', 'Reviews'], 'image-name': 'dt-exports/winequality/attempts/3689497746/cat-d-{}-{}-{}-orig-no-opt.{}'}}"
d,decision-with-opts,3689497746,0.25,1624,0.004310344827586188,0.004719885081058917,0:00:00.128807,"{'tree-options': {'class_weight': None, 'criterion': 'gini', 'max_depth': 3, 'max_leaf_nodes': 10, 'min_samples_leaf': 5, 'min_samples_split': 2, 'min_weight_fraction_leaf': 0.0, 'presort': False, 'random_state': None, 'splitter': 'random'}, 'training-options': {'y-key': 'Reviews', 'exclude-keys': ['Reviews', 'Reviews'], 'image-name': 'dt-exports/winequality/attempts/3689497746/cat-d-{}-{}-{}-orig-no-opt.{}'}}"
d,decision-with-opts,3689497746,0.2,1299,0.0,0.0,0:00:00.106751,"{'tree-options': {'class_weight': None, 'criterion': 'gini', 'max_depth': 3, 'max_leaf_nodes': 10, 'min_samples_leaf': 5, 'min_samples_split': 2, 'min_weight_fraction_leaf': 0.0, 'presort': False, 'random_state': None, 'splitter': 'random'}, 'training-options': {'y-key': 'Reviews', 'exclude-keys': ['Reviews', 'Reviews'], 'image-name': 'dt-exports/winequality/attempts/3689497746/cat-d-{}-{}-{}-orig-no-opt.{}'}}"
d,decision-with-opts,3689497746,0.15,974,0.004106776180698102,0.004707586456635937,0:00:00.119430,"{'tree-options': {'class_weight': None, 'criterion': 'gini', 'max_depth': 3, 'max_leaf_nodes': 10, 'min_samples_leaf': 5, 'min_samples_split': 2, 'min_weight_fraction_leaf': 0.0, 'presort': False, 'random_state': None, 'splitter': 'random'}, 'training-options': {'y-key': 'Reviews', 'exclude-keys': ['Reviews', 'Reviews'], 'image-name': 'dt-exports/winequality/attempts/3689497746/cat-d-{}-{}-{}-orig-no-opt.{}'}}"
d,decision-with-opts,3689497746,0.1,649,0.0046224961479198745,0.004616963064295487,0:00:00.116680,"{'tree-options': {'class_weight': None, 'criterion': 'gini', 'max_depth': 3, 'max_leaf_nodes': 10, 'min_samples_leaf': 5, 'min_samples_split': 2, 'min_weight_fraction_leaf': 0.0, 'presort': False, 'random_state': None, 'splitter': 'random'}, 'training-options': {'y-key': 'Reviews', 'exclude-keys': ['Reviews', 'Reviews'], 'image-name': 'dt-exports/winequality/attempts/3689497746/cat-d-{}-{}-{}-orig-no-opt.{}'}}"
d,decision-with-opts,3689497746,0.05,324,0.0030864197530864335,0.004697877855175725,0:00:00.109776,"{'tree-options': {'class_weight': None, 'criterion': 'gini', 'max_depth': 3, 'max_leaf_nodes': 10, 'min_samples_leaf': 5, 'min_samples_split': 2, 'min_weight_fraction_leaf': 0.0, 'presort': False, 'random_state': None, 'splitter': 'random'}, 'training-options': {'y-key': 'Reviews', 'exclude-keys': ['Reviews', 'Reviews'], 'image-name': 'dt-exports/winequality/attempts/3689497746/cat-d-{}-{}-{}-orig-no-opt.{}'}}"
d,decision-with-opts,409704764,0.95,6172,0.03046014257939078,0.03076923076923077,0:00:00.128652,"{'tree-options': {'class_weight': None, 'criterion': 'gini', 'max_depth': 3, 'max_leaf_nodes': 10, 'min_samples_leaf': 5, 'min_samples_split': 2, 'min_weight_fraction_leaf': 0.0, 'presort': False, 'random_state': None, 'splitter': 'random'}, 'training-options': {'y-key': 'Reviews', 'exclude-keys': ['Reviews', 'Reviews'], 'image-name': 'dt-exports/winequality/attempts/409704764/cat-d-{}-{}-{}-orig-no-opt.{}'}}"
d,decision-with-opts,409704764,0.9,5847,0.030785017957927097,0.027692307692307683,0:00:00.126317,"{'tree-options': {'class_weight': None, 'criterion': 'gini', 'max_depth': 3, 'max_leaf_nodes': 10, 'min_samples_leaf': 5, 'min_samples_split': 2, 'min_weight_fraction_leaf': 0.0, 'presort': False, 'random_state': None, 'splitter': 'random'}, 'training-options': {'y-key': 'Reviews', 'exclude-keys': ['Reviews', 'Reviews'], 'image-name': 'dt-exports/winequality/attempts/409704764/cat-d-{}-{}-{}-orig-no-opt.{}'}}"
d,decision-with-opts,409704764,0.85,5522,0.018290474465773254,0.019487179487179485,0:00:00.126569,"{'tree-options': {'class_weight': None, 'criterion': 'gini', 'max_depth': 3, 'max_leaf_nodes': 10, 'min_samples_leaf': 5, 'min_samples_split': 2, 'min_weight_fraction_leaf': 0.0, 'presort': False, 'random_state': None, 'splitter': 'random'}, 'training-options': {'y-key': 'Reviews', 'exclude-keys': ['Reviews', 'Reviews'], 'image-name': 'dt-exports/winequality/attempts/409704764/cat-d-{}-{}-{}-orig-no-opt.{}'}}"
d,decision-with-opts,409704764,0.8,5197,0.01808735809120643,0.020000000000000018,0:00:00.125164,"{'tree-options': {'class_weight': None, 'criterion': 'gini', 'max_depth': 3, 'max_leaf_nodes': 10, 'min_samples_leaf': 5, 'min_samples_split': 2, 'min_weight_fraction_leaf': 0.0, 'presort': False, 'random_state': None, 'splitter': 'random'}, 'training-options': {'y-key': 'Reviews', 'exclude-keys': ['Reviews', 'Reviews'], 'image-name': 'dt-exports/winequality/attempts/409704764/cat-d-{}-{}-{}-orig-no-opt.{}'}}"
d,decision-with-opts,409704764,0.75,4872,0.018472906403940836,0.018461538461538418,0:00:00.127434,"{'tree-options': {'class_weight': None, 'criterion': 'gini', 'max_depth': 3, 'max_leaf_nodes': 10, 'min_samples_leaf': 5, 'min_samples_split': 2, 'min_weight_fraction_leaf': 0.0, 'presort': False, 'random_state': None, 'splitter': 'random'}, 'training-options': {'y-key': 'Reviews', 'exclude-keys': ['Reviews', 'Reviews'], 'image-name': 'dt-exports/winequality/attempts/409704764/cat-d-{}-{}-{}-orig-no-opt.{}'}}"
d,decision-with-opts,409704764,0.7,4547,0.030349681108423177,0.03076923076923077,0:00:00.125876,"{'tree-options': {'class_weight': None, 'criterion': 'gini', 'max_depth': 3, 'max_leaf_nodes': 10, 'min_samples_leaf': 5, 'min_samples_split': 2, 'min_weight_fraction_leaf': 0.0, 'presort': False, 'random_state': None, 'splitter': 'random'}, 'training-options': {'y-key': 'Reviews', 'exclude-keys': ['Reviews', 'Reviews'], 'image-name': 'dt-exports/winequality/attempts/409704764/cat-d-{}-{}-{}-orig-no-opt.{}'}}"
d,decision-with-opts,409704764,0.65,4223,0.03007340753019183,0.03122251539138088,0:00:00.124834,"{'tree-options': {'class_weight': None, 'criterion': 'gini', 'max_depth': 3, 'max_leaf_nodes': 10, 'min_samples_leaf': 5, 'min_samples_split': 2, 'min_weight_fraction_leaf': 0.0, 'presort': False, 'random_state': None, 'splitter': 'random'}, 'training-options': {'y-key': 'Reviews', 'exclude-keys': ['Reviews', 'Reviews'], 'image-name': 'dt-exports/winequality/attempts/409704764/cat-d-{}-{}-{}-orig-no-opt.{}'}}"
d,decision-with-opts,409704764,0.6,3898,0.031041559774243166,0.029626779530588676,0:00:00.125537,"{'tree-options': {'class_weight': None, 'criterion': 'gini', 'max_depth': 3, 'max_leaf_nodes': 10, 'min_samples_leaf': 5, 'min_samples_split': 2, 'min_weight_fraction_leaf': 0.0, 'presort': False, 'random_state': None, 'splitter': 'random'}, 'training-options': {'y-key': 'Reviews', 'exclude-keys': ['Reviews', 'Reviews'], 'image-name': 'dt-exports/winequality/attempts/409704764/cat-d-{}-{}-{}-orig-no-opt.{}'}}"
d,decision-with-opts,409704764,0.55,3573,0.030506577106073296,0.030437756497948,0:00:00.126020,"{'tree-options': {'class_weight': None, 'criterion': 'gini', 'max_depth': 3, 'max_leaf_nodes': 10, 'min_samples_leaf': 5, 'min_samples_split': 2, 'min_weight_fraction_leaf': 0.0, 'presort': False, 'random_state': None, 'splitter': 'random'}, 'training-options': {'y-key': 'Reviews', 'exclude-keys': ['Reviews', 'Reviews'], 'image-name': 'dt-exports/winequality/attempts/409704764/cat-d-{}-{}-{}-orig-no-opt.{}'}}"
d,decision-with-opts,409704764,0.5,3248,0.032327586206896575,0.028624192059095055,0:00:00.125079,"{'tree-options': {'class_weight': None, 'criterion': 'gini', 'max_depth': 3, 'max_leaf_nodes': 10, 'min_samples_leaf': 5, 'min_samples_split': 2, 'min_weight_fraction_leaf': 0.0, 'presort': False, 'random_state': None, 'splitter': 'random'}, 'training-options': {'y-key': 'Reviews', 'exclude-keys': ['Reviews', 'Reviews'], 'image-name': 'dt-exports/winequality/attempts/409704764/cat-d-{}-{}-{}-orig-no-opt.{}'}}"
d,decision-with-opts,409704764,0.45,2923,0.03352719808416016,0.027979854504756596,0:00:00.123192,"{'tree-options': {'class_weight': None, 'criterion': 'gini', 'max_depth': 3, 'max_leaf_nodes': 10, 'min_samples_leaf': 5, 'min_samples_split': 2, 'min_weight_fraction_leaf': 0.0, 'presort': False, 'random_state': None, 'splitter': 'random'}, 'training-options': {'y-key': 'Reviews', 'exclude-keys': ['Reviews', 'Reviews'], 'image-name': 'dt-exports/winequality/attempts/409704764/cat-d-{}-{}-{}-orig-no-opt.{}'}}"
d,decision-with-opts,409704764,0.4,2598,0.03425712086220167,0.02795588612464739,0:00:00.122329,"{'tree-options': {'class_weight': None, 'criterion': 'gini', 'max_depth': 3, 'max_leaf_nodes': 10, 'min_samples_leaf': 5, 'min_samples_split': 2, 'min_weight_fraction_leaf': 0.0, 'presort': False, 'random_state': None, 'splitter': 'random'}, 'training-options': {'y-key': 'Reviews', 'exclude-keys': ['Reviews', 'Reviews'], 'image-name': 'dt-exports/winequality/attempts/409704764/cat-d-{}-{}-{}-orig-no-opt.{}'}}"
d,decision-with-opts,409704764,0.35,2273,0.03475582930048393,0.029592803030302983,0:00:00.125849,"{'tree-options': {'class_weight': None, 'criterion': 'gini', 'max_depth': 3, 'max_leaf_nodes': 10, 'min_samples_leaf': 5, 'min_samples_split': 2, 'min_weight_fraction_leaf': 0.0, 'presort': False, 'random_state': None, 'splitter': 'random'}, 'training-options': {'y-key': 'Reviews', 'exclude-keys': ['Reviews', 'Reviews'], 'image-name': 'dt-exports/winequality/attempts/409704764/cat-d-{}-{}-{}-orig-no-opt.{}'}}"
d,decision-with-opts,409704764,0.3,1949,0.037968188814776815,0.028583992963940208,0:00:00.125169,"{'tree-options': {'class_weight': None, 'criterion': 'gini', 'max_depth': 3, 'max_leaf_nodes': 10, 'min_samples_leaf': 5, 'min_samples_split': 2, 'min_weight_fraction_leaf': 0.0, 'presort': False, 'random_state': None, 'splitter': 'random'}, 'training-options': {'y-key': 'Reviews', 'exclude-keys': ['Reviews', 'Reviews'], 'image-name': 'dt-exports/winequality/attempts/409704764/cat-d-{}-{}-{}-orig-no-opt.{}'}}"
d,decision-with-opts,409704764,0.25,1624,0.035098522167487656,0.028934947670839373,0:00:00.128288,"{'tree-options': {'class_weight': None, 'criterion': 'gini', 'max_depth': 3, 'max_leaf_nodes': 10, 'min_samples_leaf': 5, 'min_samples_split': 2, 'min_weight_fraction_leaf': 0.0, 'presort': False, 'random_state': None, 'splitter': 'random'}, 'training-options': {'y-key': 'Reviews', 'exclude-keys': ['Reviews', 'Reviews'], 'image-name': 'dt-exports/winequality/attempts/409704764/cat-d-{}-{}-{}-orig-no-opt.{}'}}"
d,decision-with-opts,409704764,0.2,1299,0.03772132409545803,0.02866487110427085,0:00:00.127489,"{'tree-options': {'class_weight': None, 'criterion': 'gini', 'max_depth': 3, 'max_leaf_nodes': 10, 'min_samples_leaf': 5, 'min_samples_split': 2, 'min_weight_fraction_leaf': 0.0, 'presort': False, 'random_state': None, 'splitter': 'random'}, 'training-options': {'y-key': 'Reviews', 'exclude-keys': ['Reviews', 'Reviews'], 'image-name': 'dt-exports/winequality/attempts/409704764/cat-d-{}-{}-{}-orig-no-opt.{}'}}"
d,decision-with-opts,409704764,0.15,974,0.0030800821355235763,0.0038022813688213253,0:00:00.127608,"{'tree-options': {'class_weight': None, 'criterion': 'gini', 'max_depth': 3, 'max_leaf_nodes': 10, 'min_samples_leaf': 5, 'min_samples_split': 2, 'min_weight_fraction_leaf': 0.0, 'presort': False, 'random_state': None, 'splitter': 'random'}, 'training-options': {'y-key': 'Reviews', 'exclude-keys': ['Reviews', 'Reviews'], 'image-name': 'dt-exports/winequality/attempts/409704764/cat-d-{}-{}-{}-orig-no-opt.{}'}}"
d,decision-with-opts,409704764,0.1,649,0.018489984591679498,0.011285909712722253,0:00:00.121401,"{'tree-options': {'class_weight': None, 'criterion': 'gini', 'max_depth': 3, 'max_leaf_nodes': 10, 'min_samples_leaf': 5, 'min_samples_split': 2, 'min_weight_fraction_leaf': 0.0, 'presort': False, 'random_state': None, 'splitter': 'random'}, 'training-options': {'y-key': 'Reviews', 'exclude-keys': ['Reviews', 'Reviews'], 'image-name': 'dt-exports/winequality/attempts/409704764/cat-d-{}-{}-{}-orig-no-opt.{}'}}"
d,decision-with-opts,409704764,0.05,324,0.04938271604938271,0.03434310707921595,0:00:00.139894,"{'tree-options': {'class_weight': None, 'criterion': 'gini', 'max_depth': 3, 'max_leaf_nodes': 10, 'min_samples_leaf': 5, 'min_samples_split': 2, 'min_weight_fraction_leaf': 0.0, 'presort': False, 'random_state': None, 'splitter': 'random'}, 'training-options': {'y-key': 'Reviews', 'exclude-keys': ['Reviews', 'Reviews'], 'image-name': 'dt-exports/winequality/attempts/409704764/cat-d-{}-{}-{}-orig-no-opt.{}'}}"
d,decision-with-opts,503450766,0.95,6172,0.02883992222942322,0.03384615384615386,0:00:00.756429,"{'tree-options': {'class_weight': None, 'criterion': 'gini', 'max_depth': 3, 'max_leaf_nodes': 10, 'min_samples_leaf': 5, 'min_samples_split': 2, 'min_weight_fraction_leaf': 0.0, 'presort': False, 'random_state': None, 'splitter': 'random'}, 'training-options': {'y-key': 'Reviews', 'exclude-keys': ['Reviews', 'Reviews'], 'image-name': 'dt-exports/winequality/attempts/503450766/cat-d-{}-{}-{}-orig-no-opt.{}'}}"
d,decision-with-opts,503450766,0.9,5847,0.028903711304942736,0.03076923076923077,0:00:00.139817,"{'tree-options': {'class_weight': None, 'criterion': 'gini', 'max_depth': 3, 'max_leaf_nodes': 10, 'min_samples_leaf': 5, 'min_samples_split': 2, 'min_weight_fraction_leaf': 0.0, 'presort': False, 'random_state': None, 'splitter': 'random'}, 'training-options': {'y-key': 'Reviews', 'exclude-keys': ['Reviews', 'Reviews'], 'image-name': 'dt-exports/winequality/attempts/503450766/cat-d-{}-{}-{}-orig-no-opt.{}'}}"
d,decision-with-opts,503450766,0.85,5522,0.029518290474465747,0.026666666666666616,0:00:00.136970,"{'tree-options': {'class_weight': None, 'criterion': 'gini', 'max_depth': 3, 'max_leaf_nodes': 10, 'min_samples_leaf': 5, 'min_samples_split': 2, 'min_weight_fraction_leaf': 0.0, 'presort': False, 'random_state': None, 'splitter': 'random'}, 'training-options': {'y-key': 'Reviews', 'exclude-keys': ['Reviews', 'Reviews'], 'image-name': 'dt-exports/winequality/attempts/503450766/cat-d-{}-{}-{}-orig-no-opt.{}'}}"
d,decision-with-opts,503450766,0.8,5197,0.0051953049836444,0.002307692307692344,0:00:00.110387,"{'tree-options': {'class_weight': None, 'criterion': 'gini', 'max_depth': 3, 'max_leaf_nodes': 10, 'min_samples_leaf': 5, 'min_samples_split': 2, 'min_weight_fraction_leaf': 0.0, 'presort': False, 'random_state': None, 'splitter': 'random'}, 'training-options': {'y-key': 'Reviews', 'exclude-keys': ['Reviews', 'Reviews'], 'image-name': 'dt-exports/winequality/attempts/503450766/cat-d-{}-{}-{}-orig-no-opt.{}'}}"
d,decision-with-opts,503450766,0.75,4872,0.005541871921182273,0.0018461538461538307,0:00:00.116016,"{'tree-options': {'class_weight': None, 'criterion': 'gini', 'max_depth': 3, 'max_leaf_nodes': 10, 'min_samples_leaf': 5, 'min_samples_split': 2, 'min_weight_fraction_leaf': 0.0, 'presort': False, 'random_state': None, 'splitter': 'random'}, 'training-options': {'y-key': 'Reviews', 'exclude-keys': ['Reviews', 'Reviews'], 'image-name': 'dt-exports/winequality/attempts/503450766/cat-d-{}-{}-{}-orig-no-opt.{}'}}"
d,decision-with-opts,503450766,0.7,4547,0.031009456784693246,0.024615384615384595,0:00:00.139548,"{'tree-options': {'class_weight': None, 'criterion': 'gini', 'max_depth': 3, 'max_leaf_nodes': 10, 'min_samples_leaf': 5, 'min_samples_split': 2, 'min_weight_fraction_leaf': 0.0, 'presort': False, 'random_state': None, 'splitter': 'random'}, 'training-options': {'y-key': 'Reviews', 'exclude-keys': ['Reviews', 'Reviews'], 'image-name': 'dt-exports/winequality/attempts/503450766/cat-d-{}-{}-{}-orig-no-opt.{}'}}"
d,decision-with-opts,503450766,0.65,4223,0.005919962112242438,0.0021987686895338365,0:00:00.111724,"{'tree-options': {'class_weight': None, 'criterion': 'gini', 'max_depth': 3, 'max_leaf_nodes': 10, 'min_samples_leaf': 5, 'min_samples_split': 2, 'min_weight_fraction_leaf': 0.0, 'presort': False, 'random_state': None, 'splitter': 'random'}, 'training-options': {'y-key': 'Reviews', 'exclude-keys': ['Reviews', 'Reviews'], 'image-name': 'dt-exports/winequality/attempts/503450766/cat-d-{}-{}-{}-orig-no-opt.{}'}}"
d,decision-with-opts,503450766,0.6,3898,0.025654181631605932,0.03078106964217009,0:00:00.143174,"{'tree-options': {'class_weight': None, 'criterion': 'gini', 'max_depth': 3, 'max_leaf_nodes': 10, 'min_samples_leaf': 5, 'min_samples_split': 2, 'min_weight_fraction_leaf': 0.0, 'presort': False, 'random_state': None, 'splitter': 'random'}, 'training-options': {'y-key': 'Reviews', 'exclude-keys': ['Reviews', 'Reviews'], 'image-name': 'dt-exports/winequality/attempts/503450766/cat-d-{}-{}-{}-orig-no-opt.{}'}}"
d,decision-with-opts,503450766,0.55,3573,0.012594458438287104,0.014705882352941124,0:00:00.142168,"{'tree-options': {'class_weight': None, 'criterion': 'gini', 'max_depth': 3, 'max_leaf_nodes': 10, 'min_samples_leaf': 5, 'min_samples_split': 2, 'min_weight_fraction_leaf': 0.0, 'presort': False, 'random_state': None, 'splitter': 'random'}, 'training-options': {'y-key': 'Reviews', 'exclude-keys': ['Reviews', 'Reviews'], 'image-name': 'dt-exports/winequality/attempts/503450766/cat-d-{}-{}-{}-orig-no-opt.{}'}}"
d,decision-with-opts,503450766,0.5,3248,0.030788177339901468,0.03077870113881198,0:00:00.136051,"{'tree-options': {'class_weight': None, 'criterion': 'gini', 'max_depth': 3, 'max_leaf_nodes': 10, 'min_samples_leaf': 5, 'min_samples_split': 2, 'min_weight_fraction_leaf': 0.0, 'presort': False, 'random_state': None, 'splitter': 'random'}, 'training-options': {'y-key': 'Reviews', 'exclude-keys': ['Reviews', 'Reviews'], 'image-name': 'dt-exports/winequality/attempts/503450766/cat-d-{}-{}-{}-orig-no-opt.{}'}}"
d,decision-with-opts,503450766,0.45,2923,0.0006842285323297448,0.0002797985450475604,0:00:00.126986,"{'tree-options': {'class_weight': None, 'criterion': 'gini', 'max_depth': 3, 'max_leaf_nodes': 10, 'min_samples_leaf': 5, 'min_samples_split': 2, 'min_weight_fraction_leaf': 0.0, 'presort': False, 'random_state': None, 'splitter': 'random'}, 'training-options': {'y-key': 'Reviews', 'exclude-keys': ['Reviews', 'Reviews'], 'image-name': 'dt-exports/winequality/attempts/503450766/cat-d-{}-{}-{}-orig-no-opt.{}'}}"
d,decision-with-opts,503450766,0.4,2598,0.0007698229407235857,0.0002564760194921911,0:00:00.127766,"{'tree-options': {'class_weight': None, 'criterion': 'gini', 'max_depth': 3, 'max_leaf_nodes': 10, 'min_samples_leaf': 5, 'min_samples_split': 2, 'min_weight_fraction_leaf': 0.0, 'presort': False, 'random_state': None, 'splitter': 'random'}, 'training-options': {'y-key': 'Reviews', 'exclude-keys': ['Reviews', 'Reviews'], 'image-name': 'dt-exports/winequality/attempts/503450766/cat-d-{}-{}-{}-orig-no-opt.{}'}}"
d,decision-with-opts,503450766,0.35,2273,0.0004399472063352228,0.00047348484848486194,0:00:00.124709,"{'tree-options': {'class_weight': None, 'criterion': 'gini', 'max_depth': 3, 'max_leaf_nodes': 10, 'min_samples_leaf': 5, 'min_samples_split': 2, 'min_weight_fraction_leaf': 0.0, 'presort': False, 'random_state': None, 'splitter': 'random'}, 'training-options': {'y-key': 'Reviews', 'exclude-keys': ['Reviews', 'Reviews'], 'image-name': 'dt-exports/winequality/attempts/503450766/cat-d-{}-{}-{}-orig-no-opt.{}'}}"
d,decision-with-opts,503450766,0.3,1949,0.0,0.0006596306068601399,0:00:00.120937,"{'tree-options': {'class_weight': None, 'criterion': 'gini', 'max_depth': 3, 'max_leaf_nodes': 10, 'min_samples_leaf': 5, 'min_samples_split': 2, 'min_weight_fraction_leaf': 0.0, 'presort': False, 'random_state': None, 'splitter': 'random'}, 'training-options': {'y-key': 'Reviews', 'exclude-keys': ['Reviews', 'Reviews'], 'image-name': 'dt-exports/winequality/attempts/503450766/cat-d-{}-{}-{}-orig-no-opt.{}'}}"
d,decision-with-opts,503450766,0.25,1624,0.0006157635467980427,0.0018469115534578417,0:00:00.124682,"{'tree-options': {'class_weight': None, 'criterion': 'gini', 'max_depth': 3, 'max_leaf_nodes': 10, 'min_samples_leaf': 5, 'min_samples_split': 2, 'min_weight_fraction_leaf': 0.0, 'presort': False, 'random_state': None, 'splitter': 'random'}, 'training-options': {'y-key': 'Reviews', 'exclude-keys': ['Reviews', 'Reviews'], 'image-name': 'dt-exports/winequality/attempts/503450766/cat-d-{}-{}-{}-orig-no-opt.{}'}}"
d,decision-with-opts,503450766,0.2,1299,0.0238645111624326,0.022893420546364007,0:00:00.144246,"{'tree-options': {'class_weight': None, 'criterion': 'gini', 'max_depth': 3, 'max_leaf_nodes': 10, 'min_samples_leaf': 5, 'min_samples_split': 2, 'min_weight_fraction_leaf': 0.0, 'presort': False, 'random_state': None, 'splitter': 'random'}, 'training-options': {'y-key': 'Reviews', 'exclude-keys': ['Reviews', 'Reviews'], 'image-name': 'dt-exports/winequality/attempts/503450766/cat-d-{}-{}-{}-orig-no-opt.{}'}}"
d,decision-with-opts,503450766,0.15,974,0.026694045174537995,0.02806445772225241,0:00:00.139723,"{'tree-options': {'class_weight': None, 'criterion': 'gini', 'max_depth': 3, 'max_leaf_nodes': 10, 'min_samples_leaf': 5, 'min_samples_split': 2, 'min_weight_fraction_leaf': 0.0, 'presort': False, 'random_state': None, 'splitter': 'random'}, 'training-options': {'y-key': 'Reviews', 'exclude-keys': ['Reviews', 'Reviews'], 'image-name': 'dt-exports/winequality/attempts/503450766/cat-d-{}-{}-{}-orig-no-opt.{}'}}"
d,decision-with-opts,503450766,0.1,649,0.0046224961479198745,0.004616963064295487,0:00:00.103082,"{'tree-options': {'class_weight': None, 'criterion': 'gini', 'max_depth': 3, 'max_leaf_nodes': 10, 'min_samples_leaf': 5, 'min_samples_split': 2, 'min_weight_fraction_leaf': 0.0, 'presort': False, 'random_state': None, 'splitter': 'random'}, 'training-options': {'y-key': 'Reviews', 'exclude-keys': ['Reviews', 'Reviews'], 'image-name': 'dt-exports/winequality/attempts/503450766/cat-d-{}-{}-{}-orig-no-opt.{}'}}"
d,decision-with-opts,503450766,0.05,324,0.0030864197530864335,0.004697877855175725,0:00:00.102951,"{'tree-options': {'class_weight': None, 'criterion': 'gini', 'max_depth': 3, 'max_leaf_nodes': 10, 'min_samples_leaf': 5, 'min_samples_split': 2, 'min_weight_fraction_leaf': 0.0, 'presort': False, 'random_state': None, 'splitter': 'random'}, 'training-options': {'y-key': 'Reviews', 'exclude-keys': ['Reviews', 'Reviews'], 'image-name': 'dt-exports/winequality/attempts/503450766/cat-d-{}-{}-{}-orig-no-opt.{}'}}"
d,decision-with-opts,156843743,0.95,6172,0.0,0.0,0:00:00.089560,"{'tree-options': {'class_weight': None, 'criterion': 'gini', 'max_depth': 3, 'max_leaf_nodes': 10, 'min_samples_leaf': 5, 'min_samples_split': 2, 'min_weight_fraction_leaf': 0.0, 'presort': False, 'random_state': None, 'splitter': 'random'}, 'training-options': {'y-key': 'Reviews', 'exclude-keys': ['Reviews', 'Reviews'], 'image-name': 'dt-exports/winequality/attempts/156843743/cat-d-{}-{}-{}-orig-no-opt.{}'}}"
d,decision-with-opts,156843743,0.9,5847,0.0,0.0,0:00:00.090904,"{'tree-options': {'class_weight': None, 'criterion': 'gini', 'max_depth': 3, 'max_leaf_nodes': 10, 'min_samples_leaf': 5, 'min_samples_split': 2, 'min_weight_fraction_leaf': 0.0, 'presort': False, 'random_state': None, 'splitter': 'random'}, 'training-options': {'y-key': 'Reviews', 'exclude-keys': ['Reviews', 'Reviews'], 'image-name': 'dt-exports/winequality/attempts/156843743/cat-d-{}-{}-{}-orig-no-opt.{}'}}"
d,decision-with-opts,156843743,0.85,5522,0.0,0.0,0:00:00.091654,"{'tree-options': {'class_weight': None, 'criterion': 'gini', 'max_depth': 3, 'max_leaf_nodes': 10, 'min_samples_leaf': 5, 'min_samples_split': 2, 'min_weight_fraction_leaf': 0.0, 'presort': False, 'random_state': None, 'splitter': 'random'}, 'training-options': {'y-key': 'Reviews', 'exclude-keys': ['Reviews', 'Reviews'], 'image-name': 'dt-exports/winequality/attempts/156843743/cat-d-{}-{}-{}-orig-no-opt.{}'}}"
d,decision-with-opts,156843743,0.8,5197,0.0,0.0,0:00:00.090702,"{'tree-options': {'class_weight': None, 'criterion': 'gini', 'max_depth': 3, 'max_leaf_nodes': 10, 'min_samples_leaf': 5, 'min_samples_split': 2, 'min_weight_fraction_leaf': 0.0, 'presort': False, 'random_state': None, 'splitter': 'random'}, 'training-options': {'y-key': 'Reviews', 'exclude-keys': ['Reviews', 'Reviews'], 'image-name': 'dt-exports/winequality/attempts/156843743/cat-d-{}-{}-{}-orig-no-opt.{}'}}"
d,decision-with-opts,156843743,0.75,4872,0.0,0.0,0:00:00.093245,"{'tree-options': {'class_weight': None, 'criterion': 'gini', 'max_depth': 3, 'max_leaf_nodes': 10, 'min_samples_leaf': 5, 'min_samples_split': 2, 'min_weight_fraction_leaf': 0.0, 'presort': False, 'random_state': None, 'splitter': 'random'}, 'training-options': {'y-key': 'Reviews', 'exclude-keys': ['Reviews', 'Reviews'], 'image-name': 'dt-exports/winequality/attempts/156843743/cat-d-{}-{}-{}-orig-no-opt.{}'}}"
d,decision-with-opts,156843743,0.7,4547,0.0,0.0,0:00:00.086935,"{'tree-options': {'class_weight': None, 'criterion': 'gini', 'max_depth': 3, 'max_leaf_nodes': 10, 'min_samples_leaf': 5, 'min_samples_split': 2, 'min_weight_fraction_leaf': 0.0, 'presort': False, 'random_state': None, 'splitter': 'random'}, 'training-options': {'y-key': 'Reviews', 'exclude-keys': ['Reviews', 'Reviews'], 'image-name': 'dt-exports/winequality/attempts/156843743/cat-d-{}-{}-{}-orig-no-opt.{}'}}"
d,decision-with-opts,156843743,0.65,4223,0.0,0.0,0:00:00.087238,"{'tree-options': {'class_weight': None, 'criterion': 'gini', 'max_depth': 3, 'max_leaf_nodes': 10, 'min_samples_leaf': 5, 'min_samples_split': 2, 'min_weight_fraction_leaf': 0.0, 'presort': False, 'random_state': None, 'splitter': 'random'}, 'training-options': {'y-key': 'Reviews', 'exclude-keys': ['Reviews', 'Reviews'], 'image-name': 'dt-exports/winequality/attempts/156843743/cat-d-{}-{}-{}-orig-no-opt.{}'}}"
d,decision-with-opts,156843743,0.6,3898,0.0,0.0,0:00:00.092088,"{'tree-options': {'class_weight': None, 'criterion': 'gini', 'max_depth': 3, 'max_leaf_nodes': 10, 'min_samples_leaf': 5, 'min_samples_split': 2, 'min_weight_fraction_leaf': 0.0, 'presort': False, 'random_state': None, 'splitter': 'random'}, 'training-options': {'y-key': 'Reviews', 'exclude-keys': ['Reviews', 'Reviews'], 'image-name': 'dt-exports/winequality/attempts/156843743/cat-d-{}-{}-{}-orig-no-opt.{}'}}"
d,decision-with-opts,156843743,0.55,3573,0.0,0.0,0:00:00.090294,"{'tree-options': {'class_weight': None, 'criterion': 'gini', 'max_depth': 3, 'max_leaf_nodes': 10, 'min_samples_leaf': 5, 'min_samples_split': 2, 'min_weight_fraction_leaf': 0.0, 'presort': False, 'random_state': None, 'splitter': 'random'}, 'training-options': {'y-key': 'Reviews', 'exclude-keys': ['Reviews', 'Reviews'], 'image-name': 'dt-exports/winequality/attempts/156843743/cat-d-{}-{}-{}-orig-no-opt.{}'}}"
d,decision-with-opts,156843743,0.5,3248,0.0,0.0,0:00:00.091489,"{'tree-options': {'class_weight': None, 'criterion': 'gini', 'max_depth': 3, 'max_leaf_nodes': 10, 'min_samples_leaf': 5, 'min_samples_split': 2, 'min_weight_fraction_leaf': 0.0, 'presort': False, 'random_state': None, 'splitter': 'random'}, 'training-options': {'y-key': 'Reviews', 'exclude-keys': ['Reviews', 'Reviews'], 'image-name': 'dt-exports/winequality/attempts/156843743/cat-d-{}-{}-{}-orig-no-opt.{}'}}"
d,decision-with-opts,156843743,0.45,2923,0.0,0.0,0:00:00.088306,"{'tree-options': {'class_weight': None, 'criterion': 'gini', 'max_depth': 3, 'max_leaf_nodes': 10, 'min_samples_leaf': 5, 'min_samples_split': 2, 'min_weight_fraction_leaf': 0.0, 'presort': False, 'random_state': None, 'splitter': 'random'}, 'training-options': {'y-key': 'Reviews', 'exclude-keys': ['Reviews', 'Reviews'], 'image-name': 'dt-exports/winequality/attempts/156843743/cat-d-{}-{}-{}-orig-no-opt.{}'}}"
d,decision-with-opts,156843743,0.4,2598,0.0,0.0,0:00:00.091216,"{'tree-options': {'class_weight': None, 'criterion': 'gini', 'max_depth': 3, 'max_leaf_nodes': 10, 'min_samples_leaf': 5, 'min_samples_split': 2, 'min_weight_fraction_leaf': 0.0, 'presort': False, 'random_state': None, 'splitter': 'random'}, 'training-options': {'y-key': 'Reviews', 'exclude-keys': ['Reviews', 'Reviews'], 'image-name': 'dt-exports/winequality/attempts/156843743/cat-d-{}-{}-{}-orig-no-opt.{}'}}"
d,decision-with-opts,156843743,0.35,2273,0.0,0.0,0:00:00.089005,"{'tree-options': {'class_weight': None, 'criterion': 'gini', 'max_depth': 3, 'max_leaf_nodes': 10, 'min_samples_leaf': 5, 'min_samples_split': 2, 'min_weight_fraction_leaf': 0.0, 'presort': False, 'random_state': None, 'splitter': 'random'}, 'training-options': {'y-key': 'Reviews', 'exclude-keys': ['Reviews', 'Reviews'], 'image-name': 'dt-exports/winequality/attempts/156843743/cat-d-{}-{}-{}-orig-no-opt.{}'}}"
d,decision-with-opts,156843743,0.3,1949,0.0,0.0,0:00:00.090142,"{'tree-options': {'class_weight': None, 'criterion': 'gini', 'max_depth': 3, 'max_leaf_nodes': 10, 'min_samples_leaf': 5, 'min_samples_split': 2, 'min_weight_fraction_leaf': 0.0, 'presort': False, 'random_state': None, 'splitter': 'random'}, 'training-options': {'y-key': 'Reviews', 'exclude-keys': ['Reviews', 'Reviews'], 'image-name': 'dt-exports/winequality/attempts/156843743/cat-d-{}-{}-{}-orig-no-opt.{}'}}"
d,decision-with-opts,156843743,0.25,1624,0.0024630541871921707,0.00533552226554479,0:00:00.114059,"{'tree-options': {'class_weight': None, 'criterion': 'gini', 'max_depth': 3, 'max_leaf_nodes': 10, 'min_samples_leaf': 5, 'min_samples_split': 2, 'min_weight_fraction_leaf': 0.0, 'presort': False, 'random_state': None, 'splitter': 'random'}, 'training-options': {'y-key': 'Reviews', 'exclude-keys': ['Reviews', 'Reviews'], 'image-name': 'dt-exports/winequality/attempts/156843743/cat-d-{}-{}-{}-orig-no-opt.{}'}}"
d,decision-with-opts,156843743,0.2,1299,0.003079291762894565,0.005001923816852605,0:00:00.112445,"{'tree-options': {'class_weight': None, 'criterion': 'gini', 'max_depth': 3, 'max_leaf_nodes': 10, 'min_samples_leaf': 5, 'min_samples_split': 2, 'min_weight_fraction_leaf': 0.0, 'presort': False, 'random_state': None, 'splitter': 'random'}, 'training-options': {'y-key': 'Reviews', 'exclude-keys': ['Reviews', 'Reviews'], 'image-name': 'dt-exports/winequality/attempts/156843743/cat-d-{}-{}-{}-orig-no-opt.{}'}}"
d,decision-with-opts,156843743,0.15,974,0.0030800821355235763,0.004888647474198815,0:00:00.113182,"{'tree-options': {'class_weight': None, 'criterion': 'gini', 'max_depth': 3, 'max_leaf_nodes': 10, 'min_samples_leaf': 5, 'min_samples_split': 2, 'min_weight_fraction_leaf': 0.0, 'presort': False, 'random_state': None, 'splitter': 'random'}, 'training-options': {'y-key': 'Reviews', 'exclude-keys': ['Reviews', 'Reviews'], 'image-name': 'dt-exports/winequality/attempts/156843743/cat-d-{}-{}-{}-orig-no-opt.{}'}}"
d,decision-with-opts,156843743,0.1,649,0.0030816640986132127,0.004787961696306464,0:00:00.116951,"{'tree-options': {'class_weight': None, 'criterion': 'gini', 'max_depth': 3, 'max_leaf_nodes': 10, 'min_samples_leaf': 5, 'min_samples_split': 2, 'min_weight_fraction_leaf': 0.0, 'presort': False, 'random_state': None, 'splitter': 'random'}, 'training-options': {'y-key': 'Reviews', 'exclude-keys': ['Reviews', 'Reviews'], 'image-name': 'dt-exports/winequality/attempts/156843743/cat-d-{}-{}-{}-orig-no-opt.{}'}}"
d,decision-with-opts,156843743,0.05,324,0.0030864197530864335,0.004697877855175725,0:00:00.094173,"{'tree-options': {'class_weight': None, 'criterion': 'gini', 'max_depth': 3, 'max_leaf_nodes': 10, 'min_samples_leaf': 5, 'min_samples_split': 2, 'min_weight_fraction_leaf': 0.0, 'presort': False, 'random_state': None, 'splitter': 'random'}, 'training-options': {'y-key': 'Reviews', 'exclude-keys': ['Reviews', 'Reviews'], 'image-name': 'dt-exports/winequality/attempts/156843743/cat-d-{}-{}-{}-orig-no-opt.{}'}}"
d,decision-with-opts,4019958145,0.95,6172,0.0,0.0,0:00:00.134693,"{'tree-options': {'class_weight': None, 'criterion': 'gini', 'max_depth': 3, 'max_leaf_nodes': 10, 'min_samples_leaf': 5, 'min_samples_split': 2, 'min_weight_fraction_leaf': 0.0, 'presort': False, 'random_state': None, 'splitter': 'random'}, 'training-options': {'y-key': 'Reviews', 'exclude-keys': ['Reviews', 'Reviews'], 'image-name': 'dt-exports/winequality/attempts/4019958145/cat-d-{}-{}-{}-orig-no-opt.{}'}}"
d,decision-with-opts,4019958145,0.9,5847,0.0,0.0,0:00:00.131624,"{'tree-options': {'class_weight': None, 'criterion': 'gini', 'max_depth': 3, 'max_leaf_nodes': 10, 'min_samples_leaf': 5, 'min_samples_split': 2, 'min_weight_fraction_leaf': 0.0, 'presort': False, 'random_state': None, 'splitter': 'random'}, 'training-options': {'y-key': 'Reviews', 'exclude-keys': ['Reviews', 'Reviews'], 'image-name': 'dt-exports/winequality/attempts/4019958145/cat-d-{}-{}-{}-orig-no-opt.{}'}}"
d,decision-with-opts,4019958145,0.85,5522,0.0,0.0,0:00:00.132542,"{'tree-options': {'class_weight': None, 'criterion': 'gini', 'max_depth': 3, 'max_leaf_nodes': 10, 'min_samples_leaf': 5, 'min_samples_split': 2, 'min_weight_fraction_leaf': 0.0, 'presort': False, 'random_state': None, 'splitter': 'random'}, 'training-options': {'y-key': 'Reviews', 'exclude-keys': ['Reviews', 'Reviews'], 'image-name': 'dt-exports/winequality/attempts/4019958145/cat-d-{}-{}-{}-orig-no-opt.{}'}}"
d,decision-with-opts,4019958145,0.8,5197,0.0,0.0,0:00:00.134265,"{'tree-options': {'class_weight': None, 'criterion': 'gini', 'max_depth': 3, 'max_leaf_nodes': 10, 'min_samples_leaf': 5, 'min_samples_split': 2, 'min_weight_fraction_leaf': 0.0, 'presort': False, 'random_state': None, 'splitter': 'random'}, 'training-options': {'y-key': 'Reviews', 'exclude-keys': ['Reviews', 'Reviews'], 'image-name': 'dt-exports/winequality/attempts/4019958145/cat-d-{}-{}-{}-orig-no-opt.{}'}}"
d,decision-with-opts,4019958145,0.75,4872,0.0,0.0,0:00:00.134155,"{'tree-options': {'class_weight': None, 'criterion': 'gini', 'max_depth': 3, 'max_leaf_nodes': 10, 'min_samples_leaf': 5, 'min_samples_split': 2, 'min_weight_fraction_leaf': 0.0, 'presort': False, 'random_state': None, 'splitter': 'random'}, 'training-options': {'y-key': 'Reviews', 'exclude-keys': ['Reviews', 'Reviews'], 'image-name': 'dt-exports/winequality/attempts/4019958145/cat-d-{}-{}-{}-orig-no-opt.{}'}}"
d,decision-with-opts,4019958145,0.7,4547,0.0,0.0,0:00:00.132537,"{'tree-options': {'class_weight': None, 'criterion': 'gini', 'max_depth': 3, 'max_leaf_nodes': 10, 'min_samples_leaf': 5, 'min_samples_split': 2, 'min_weight_fraction_leaf': 0.0, 'presort': False, 'random_state': None, 'splitter': 'random'}, 'training-options': {'y-key': 'Reviews', 'exclude-keys': ['Reviews', 'Reviews'], 'image-name': 'dt-exports/winequality/attempts/4019958145/cat-d-{}-{}-{}-orig-no-opt.{}'}}"
d,decision-with-opts,4019958145,0.65,4223,0.0,0.0,0:00:00.131609,"{'tree-options': {'class_weight': None, 'criterion': 'gini', 'max_depth': 3, 'max_leaf_nodes': 10, 'min_samples_leaf': 5, 'min_samples_split': 2, 'min_weight_fraction_leaf': 0.0, 'presort': False, 'random_state': None, 'splitter': 'random'}, 'training-options': {'y-key': 'Reviews', 'exclude-keys': ['Reviews', 'Reviews'], 'image-name': 'dt-exports/winequality/attempts/4019958145/cat-d-{}-{}-{}-orig-no-opt.{}'}}"
d,decision-with-opts,4019958145,0.6,3898,0.0,0.0,0:00:00.131161,"{'tree-options': {'class_weight': None, 'criterion': 'gini', 'max_depth': 3, 'max_leaf_nodes': 10, 'min_samples_leaf': 5, 'min_samples_split': 2, 'min_weight_fraction_leaf': 0.0, 'presort': False, 'random_state': None, 'splitter': 'random'}, 'training-options': {'y-key': 'Reviews', 'exclude-keys': ['Reviews', 'Reviews'], 'image-name': 'dt-exports/winequality/attempts/4019958145/cat-d-{}-{}-{}-orig-no-opt.{}'}}"
d,decision-with-opts,4019958145,0.55,3573,0.0,0.0,0:00:00.128924,"{'tree-options': {'class_weight': None, 'criterion': 'gini', 'max_depth': 3, 'max_leaf_nodes': 10, 'min_samples_leaf': 5, 'min_samples_split': 2, 'min_weight_fraction_leaf': 0.0, 'presort': False, 'random_state': None, 'splitter': 'random'}, 'training-options': {'y-key': 'Reviews', 'exclude-keys': ['Reviews', 'Reviews'], 'image-name': 'dt-exports/winequality/attempts/4019958145/cat-d-{}-{}-{}-orig-no-opt.{}'}}"
d,decision-with-opts,4019958145,0.5,3248,0.000923645320197064,0.001846722068328699,0:00:00.139300,"{'tree-options': {'class_weight': None, 'criterion': 'gini', 'max_depth': 3, 'max_leaf_nodes': 10, 'min_samples_leaf': 5, 'min_samples_split': 2, 'min_weight_fraction_leaf': 0.0, 'presort': False, 'random_state': None, 'splitter': 'random'}, 'training-options': {'y-key': 'Reviews', 'exclude-keys': ['Reviews', 'Reviews'], 'image-name': 'dt-exports/winequality/attempts/4019958145/cat-d-{}-{}-{}-orig-no-opt.{}'}}"
d,decision-with-opts,4019958145,0.45,2923,0.0013684570646596006,0.003357582540570836,0:00:00.132036,"{'tree-options': {'class_weight': None, 'criterion': 'gini', 'max_depth': 3, 'max_leaf_nodes': 10, 'min_samples_leaf': 5, 'min_samples_split': 2, 'min_weight_fraction_leaf': 0.0, 'presort': False, 'random_state': None, 'splitter': 'random'}, 'training-options': {'y-key': 'Reviews', 'exclude-keys': ['Reviews', 'Reviews'], 'image-name': 'dt-exports/winequality/attempts/4019958145/cat-d-{}-{}-{}-orig-no-opt.{}'}}"
d,decision-with-opts,4019958145,0.4,2598,0.00038491147036179285,0.0,0:00:00.115883,"{'tree-options': {'class_weight': None, 'criterion': 'gini', 'max_depth': 3, 'max_leaf_nodes': 10, 'min_samples_leaf': 5, 'min_samples_split': 2, 'min_weight_fraction_leaf': 0.0, 'presort': False, 'random_state': None, 'splitter': 'random'}, 'training-options': {'y-key': 'Reviews', 'exclude-keys': ['Reviews', 'Reviews'], 'image-name': 'dt-exports/winequality/attempts/4019958145/cat-d-{}-{}-{}-orig-no-opt.{}'}}"
d,decision-with-opts,4019958145,0.35,2273,0.0004399472063352228,0.0,0:00:00.114834,"{'tree-options': {'class_weight': None, 'criterion': 'gini', 'max_depth': 3, 'max_leaf_nodes': 10, 'min_samples_leaf': 5, 'min_samples_split': 2, 'min_weight_fraction_leaf': 0.0, 'presort': False, 'random_state': None, 'splitter': 'random'}, 'training-options': {'y-key': 'Reviews', 'exclude-keys': ['Reviews', 'Reviews'], 'image-name': 'dt-exports/winequality/attempts/4019958145/cat-d-{}-{}-{}-orig-no-opt.{}'}}"
d,decision-with-opts,4019958145,0.3,1949,0.0005130836326321386,0.0,0:00:00.095315,"{'tree-options': {'class_weight': None, 'criterion': 'gini', 'max_depth': 3, 'max_leaf_nodes': 10, 'min_samples_leaf': 5, 'min_samples_split': 2, 'min_weight_fraction_leaf': 0.0, 'presort': False, 'random_state': None, 'splitter': 'random'}, 'training-options': {'y-key': 'Reviews', 'exclude-keys': ['Reviews', 'Reviews'], 'image-name': 'dt-exports/winequality/attempts/4019958145/cat-d-{}-{}-{}-orig-no-opt.{}'}}"
d,decision-with-opts,4019958145,0.25,1624,0.0006157635467980427,0.0,0:00:00.094383,"{'tree-options': {'class_weight': None, 'criterion': 'gini', 'max_depth': 3, 'max_leaf_nodes': 10, 'min_samples_leaf': 5, 'min_samples_split': 2, 'min_weight_fraction_leaf': 0.0, 'presort': False, 'random_state': None, 'splitter': 'random'}, 'training-options': {'y-key': 'Reviews', 'exclude-keys': ['Reviews', 'Reviews'], 'image-name': 'dt-exports/winequality/attempts/4019958145/cat-d-{}-{}-{}-orig-no-opt.{}'}}"
d,decision-with-opts,4019958145,0.2,1299,0.0007698229407235857,0.0,0:00:00.095696,"{'tree-options': {'class_weight': None, 'criterion': 'gini', 'max_depth': 3, 'max_leaf_nodes': 10, 'min_samples_leaf': 5, 'min_samples_split': 2, 'min_weight_fraction_leaf': 0.0, 'presort': False, 'random_state': None, 'splitter': 'random'}, 'training-options': {'y-key': 'Reviews', 'exclude-keys': ['Reviews', 'Reviews'], 'image-name': 'dt-exports/winequality/attempts/4019958145/cat-d-{}-{}-{}-orig-no-opt.{}'}}"
d,decision-with-opts,4019958145,0.15,974,0.0010266940451745254,0.0,0:00:00.095691,"{'tree-options': {'class_weight': None, 'criterion': 'gini', 'max_depth': 3, 'max_leaf_nodes': 10, 'min_samples_leaf': 5, 'min_samples_split': 2, 'min_weight_fraction_leaf': 0.0, 'presort': False, 'random_state': None, 'splitter': 'random'}, 'training-options': {'y-key': 'Reviews', 'exclude-keys': ['Reviews', 'Reviews'], 'image-name': 'dt-exports/winequality/attempts/4019958145/cat-d-{}-{}-{}-orig-no-opt.{}'}}"
d,decision-with-opts,4019958145,0.1,649,0.0046224961479198745,0.004616963064295487,0:00:00.103673,"{'tree-options': {'class_weight': None, 'criterion': 'gini', 'max_depth': 3, 'max_leaf_nodes': 10, 'min_samples_leaf': 5, 'min_samples_split': 2, 'min_weight_fraction_leaf': 0.0, 'presort': False, 'random_state': None, 'splitter': 'random'}, 'training-options': {'y-key': 'Reviews', 'exclude-keys': ['Reviews', 'Reviews'], 'image-name': 'dt-exports/winequality/attempts/4019958145/cat-d-{}-{}-{}-orig-no-opt.{}'}}"
d,decision-with-opts,4019958145,0.05,324,0.0030864197530864335,0.004697877855175725,0:00:00.101576,"{'tree-options': {'class_weight': None, 'criterion': 'gini', 'max_depth': 3, 'max_leaf_nodes': 10, 'min_samples_leaf': 5, 'min_samples_split': 2, 'min_weight_fraction_leaf': 0.0, 'presort': False, 'random_state': None, 'splitter': 'random'}, 'training-options': {'y-key': 'Reviews', 'exclude-keys': ['Reviews', 'Reviews'], 'image-name': 'dt-exports/winequality/attempts/4019958145/cat-d-{}-{}-{}-orig-no-opt.{}'}}"
d,decision-with-opts,1294301706,0.95,6172,0.0,0.0,0:00:00.096090,"{'tree-options': {'class_weight': None, 'criterion': 'gini', 'max_depth': 3, 'max_leaf_nodes': 10, 'min_samples_leaf': 5, 'min_samples_split': 2, 'min_weight_fraction_leaf': 0.0, 'presort': False, 'random_state': None, 'splitter': 'random'}, 'training-options': {'y-key': 'Reviews', 'exclude-keys': ['Reviews', 'Reviews'], 'image-name': 'dt-exports/winequality/attempts/1294301706/cat-d-{}-{}-{}-orig-no-opt.{}'}}"
d,decision-with-opts,1294301706,0.9,5847,0.0,0.0,0:00:00.098561,"{'tree-options': {'class_weight': None, 'criterion': 'gini', 'max_depth': 3, 'max_leaf_nodes': 10, 'min_samples_leaf': 5, 'min_samples_split': 2, 'min_weight_fraction_leaf': 0.0, 'presort': False, 'random_state': None, 'splitter': 'random'}, 'training-options': {'y-key': 'Reviews', 'exclude-keys': ['Reviews', 'Reviews'], 'image-name': 'dt-exports/winequality/attempts/1294301706/cat-d-{}-{}-{}-orig-no-opt.{}'}}"
d,decision-with-opts,1294301706,0.85,5522,0.0,0.0,0:00:00.094280,"{'tree-options': {'class_weight': None, 'criterion': 'gini', 'max_depth': 3, 'max_leaf_nodes': 10, 'min_samples_leaf': 5, 'min_samples_split': 2, 'min_weight_fraction_leaf': 0.0, 'presort': False, 'random_state': None, 'splitter': 'random'}, 'training-options': {'y-key': 'Reviews', 'exclude-keys': ['Reviews', 'Reviews'], 'image-name': 'dt-exports/winequality/attempts/1294301706/cat-d-{}-{}-{}-orig-no-opt.{}'}}"
d,decision-with-opts,1294301706,0.8,5197,0.0,0.0,0:00:00.095200,"{'tree-options': {'class_weight': None, 'criterion': 'gini', 'max_depth': 3, 'max_leaf_nodes': 10, 'min_samples_leaf': 5, 'min_samples_split': 2, 'min_weight_fraction_leaf': 0.0, 'presort': False, 'random_state': None, 'splitter': 'random'}, 'training-options': {'y-key': 'Reviews', 'exclude-keys': ['Reviews', 'Reviews'], 'image-name': 'dt-exports/winequality/attempts/1294301706/cat-d-{}-{}-{}-orig-no-opt.{}'}}"
d,decision-with-opts,1294301706,0.75,4872,0.0,0.0,0:00:00.096155,"{'tree-options': {'class_weight': None, 'criterion': 'gini', 'max_depth': 3, 'max_leaf_nodes': 10, 'min_samples_leaf': 5, 'min_samples_split': 2, 'min_weight_fraction_leaf': 0.0, 'presort': False, 'random_state': None, 'splitter': 'random'}, 'training-options': {'y-key': 'Reviews', 'exclude-keys': ['Reviews', 'Reviews'], 'image-name': 'dt-exports/winequality/attempts/1294301706/cat-d-{}-{}-{}-orig-no-opt.{}'}}"
d,decision-with-opts,1294301706,0.7,4547,0.0,0.0,0:00:00.096519,"{'tree-options': {'class_weight': None, 'criterion': 'gini', 'max_depth': 3, 'max_leaf_nodes': 10, 'min_samples_leaf': 5, 'min_samples_split': 2, 'min_weight_fraction_leaf': 0.0, 'presort': False, 'random_state': None, 'splitter': 'random'}, 'training-options': {'y-key': 'Reviews', 'exclude-keys': ['Reviews', 'Reviews'], 'image-name': 'dt-exports/winequality/attempts/1294301706/cat-d-{}-{}-{}-orig-no-opt.{}'}}"
d,decision-with-opts,1294301706,0.65,4223,0.0,0.0,0:00:00.097455,"{'tree-options': {'class_weight': None, 'criterion': 'gini', 'max_depth': 3, 'max_leaf_nodes': 10, 'min_samples_leaf': 5, 'min_samples_split': 2, 'min_weight_fraction_leaf': 0.0, 'presort': False, 'random_state': None, 'splitter': 'random'}, 'training-options': {'y-key': 'Reviews', 'exclude-keys': ['Reviews', 'Reviews'], 'image-name': 'dt-exports/winequality/attempts/1294301706/cat-d-{}-{}-{}-orig-no-opt.{}'}}"
d,decision-with-opts,1294301706,0.6,3898,0.0,0.0,0:00:00.096939,"{'tree-options': {'class_weight': None, 'criterion': 'gini', 'max_depth': 3, 'max_leaf_nodes': 10, 'min_samples_leaf': 5, 'min_samples_split': 2, 'min_weight_fraction_leaf': 0.0, 'presort': False, 'random_state': None, 'splitter': 'random'}, 'training-options': {'y-key': 'Reviews', 'exclude-keys': ['Reviews', 'Reviews'], 'image-name': 'dt-exports/winequality/attempts/1294301706/cat-d-{}-{}-{}-orig-no-opt.{}'}}"
d,decision-with-opts,1294301706,0.55,3573,0.0,0.0,0:00:00.096913,"{'tree-options': {'class_weight': None, 'criterion': 'gini', 'max_depth': 3, 'max_leaf_nodes': 10, 'min_samples_leaf': 5, 'min_samples_split': 2, 'min_weight_fraction_leaf': 0.0, 'presort': False, 'random_state': None, 'splitter': 'random'}, 'training-options': {'y-key': 'Reviews', 'exclude-keys': ['Reviews', 'Reviews'], 'image-name': 'dt-exports/winequality/attempts/1294301706/cat-d-{}-{}-{}-orig-no-opt.{}'}}"
d,decision-with-opts,1294301706,0.5,3248,0.0,0.0,0:00:00.095292,"{'tree-options': {'class_weight': None, 'criterion': 'gini', 'max_depth': 3, 'max_leaf_nodes': 10, 'min_samples_leaf': 5, 'min_samples_split': 2, 'min_weight_fraction_leaf': 0.0, 'presort': False, 'random_state': None, 'splitter': 'random'}, 'training-options': {'y-key': 'Reviews', 'exclude-keys': ['Reviews', 'Reviews'], 'image-name': 'dt-exports/winequality/attempts/1294301706/cat-d-{}-{}-{}-orig-no-opt.{}'}}"
d,decision-with-opts,1294301706,0.45,2923,0.0,0.0,0:00:00.095746,"{'tree-options': {'class_weight': None, 'criterion': 'gini', 'max_depth': 3, 'max_leaf_nodes': 10, 'min_samples_leaf': 5, 'min_samples_split': 2, 'min_weight_fraction_leaf': 0.0, 'presort': False, 'random_state': None, 'splitter': 'random'}, 'training-options': {'y-key': 'Reviews', 'exclude-keys': ['Reviews', 'Reviews'], 'image-name': 'dt-exports/winequality/attempts/1294301706/cat-d-{}-{}-{}-orig-no-opt.{}'}}"
d,decision-with-opts,1294301706,0.4,2598,0.0,0.0,0:00:00.096936,"{'tree-options': {'class_weight': None, 'criterion': 'gini', 'max_depth': 3, 'max_leaf_nodes': 10, 'min_samples_leaf': 5, 'min_samples_split': 2, 'min_weight_fraction_leaf': 0.0, 'presort': False, 'random_state': None, 'splitter': 'random'}, 'training-options': {'y-key': 'Reviews', 'exclude-keys': ['Reviews', 'Reviews'], 'image-name': 'dt-exports/winequality/attempts/1294301706/cat-d-{}-{}-{}-orig-no-opt.{}'}}"
d,decision-with-opts,1294301706,0.35,2273,0.0,0.0,0:00:00.095220,"{'tree-options': {'class_weight': None, 'criterion': 'gini', 'max_depth': 3, 'max_leaf_nodes': 10, 'min_samples_leaf': 5, 'min_samples_split': 2, 'min_weight_fraction_leaf': 0.0, 'presort': False, 'random_state': None, 'splitter': 'random'}, 'training-options': {'y-key': 'Reviews', 'exclude-keys': ['Reviews', 'Reviews'], 'image-name': 'dt-exports/winequality/attempts/1294301706/cat-d-{}-{}-{}-orig-no-opt.{}'}}"
d,decision-with-opts,1294301706,0.3,1949,0.0,0.0,0:00:00.097281,"{'tree-options': {'class_weight': None, 'criterion': 'gini', 'max_depth': 3, 'max_leaf_nodes': 10, 'min_samples_leaf': 5, 'min_samples_split': 2, 'min_weight_fraction_leaf': 0.0, 'presort': False, 'random_state': None, 'splitter': 'random'}, 'training-options': {'y-key': 'Reviews', 'exclude-keys': ['Reviews', 'Reviews'], 'image-name': 'dt-exports/winequality/attempts/1294301706/cat-d-{}-{}-{}-orig-no-opt.{}'}}"
d,decision-with-opts,1294301706,0.25,1624,0.0,0.0,0:00:00.096961,"{'tree-options': {'class_weight': None, 'criterion': 'gini', 'max_depth': 3, 'max_leaf_nodes': 10, 'min_samples_leaf': 5, 'min_samples_split': 2, 'min_weight_fraction_leaf': 0.0, 'presort': False, 'random_state': None, 'splitter': 'random'}, 'training-options': {'y-key': 'Reviews', 'exclude-keys': ['Reviews', 'Reviews'], 'image-name': 'dt-exports/winequality/attempts/1294301706/cat-d-{}-{}-{}-orig-no-opt.{}'}}"
d,decision-with-opts,1294301706,0.2,1299,0.0015396458814472824,0.0053866871873797795,0:00:00.118249,"{'tree-options': {'class_weight': None, 'criterion': 'gini', 'max_depth': 3, 'max_leaf_nodes': 10, 'min_samples_leaf': 5, 'min_samples_split': 2, 'min_weight_fraction_leaf': 0.0, 'presort': False, 'random_state': None, 'splitter': 'random'}, 'training-options': {'y-key': 'Reviews', 'exclude-keys': ['Reviews', 'Reviews'], 'image-name': 'dt-exports/winequality/attempts/1294301706/cat-d-{}-{}-{}-orig-no-opt.{}'}}"
d,decision-with-opts,1294301706,0.15,974,0.004106776180698102,0.01195002715915261,0:00:00.137297,"{'tree-options': {'class_weight': None, 'criterion': 'gini', 'max_depth': 3, 'max_leaf_nodes': 10, 'min_samples_leaf': 5, 'min_samples_split': 2, 'min_weight_fraction_leaf': 0.0, 'presort': False, 'random_state': None, 'splitter': 'random'}, 'training-options': {'y-key': 'Reviews', 'exclude-keys': ['Reviews', 'Reviews'], 'image-name': 'dt-exports/winequality/attempts/1294301706/cat-d-{}-{}-{}-orig-no-opt.{}'}}"
d,decision-with-opts,1294301706,0.1,649,0.0015408320493066618,0.00495896032831733,0:00:00.118354,"{'tree-options': {'class_weight': None, 'criterion': 'gini', 'max_depth': 3, 'max_leaf_nodes': 10, 'min_samples_leaf': 5, 'min_samples_split': 2, 'min_weight_fraction_leaf': 0.0, 'presort': False, 'random_state': None, 'splitter': 'random'}, 'training-options': {'y-key': 'Reviews', 'exclude-keys': ['Reviews', 'Reviews'], 'image-name': 'dt-exports/winequality/attempts/1294301706/cat-d-{}-{}-{}-orig-no-opt.{}'}}"
d,decision-with-opts,1294301706,0.05,324,0.0030864197530864335,0.004697877855175725,0:00:00.117662,"{'tree-options': {'class_weight': None, 'criterion': 'gini', 'max_depth': 3, 'max_leaf_nodes': 10, 'min_samples_leaf': 5, 'min_samples_split': 2, 'min_weight_fraction_leaf': 0.0, 'presort': False, 'random_state': None, 'splitter': 'random'}, 'training-options': {'y-key': 'Reviews', 'exclude-keys': ['Reviews', 'Reviews'], 'image-name': 'dt-exports/winequality/attempts/1294301706/cat-d-{}-{}-{}-orig-no-opt.{}'}}"
