d,decision-with-opts,3314952248,0.95,6172,0.48444588464031113,0.4738461538461538,0:00:00.150484,"{'tree-options': {'class_weight': None, 'criterion': 'gini', 'max_depth': 3, 'max_leaf_nodes': 10, 'min_samples_leaf': 5, 'min_samples_split': 2, 'min_weight_fraction_leaf': 0.0, 'presort': False, 'random_state': None, 'splitter': 'random'}, 'training-options': {'y-key': 'quality', 'exclude-keys': ['quality', 'quality'], 'image-name': 'dt-exports/winequality/attempts/3314952248/d-{}-{}-{}-orig-no-opt.{}'}}"
d,decision-with-opts,3314952248,0.9,5847,0.48503506071489655,0.4738461538461538,0:00:00.153483,"{'tree-options': {'class_weight': None, 'criterion': 'gini', 'max_depth': 3, 'max_leaf_nodes': 10, 'min_samples_leaf': 5, 'min_samples_split': 2, 'min_weight_fraction_leaf': 0.0, 'presort': False, 'random_state': None, 'splitter': 'random'}, 'training-options': {'y-key': 'quality', 'exclude-keys': ['quality', 'quality'], 'image-name': 'dt-exports/winequality/attempts/3314952248/d-{}-{}-{}-orig-no-opt.{}'}}"
d,decision-with-opts,3314952248,0.85,5522,0.48913437160449114,0.4769230769230769,0:00:00.651392,"{'tree-options': {'class_weight': None, 'criterion': 'gini', 'max_depth': 3, 'max_leaf_nodes': 10, 'min_samples_leaf': 5, 'min_samples_split': 2, 'min_weight_fraction_leaf': 0.0, 'presort': False, 'random_state': None, 'splitter': 'random'}, 'training-options': {'y-key': 'quality', 'exclude-keys': ['quality', 'quality'], 'image-name': 'dt-exports/winequality/attempts/3314952248/d-{}-{}-{}-orig-no-opt.{}'}}"
d,decision-with-opts,3314952248,0.8,5197,0.48624206272849724,0.4915384615384616,0:00:00.149911,"{'tree-options': {'class_weight': None, 'criterion': 'gini', 'max_depth': 3, 'max_leaf_nodes': 10, 'min_samples_leaf': 5, 'min_samples_split': 2, 'min_weight_fraction_leaf': 0.0, 'presort': False, 'random_state': None, 'splitter': 'random'}, 'training-options': {'y-key': 'quality', 'exclude-keys': ['quality', 'quality'], 'image-name': 'dt-exports/winequality/attempts/3314952248/d-{}-{}-{}-orig-no-opt.{}'}}"
d,decision-with-opts,3314952248,0.75,4872,0.48275862068965514,0.4910769230769231,0:00:00.152399,"{'tree-options': {'class_weight': None, 'criterion': 'gini', 'max_depth': 3, 'max_leaf_nodes': 10, 'min_samples_leaf': 5, 'min_samples_split': 2, 'min_weight_fraction_leaf': 0.0, 'presort': False, 'random_state': None, 'splitter': 'random'}, 'training-options': {'y-key': 'quality', 'exclude-keys': ['quality', 'quality'], 'image-name': 'dt-exports/winequality/attempts/3314952248/d-{}-{}-{}-orig-no-opt.{}'}}"
d,decision-with-opts,3314952248,0.7,4547,0.4838354959313833,0.4866666666666667,0:00:00.152122,"{'tree-options': {'class_weight': None, 'criterion': 'gini', 'max_depth': 3, 'max_leaf_nodes': 10, 'min_samples_leaf': 5, 'min_samples_split': 2, 'min_weight_fraction_leaf': 0.0, 'presort': False, 'random_state': None, 'splitter': 'random'}, 'training-options': {'y-key': 'quality', 'exclude-keys': ['quality', 'quality'], 'image-name': 'dt-exports/winequality/attempts/3314952248/d-{}-{}-{}-orig-no-opt.{}'}}"
d,decision-with-opts,3314952248,0.65,4223,0.4870944825953114,0.48021108179419525,0:00:00.150194,"{'tree-options': {'class_weight': None, 'criterion': 'gini', 'max_depth': 3, 'max_leaf_nodes': 10, 'min_samples_leaf': 5, 'min_samples_split': 2, 'min_weight_fraction_leaf': 0.0, 'presort': False, 'random_state': None, 'splitter': 'random'}, 'training-options': {'y-key': 'quality', 'exclude-keys': ['quality', 'quality'], 'image-name': 'dt-exports/winequality/attempts/3314952248/d-{}-{}-{}-orig-no-opt.{}'}}"
d,decision-with-opts,3314952248,0.6,3898,0.4928168291431503,0.48326279338207,0:00:00.145918,"{'tree-options': {'class_weight': None, 'criterion': 'gini', 'max_depth': 3, 'max_leaf_nodes': 10, 'min_samples_leaf': 5, 'min_samples_split': 2, 'min_weight_fraction_leaf': 0.0, 'presort': False, 'random_state': None, 'splitter': 'random'}, 'training-options': {'y-key': 'quality', 'exclude-keys': ['quality', 'quality'], 'image-name': 'dt-exports/winequality/attempts/3314952248/d-{}-{}-{}-orig-no-opt.{}'}}"
d,decision-with-opts,3314952248,0.55,3573,0.4928631402183039,0.4842681258549931,0:00:00.150783,"{'tree-options': {'class_weight': None, 'criterion': 'gini', 'max_depth': 3, 'max_leaf_nodes': 10, 'min_samples_leaf': 5, 'min_samples_split': 2, 'min_weight_fraction_leaf': 0.0, 'presort': False, 'random_state': None, 'splitter': 'random'}, 'training-options': {'y-key': 'quality', 'exclude-keys': ['quality', 'quality'], 'image-name': 'dt-exports/winequality/attempts/3314952248/d-{}-{}-{}-orig-no-opt.{}'}}"
d,decision-with-opts,3314952248,0.5,3248,0.4704433497536946,0.48722683902739305,0:00:00.149647,"{'tree-options': {'class_weight': None, 'criterion': 'gini', 'max_depth': 3, 'max_leaf_nodes': 10, 'min_samples_leaf': 5, 'min_samples_split': 2, 'min_weight_fraction_leaf': 0.0, 'presort': False, 'random_state': None, 'splitter': 'random'}, 'training-options': {'y-key': 'quality', 'exclude-keys': ['quality', 'quality'], 'image-name': 'dt-exports/winequality/attempts/3314952248/d-{}-{}-{}-orig-no-opt.{}'}}"
d,decision-with-opts,3314952248,0.45,2923,0.47211768730756076,0.4843312814773363,0:00:00.148724,"{'tree-options': {'class_weight': None, 'criterion': 'gini', 'max_depth': 3, 'max_leaf_nodes': 10, 'min_samples_leaf': 5, 'min_samples_split': 2, 'min_weight_fraction_leaf': 0.0, 'presort': False, 'random_state': None, 'splitter': 'random'}, 'training-options': {'y-key': 'quality', 'exclude-keys': ['quality', 'quality'], 'image-name': 'dt-exports/winequality/attempts/3314952248/d-{}-{}-{}-orig-no-opt.{}'}}"
d,decision-with-opts,3314952248,0.4,2598,0.4668976135488837,0.4837137727622467,0:00:00.150562,"{'tree-options': {'class_weight': None, 'criterion': 'gini', 'max_depth': 3, 'max_leaf_nodes': 10, 'min_samples_leaf': 5, 'min_samples_split': 2, 'min_weight_fraction_leaf': 0.0, 'presort': False, 'random_state': None, 'splitter': 'random'}, 'training-options': {'y-key': 'quality', 'exclude-keys': ['quality', 'quality'], 'image-name': 'dt-exports/winequality/attempts/3314952248/d-{}-{}-{}-orig-no-opt.{}'}}"
d,decision-with-opts,3314952248,0.35,2273,0.460624725032996,0.4732481060606061,0:00:00.147594,"{'tree-options': {'class_weight': None, 'criterion': 'gini', 'max_depth': 3, 'max_leaf_nodes': 10, 'min_samples_leaf': 5, 'min_samples_split': 2, 'min_weight_fraction_leaf': 0.0, 'presort': False, 'random_state': None, 'splitter': 'random'}, 'training-options': {'y-key': 'quality', 'exclude-keys': ['quality', 'quality'], 'image-name': 'dt-exports/winequality/attempts/3314952248/d-{}-{}-{}-orig-no-opt.{}'}}"
d,decision-with-opts,3314952248,0.3,1949,0.45664443304258595,0.49406332453825863,0:00:00.147710,"{'tree-options': {'class_weight': None, 'criterion': 'gini', 'max_depth': 3, 'max_leaf_nodes': 10, 'min_samples_leaf': 5, 'min_samples_split': 2, 'min_weight_fraction_leaf': 0.0, 'presort': False, 'random_state': None, 'splitter': 'random'}, 'training-options': {'y-key': 'quality', 'exclude-keys': ['quality', 'quality'], 'image-name': 'dt-exports/winequality/attempts/3314952248/d-{}-{}-{}-orig-no-opt.{}'}}"
d,decision-with-opts,3314952248,0.25,1624,0.45628078817733986,0.4760927560024626,0:00:00.142978,"{'tree-options': {'class_weight': None, 'criterion': 'gini', 'max_depth': 3, 'max_leaf_nodes': 10, 'min_samples_leaf': 5, 'min_samples_split': 2, 'min_weight_fraction_leaf': 0.0, 'presort': False, 'random_state': None, 'splitter': 'random'}, 'training-options': {'y-key': 'quality', 'exclude-keys': ['quality', 'quality'], 'image-name': 'dt-exports/winequality/attempts/3314952248/d-{}-{}-{}-orig-no-opt.{}'}}"
d,decision-with-opts,3314952248,0.2,1299,0.4765204003079292,0.5126971912273952,0:00:00.146947,"{'tree-options': {'class_weight': None, 'criterion': 'gini', 'max_depth': 3, 'max_leaf_nodes': 10, 'min_samples_leaf': 5, 'min_samples_split': 2, 'min_weight_fraction_leaf': 0.0, 'presort': False, 'random_state': None, 'splitter': 'random'}, 'training-options': {'y-key': 'quality', 'exclude-keys': ['quality', 'quality'], 'image-name': 'dt-exports/winequality/attempts/3314952248/d-{}-{}-{}-orig-no-opt.{}'}}"
d,decision-with-opts,3314952248,0.15,974,0.4763860369609856,0.5111352525801195,0:00:00.142744,"{'tree-options': {'class_weight': None, 'criterion': 'gini', 'max_depth': 3, 'max_leaf_nodes': 10, 'min_samples_leaf': 5, 'min_samples_split': 2, 'min_weight_fraction_leaf': 0.0, 'presort': False, 'random_state': None, 'splitter': 'random'}, 'training-options': {'y-key': 'quality', 'exclude-keys': ['quality', 'quality'], 'image-name': 'dt-exports/winequality/attempts/3314952248/d-{}-{}-{}-orig-no-opt.{}'}}"
d,decision-with-opts,3314952248,0.1,649,0.46995377503852076,0.5066689466484269,0:00:00.144033,"{'tree-options': {'class_weight': None, 'criterion': 'gini', 'max_depth': 3, 'max_leaf_nodes': 10, 'min_samples_leaf': 5, 'min_samples_split': 2, 'min_weight_fraction_leaf': 0.0, 'presort': False, 'random_state': None, 'splitter': 'random'}, 'training-options': {'y-key': 'quality', 'exclude-keys': ['quality', 'quality'], 'image-name': 'dt-exports/winequality/attempts/3314952248/d-{}-{}-{}-orig-no-opt.{}'}}"
d,decision-with-opts,3314952248,0.05,324,0.40740740740740744,0.5028349262919164,0:00:00.205428,"{'tree-options': {'class_weight': None, 'criterion': 'gini', 'max_depth': 3, 'max_leaf_nodes': 10, 'min_samples_leaf': 5, 'min_samples_split': 2, 'min_weight_fraction_leaf': 0.0, 'presort': False, 'random_state': None, 'splitter': 'random'}, 'training-options': {'y-key': 'quality', 'exclude-keys': ['quality', 'quality'], 'image-name': 'dt-exports/winequality/attempts/3314952248/d-{}-{}-{}-orig-no-opt.{}'}}"
d,decision-with-opts,4007862753,0.95,6172,0.5061568373298768,0.5323076923076924,0:00:00.157782,"{'tree-options': {'class_weight': None, 'criterion': 'gini', 'max_depth': 3, 'max_leaf_nodes': 10, 'min_samples_leaf': 5, 'min_samples_split': 2, 'min_weight_fraction_leaf': 0.0, 'presort': False, 'random_state': None, 'splitter': 'random'}, 'training-options': {'y-key': 'quality', 'exclude-keys': ['quality', 'quality'], 'image-name': 'dt-exports/winequality/attempts/4007862753/d-{}-{}-{}-orig-no-opt.{}'}}"
d,decision-with-opts,4007862753,0.9,5847,0.5024799042243886,0.5492307692307692,0:00:00.150979,"{'tree-options': {'class_weight': None, 'criterion': 'gini', 'max_depth': 3, 'max_leaf_nodes': 10, 'min_samples_leaf': 5, 'min_samples_split': 2, 'min_weight_fraction_leaf': 0.0, 'presort': False, 'random_state': None, 'splitter': 'random'}, 'training-options': {'y-key': 'quality', 'exclude-keys': ['quality', 'quality'], 'image-name': 'dt-exports/winequality/attempts/4007862753/d-{}-{}-{}-orig-no-opt.{}'}}"
d,decision-with-opts,4007862753,0.85,5522,0.5016298442593263,0.5394871794871795,0:00:00.157157,"{'tree-options': {'class_weight': None, 'criterion': 'gini', 'max_depth': 3, 'max_leaf_nodes': 10, 'min_samples_leaf': 5, 'min_samples_split': 2, 'min_weight_fraction_leaf': 0.0, 'presort': False, 'random_state': None, 'splitter': 'random'}, 'training-options': {'y-key': 'quality', 'exclude-keys': ['quality', 'quality'], 'image-name': 'dt-exports/winequality/attempts/4007862753/d-{}-{}-{}-orig-no-opt.{}'}}"
d,decision-with-opts,4007862753,0.8,5197,0.4974023475081778,0.5215384615384615,0:00:00.147366,"{'tree-options': {'class_weight': None, 'criterion': 'gini', 'max_depth': 3, 'max_leaf_nodes': 10, 'min_samples_leaf': 5, 'min_samples_split': 2, 'min_weight_fraction_leaf': 0.0, 'presort': False, 'random_state': None, 'splitter': 'random'}, 'training-options': {'y-key': 'quality', 'exclude-keys': ['quality', 'quality'], 'image-name': 'dt-exports/winequality/attempts/4007862753/d-{}-{}-{}-orig-no-opt.{}'}}"
d,decision-with-opts,4007862753,0.75,4872,0.5055418719211823,0.5236923076923077,0:00:00.153275,"{'tree-options': {'class_weight': None, 'criterion': 'gini', 'max_depth': 3, 'max_leaf_nodes': 10, 'min_samples_leaf': 5, 'min_samples_split': 2, 'min_weight_fraction_leaf': 0.0, 'presort': False, 'random_state': None, 'splitter': 'random'}, 'training-options': {'y-key': 'quality', 'exclude-keys': ['quality', 'quality'], 'image-name': 'dt-exports/winequality/attempts/4007862753/d-{}-{}-{}-orig-no-opt.{}'}}"
d,decision-with-opts,4007862753,0.7,4547,0.5045084671211788,0.523076923076923,0:00:00.151793,"{'tree-options': {'class_weight': None, 'criterion': 'gini', 'max_depth': 3, 'max_leaf_nodes': 10, 'min_samples_leaf': 5, 'min_samples_split': 2, 'min_weight_fraction_leaf': 0.0, 'presort': False, 'random_state': None, 'splitter': 'random'}, 'training-options': {'y-key': 'quality', 'exclude-keys': ['quality', 'quality'], 'image-name': 'dt-exports/winequality/attempts/4007862753/d-{}-{}-{}-orig-no-opt.{}'}}"
d,decision-with-opts,4007862753,0.65,4223,0.5036703765095903,0.5263852242744063,0:00:00.153442,"{'tree-options': {'class_weight': None, 'criterion': 'gini', 'max_depth': 3, 'max_leaf_nodes': 10, 'min_samples_leaf': 5, 'min_samples_split': 2, 'min_weight_fraction_leaf': 0.0, 'presort': False, 'random_state': None, 'splitter': 'random'}, 'training-options': {'y-key': 'quality', 'exclude-keys': ['quality', 'quality'], 'image-name': 'dt-exports/winequality/attempts/4007862753/d-{}-{}-{}-orig-no-opt.{}'}}"
d,decision-with-opts,4007862753,0.6,3898,0.5074397126731658,0.5275105809926894,0:00:00.145341,"{'tree-options': {'class_weight': None, 'criterion': 'gini', 'max_depth': 3, 'max_leaf_nodes': 10, 'min_samples_leaf': 5, 'min_samples_split': 2, 'min_weight_fraction_leaf': 0.0, 'presort': False, 'random_state': None, 'splitter': 'random'}, 'training-options': {'y-key': 'quality', 'exclude-keys': ['quality', 'quality'], 'image-name': 'dt-exports/winequality/attempts/4007862753/d-{}-{}-{}-orig-no-opt.{}'}}"
d,decision-with-opts,4007862753,0.55,3573,0.5107752588860901,0.5157318741450068,0:00:00.151242,"{'tree-options': {'class_weight': None, 'criterion': 'gini', 'max_depth': 3, 'max_leaf_nodes': 10, 'min_samples_leaf': 5, 'min_samples_split': 2, 'min_weight_fraction_leaf': 0.0, 'presort': False, 'random_state': None, 'splitter': 'random'}, 'training-options': {'y-key': 'quality', 'exclude-keys': ['quality', 'quality'], 'image-name': 'dt-exports/winequality/attempts/4007862753/d-{}-{}-{}-orig-no-opt.{}'}}"
d,decision-with-opts,4007862753,0.5,3248,0.5123152709359606,0.5250846414281317,0:00:00.150024,"{'tree-options': {'class_weight': None, 'criterion': 'gini', 'max_depth': 3, 'max_leaf_nodes': 10, 'min_samples_leaf': 5, 'min_samples_split': 2, 'min_weight_fraction_leaf': 0.0, 'presort': False, 'random_state': None, 'splitter': 'random'}, 'training-options': {'y-key': 'quality', 'exclude-keys': ['quality', 'quality'], 'image-name': 'dt-exports/winequality/attempts/4007862753/d-{}-{}-{}-orig-no-opt.{}'}}"
d,decision-with-opts,4007862753,0.45,2923,0.5087239137872049,0.5226636821488528,0:00:00.145818,"{'tree-options': {'class_weight': None, 'criterion': 'gini', 'max_depth': 3, 'max_leaf_nodes': 10, 'min_samples_leaf': 5, 'min_samples_split': 2, 'min_weight_fraction_leaf': 0.0, 'presort': False, 'random_state': None, 'splitter': 'random'}, 'training-options': {'y-key': 'quality', 'exclude-keys': ['quality', 'quality'], 'image-name': 'dt-exports/winequality/attempts/4007862753/d-{}-{}-{}-orig-no-opt.{}'}}"
d,decision-with-opts,4007862753,0.4,2598,0.5076982294072363,0.520133367530136,0:00:00.147389,"{'tree-options': {'class_weight': None, 'criterion': 'gini', 'max_depth': 3, 'max_leaf_nodes': 10, 'min_samples_leaf': 5, 'min_samples_split': 2, 'min_weight_fraction_leaf': 0.0, 'presort': False, 'random_state': None, 'splitter': 'random'}, 'training-options': {'y-key': 'quality', 'exclude-keys': ['quality', 'quality'], 'image-name': 'dt-exports/winequality/attempts/4007862753/d-{}-{}-{}-orig-no-opt.{}'}}"
d,decision-with-opts,4007862753,0.35,2273,0.5217773867135944,0.5314867424242424,0:00:00.146378,"{'tree-options': {'class_weight': None, 'criterion': 'gini', 'max_depth': 3, 'max_leaf_nodes': 10, 'min_samples_leaf': 5, 'min_samples_split': 2, 'min_weight_fraction_leaf': 0.0, 'presort': False, 'random_state': None, 'splitter': 'random'}, 'training-options': {'y-key': 'quality', 'exclude-keys': ['quality', 'quality'], 'image-name': 'dt-exports/winequality/attempts/4007862753/d-{}-{}-{}-orig-no-opt.{}'}}"
d,decision-with-opts,4007862753,0.3,1949,0.5295023088763469,0.5217678100263852,0:00:00.153736,"{'tree-options': {'class_weight': None, 'criterion': 'gini', 'max_depth': 3, 'max_leaf_nodes': 10, 'min_samples_leaf': 5, 'min_samples_split': 2, 'min_weight_fraction_leaf': 0.0, 'presort': False, 'random_state': None, 'splitter': 'random'}, 'training-options': {'y-key': 'quality', 'exclude-keys': ['quality', 'quality'], 'image-name': 'dt-exports/winequality/attempts/4007862753/d-{}-{}-{}-orig-no-opt.{}'}}"
d,decision-with-opts,4007862753,0.25,1624,0.5221674876847291,0.524728093576852,0:00:00.148094,"{'tree-options': {'class_weight': None, 'criterion': 'gini', 'max_depth': 3, 'max_leaf_nodes': 10, 'min_samples_leaf': 5, 'min_samples_split': 2, 'min_weight_fraction_leaf': 0.0, 'presort': False, 'random_state': None, 'splitter': 'random'}, 'training-options': {'y-key': 'quality', 'exclude-keys': ['quality', 'quality'], 'image-name': 'dt-exports/winequality/attempts/4007862753/d-{}-{}-{}-orig-no-opt.{}'}}"
d,decision-with-opts,4007862753,0.2,1299,0.5234795996920708,0.5323201231242786,0:00:00.144031,"{'tree-options': {'class_weight': None, 'criterion': 'gini', 'max_depth': 3, 'max_leaf_nodes': 10, 'min_samples_leaf': 5, 'min_samples_split': 2, 'min_weight_fraction_leaf': 0.0, 'presort': False, 'random_state': None, 'splitter': 'random'}, 'training-options': {'y-key': 'quality', 'exclude-keys': ['quality', 'quality'], 'image-name': 'dt-exports/winequality/attempts/4007862753/d-{}-{}-{}-orig-no-opt.{}'}}"
d,decision-with-opts,4007862753,0.15,974,0.49075975359342916,0.49465869998189393,0:00:00.146799,"{'tree-options': {'class_weight': None, 'criterion': 'gini', 'max_depth': 3, 'max_leaf_nodes': 10, 'min_samples_leaf': 5, 'min_samples_split': 2, 'min_weight_fraction_leaf': 0.0, 'presort': False, 'random_state': None, 'splitter': 'random'}, 'training-options': {'y-key': 'quality', 'exclude-keys': ['quality', 'quality'], 'image-name': 'dt-exports/winequality/attempts/4007862753/d-{}-{}-{}-orig-no-opt.{}'}}"
d,decision-with-opts,4007862753,0.1,649,0.5130970724191063,0.5189808481532148,0:00:00.246217,"{'tree-options': {'class_weight': None, 'criterion': 'gini', 'max_depth': 3, 'max_leaf_nodes': 10, 'min_samples_leaf': 5, 'min_samples_split': 2, 'min_weight_fraction_leaf': 0.0, 'presort': False, 'random_state': None, 'splitter': 'random'}, 'training-options': {'y-key': 'quality', 'exclude-keys': ['quality', 'quality'], 'image-name': 'dt-exports/winequality/attempts/4007862753/d-{}-{}-{}-orig-no-opt.{}'}}"
d,decision-with-opts,4007862753,0.05,324,0.441358024691358,0.5375020249473514,0:00:00.143840,"{'tree-options': {'class_weight': None, 'criterion': 'gini', 'max_depth': 3, 'max_leaf_nodes': 10, 'min_samples_leaf': 5, 'min_samples_split': 2, 'min_weight_fraction_leaf': 0.0, 'presort': False, 'random_state': None, 'splitter': 'random'}, 'training-options': {'y-key': 'quality', 'exclude-keys': ['quality', 'quality'], 'image-name': 'dt-exports/winequality/attempts/4007862753/d-{}-{}-{}-orig-no-opt.{}'}}"
d,decision-with-opts,743167336,0.95,6172,0.5087491898898251,0.5384615384615384,0:00:00.153702,"{'tree-options': {'class_weight': None, 'criterion': 'gini', 'max_depth': 3, 'max_leaf_nodes': 10, 'min_samples_leaf': 5, 'min_samples_split': 2, 'min_weight_fraction_leaf': 0.0, 'presort': False, 'random_state': None, 'splitter': 'random'}, 'training-options': {'y-key': 'quality', 'exclude-keys': ['quality', 'quality'], 'image-name': 'dt-exports/winequality/attempts/743167336/d-{}-{}-{}-orig-no-opt.{}'}}"
d,decision-with-opts,743167336,0.9,5847,0.4843509492047203,0.5076923076923077,0:00:00.152140,"{'tree-options': {'class_weight': None, 'criterion': 'gini', 'max_depth': 3, 'max_leaf_nodes': 10, 'min_samples_leaf': 5, 'min_samples_split': 2, 'min_weight_fraction_leaf': 0.0, 'presort': False, 'random_state': None, 'splitter': 'random'}, 'training-options': {'y-key': 'quality', 'exclude-keys': ['quality', 'quality'], 'image-name': 'dt-exports/winequality/attempts/743167336/d-{}-{}-{}-orig-no-opt.{}'}}"
d,decision-with-opts,743167336,0.85,5522,0.48569358927924666,0.5097435897435898,0:00:00.150917,"{'tree-options': {'class_weight': None, 'criterion': 'gini', 'max_depth': 3, 'max_leaf_nodes': 10, 'min_samples_leaf': 5, 'min_samples_split': 2, 'min_weight_fraction_leaf': 0.0, 'presort': False, 'random_state': None, 'splitter': 'random'}, 'training-options': {'y-key': 'quality', 'exclude-keys': ['quality', 'quality'], 'image-name': 'dt-exports/winequality/attempts/743167336/d-{}-{}-{}-orig-no-opt.{}'}}"
d,decision-with-opts,743167336,0.8,5197,0.4823936886665384,0.5038461538461538,0:00:00.150459,"{'tree-options': {'class_weight': None, 'criterion': 'gini', 'max_depth': 3, 'max_leaf_nodes': 10, 'min_samples_leaf': 5, 'min_samples_split': 2, 'min_weight_fraction_leaf': 0.0, 'presort': False, 'random_state': None, 'splitter': 'random'}, 'training-options': {'y-key': 'quality', 'exclude-keys': ['quality', 'quality'], 'image-name': 'dt-exports/winequality/attempts/743167336/d-{}-{}-{}-orig-no-opt.{}'}}"
d,decision-with-opts,743167336,0.75,4872,0.4630541871921182,0.46215384615384614,0:00:00.151753,"{'tree-options': {'class_weight': None, 'criterion': 'gini', 'max_depth': 3, 'max_leaf_nodes': 10, 'min_samples_leaf': 5, 'min_samples_split': 2, 'min_weight_fraction_leaf': 0.0, 'presort': False, 'random_state': None, 'splitter': 'random'}, 'training-options': {'y-key': 'quality', 'exclude-keys': ['quality', 'quality'], 'image-name': 'dt-exports/winequality/attempts/743167336/d-{}-{}-{}-orig-no-opt.{}'}}"
d,decision-with-opts,743167336,0.7,4547,0.4642621508687046,0.45948717948717954,0:00:00.152942,"{'tree-options': {'class_weight': None, 'criterion': 'gini', 'max_depth': 3, 'max_leaf_nodes': 10, 'min_samples_leaf': 5, 'min_samples_split': 2, 'min_weight_fraction_leaf': 0.0, 'presort': False, 'random_state': None, 'splitter': 'random'}, 'training-options': {'y-key': 'quality', 'exclude-keys': ['quality', 'quality'], 'image-name': 'dt-exports/winequality/attempts/743167336/d-{}-{}-{}-orig-no-opt.{}'}}"
d,decision-with-opts,743167336,0.65,4223,0.45986265687899597,0.47361477572559363,0:00:00.570006,"{'tree-options': {'class_weight': None, 'criterion': 'gini', 'max_depth': 3, 'max_leaf_nodes': 10, 'min_samples_leaf': 5, 'min_samples_split': 2, 'min_weight_fraction_leaf': 0.0, 'presort': False, 'random_state': None, 'splitter': 'random'}, 'training-options': {'y-key': 'quality', 'exclude-keys': ['quality', 'quality'], 'image-name': 'dt-exports/winequality/attempts/743167336/d-{}-{}-{}-orig-no-opt.{}'}}"
d,decision-with-opts,743167336,0.6,3898,0.4563878912262699,0.477106579453636,0:00:00.151680,"{'tree-options': {'class_weight': None, 'criterion': 'gini', 'max_depth': 3, 'max_leaf_nodes': 10, 'min_samples_leaf': 5, 'min_samples_split': 2, 'min_weight_fraction_leaf': 0.0, 'presort': False, 'random_state': None, 'splitter': 'random'}, 'training-options': {'y-key': 'quality', 'exclude-keys': ['quality', 'quality'], 'image-name': 'dt-exports/winequality/attempts/743167336/d-{}-{}-{}-orig-no-opt.{}'}}"
d,decision-with-opts,743167336,0.55,3573,0.4573187797369157,0.4722982216142271,0:00:00.146972,"{'tree-options': {'class_weight': None, 'criterion': 'gini', 'max_depth': 3, 'max_leaf_nodes': 10, 'min_samples_leaf': 5, 'min_samples_split': 2, 'min_weight_fraction_leaf': 0.0, 'presort': False, 'random_state': None, 'splitter': 'random'}, 'training-options': {'y-key': 'quality', 'exclude-keys': ['quality', 'quality'], 'image-name': 'dt-exports/winequality/attempts/743167336/d-{}-{}-{}-orig-no-opt.{}'}}"
d,decision-with-opts,743167336,0.5,3248,0.4565886699507389,0.471529701446599,0:00:00.147578,"{'tree-options': {'class_weight': None, 'criterion': 'gini', 'max_depth': 3, 'max_leaf_nodes': 10, 'min_samples_leaf': 5, 'min_samples_split': 2, 'min_weight_fraction_leaf': 0.0, 'presort': False, 'random_state': None, 'splitter': 'random'}, 'training-options': {'y-key': 'quality', 'exclude-keys': ['quality', 'quality'], 'image-name': 'dt-exports/winequality/attempts/743167336/d-{}-{}-{}-orig-no-opt.{}'}}"
d,decision-with-opts,743167336,0.45,2923,0.49777625726992814,0.5159485170677112,0:00:00.147168,"{'tree-options': {'class_weight': None, 'criterion': 'gini', 'max_depth': 3, 'max_leaf_nodes': 10, 'min_samples_leaf': 5, 'min_samples_split': 2, 'min_weight_fraction_leaf': 0.0, 'presort': False, 'random_state': None, 'splitter': 'random'}, 'training-options': {'y-key': 'quality', 'exclude-keys': ['quality', 'quality'], 'image-name': 'dt-exports/winequality/attempts/743167336/d-{}-{}-{}-orig-no-opt.{}'}}"
d,decision-with-opts,743167336,0.4,2598,0.4992301770592764,0.5183380353936906,0:00:00.147808,"{'tree-options': {'class_weight': None, 'criterion': 'gini', 'max_depth': 3, 'max_leaf_nodes': 10, 'min_samples_leaf': 5, 'min_samples_split': 2, 'min_weight_fraction_leaf': 0.0, 'presort': False, 'random_state': None, 'splitter': 'random'}, 'training-options': {'y-key': 'quality', 'exclude-keys': ['quality', 'quality'], 'image-name': 'dt-exports/winequality/attempts/743167336/d-{}-{}-{}-orig-no-opt.{}'}}"
d,decision-with-opts,743167336,0.35,2273,0.49714034315882094,0.5179924242424243,0:00:00.149554,"{'tree-options': {'class_weight': None, 'criterion': 'gini', 'max_depth': 3, 'max_leaf_nodes': 10, 'min_samples_leaf': 5, 'min_samples_split': 2, 'min_weight_fraction_leaf': 0.0, 'presort': False, 'random_state': None, 'splitter': 'random'}, 'training-options': {'y-key': 'quality', 'exclude-keys': ['quality', 'quality'], 'image-name': 'dt-exports/winequality/attempts/743167336/d-{}-{}-{}-orig-no-opt.{}'}}"
d,decision-with-opts,743167336,0.3,1949,0.4879425346331452,0.5204485488126649,0:00:00.145684,"{'tree-options': {'class_weight': None, 'criterion': 'gini', 'max_depth': 3, 'max_leaf_nodes': 10, 'min_samples_leaf': 5, 'min_samples_split': 2, 'min_weight_fraction_leaf': 0.0, 'presort': False, 'random_state': None, 'splitter': 'random'}, 'training-options': {'y-key': 'quality', 'exclude-keys': ['quality', 'quality'], 'image-name': 'dt-exports/winequality/attempts/743167336/d-{}-{}-{}-orig-no-opt.{}'}}"
d,decision-with-opts,743167336,0.25,1624,0.4833743842364532,0.5198029961009645,0:00:00.151914,"{'tree-options': {'class_weight': None, 'criterion': 'gini', 'max_depth': 3, 'max_leaf_nodes': 10, 'min_samples_leaf': 5, 'min_samples_split': 2, 'min_weight_fraction_leaf': 0.0, 'presort': False, 'random_state': None, 'splitter': 'random'}, 'training-options': {'y-key': 'quality', 'exclude-keys': ['quality', 'quality'], 'image-name': 'dt-exports/winequality/attempts/743167336/d-{}-{}-{}-orig-no-opt.{}'}}"
d,decision-with-opts,743167336,0.2,1299,0.44033872209391844,0.4949980761831474,0:00:00.150849,"{'tree-options': {'class_weight': None, 'criterion': 'gini', 'max_depth': 3, 'max_leaf_nodes': 10, 'min_samples_leaf': 5, 'min_samples_split': 2, 'min_weight_fraction_leaf': 0.0, 'presort': False, 'random_state': None, 'splitter': 'random'}, 'training-options': {'y-key': 'quality', 'exclude-keys': ['quality', 'quality'], 'image-name': 'dt-exports/winequality/attempts/743167336/d-{}-{}-{}-orig-no-opt.{}'}}"
d,decision-with-opts,743167336,0.15,974,0.4856262833675564,0.5216367915987687,0:00:00.143819,"{'tree-options': {'class_weight': None, 'criterion': 'gini', 'max_depth': 3, 'max_leaf_nodes': 10, 'min_samples_leaf': 5, 'min_samples_split': 2, 'min_weight_fraction_leaf': 0.0, 'presort': False, 'random_state': None, 'splitter': 'random'}, 'training-options': {'y-key': 'quality', 'exclude-keys': ['quality', 'quality'], 'image-name': 'dt-exports/winequality/attempts/743167336/d-{}-{}-{}-orig-no-opt.{}'}}"
d,decision-with-opts,743167336,0.1,649,0.49922958397534667,0.5446306429548564,0:00:00.144761,"{'tree-options': {'class_weight': None, 'criterion': 'gini', 'max_depth': 3, 'max_leaf_nodes': 10, 'min_samples_leaf': 5, 'min_samples_split': 2, 'min_weight_fraction_leaf': 0.0, 'presort': False, 'random_state': None, 'splitter': 'random'}, 'training-options': {'y-key': 'quality', 'exclude-keys': ['quality', 'quality'], 'image-name': 'dt-exports/winequality/attempts/743167336/d-{}-{}-{}-orig-no-opt.{}'}}"
d,decision-with-opts,743167336,0.05,324,0.404320987654321,0.5060748420541066,0:00:00.210367,"{'tree-options': {'class_weight': None, 'criterion': 'gini', 'max_depth': 3, 'max_leaf_nodes': 10, 'min_samples_leaf': 5, 'min_samples_split': 2, 'min_weight_fraction_leaf': 0.0, 'presort': False, 'random_state': None, 'splitter': 'random'}, 'training-options': {'y-key': 'quality', 'exclude-keys': ['quality', 'quality'], 'image-name': 'dt-exports/winequality/attempts/743167336/d-{}-{}-{}-orig-no-opt.{}'}}"
d,decision-with-opts,2127013315,0.95,6172,0.48849643551523003,0.4953846153846154,0:00:00.156021,"{'tree-options': {'class_weight': None, 'criterion': 'gini', 'max_depth': 3, 'max_leaf_nodes': 10, 'min_samples_leaf': 5, 'min_samples_split': 2, 'min_weight_fraction_leaf': 0.0, 'presort': False, 'random_state': None, 'splitter': 'random'}, 'training-options': {'y-key': 'quality', 'exclude-keys': ['quality', 'quality'], 'image-name': 'dt-exports/winequality/attempts/2127013315/d-{}-{}-{}-orig-no-opt.{}'}}"
d,decision-with-opts,2127013315,0.9,5847,0.48589020010261674,0.5153846153846153,0:00:00.152684,"{'tree-options': {'class_weight': None, 'criterion': 'gini', 'max_depth': 3, 'max_leaf_nodes': 10, 'min_samples_leaf': 5, 'min_samples_split': 2, 'min_weight_fraction_leaf': 0.0, 'presort': False, 'random_state': None, 'splitter': 'random'}, 'training-options': {'y-key': 'quality', 'exclude-keys': ['quality', 'quality'], 'image-name': 'dt-exports/winequality/attempts/2127013315/d-{}-{}-{}-orig-no-opt.{}'}}"
d,decision-with-opts,2127013315,0.85,5522,0.48678015211879755,0.5056410256410256,0:00:00.156102,"{'tree-options': {'class_weight': None, 'criterion': 'gini', 'max_depth': 3, 'max_leaf_nodes': 10, 'min_samples_leaf': 5, 'min_samples_split': 2, 'min_weight_fraction_leaf': 0.0, 'presort': False, 'random_state': None, 'splitter': 'random'}, 'training-options': {'y-key': 'quality', 'exclude-keys': ['quality', 'quality'], 'image-name': 'dt-exports/winequality/attempts/2127013315/d-{}-{}-{}-orig-no-opt.{}'}}"
d,decision-with-opts,2127013315,0.8,5197,0.4893207619780643,0.48461538461538467,0:00:00.154683,"{'tree-options': {'class_weight': None, 'criterion': 'gini', 'max_depth': 3, 'max_leaf_nodes': 10, 'min_samples_leaf': 5, 'min_samples_split': 2, 'min_weight_fraction_leaf': 0.0, 'presort': False, 'random_state': None, 'splitter': 'random'}, 'training-options': {'y-key': 'quality', 'exclude-keys': ['quality', 'quality'], 'image-name': 'dt-exports/winequality/attempts/2127013315/d-{}-{}-{}-orig-no-opt.{}'}}"
d,decision-with-opts,2127013315,0.75,4872,0.4819376026272578,0.49415384615384617,0:00:00.152982,"{'tree-options': {'class_weight': None, 'criterion': 'gini', 'max_depth': 3, 'max_leaf_nodes': 10, 'min_samples_leaf': 5, 'min_samples_split': 2, 'min_weight_fraction_leaf': 0.0, 'presort': False, 'random_state': None, 'splitter': 'random'}, 'training-options': {'y-key': 'quality', 'exclude-keys': ['quality', 'quality'], 'image-name': 'dt-exports/winequality/attempts/2127013315/d-{}-{}-{}-orig-no-opt.{}'}}"
d,decision-with-opts,2127013315,0.7,4547,0.48823400043985044,0.49589743589743585,0:00:00.160725,"{'tree-options': {'class_weight': None, 'criterion': 'gini', 'max_depth': 3, 'max_leaf_nodes': 10, 'min_samples_leaf': 5, 'min_samples_split': 2, 'min_weight_fraction_leaf': 0.0, 'presort': False, 'random_state': None, 'splitter': 'random'}, 'training-options': {'y-key': 'quality', 'exclude-keys': ['quality', 'quality'], 'image-name': 'dt-exports/winequality/attempts/2127013315/d-{}-{}-{}-orig-no-opt.{}'}}"
d,decision-with-opts,2127013315,0.65,4223,0.4797537295761307,0.48504837291116976,0:00:00.151110,"{'tree-options': {'class_weight': None, 'criterion': 'gini', 'max_depth': 3, 'max_leaf_nodes': 10, 'min_samples_leaf': 5, 'min_samples_split': 2, 'min_weight_fraction_leaf': 0.0, 'presort': False, 'random_state': None, 'splitter': 'random'}, 'training-options': {'y-key': 'quality', 'exclude-keys': ['quality', 'quality'], 'image-name': 'dt-exports/winequality/attempts/2127013315/d-{}-{}-{}-orig-no-opt.{}'}}"
d,decision-with-opts,2127013315,0.6,3898,0.48024628014366344,0.4886494805694498,0:00:00.150223,"{'tree-options': {'class_weight': None, 'criterion': 'gini', 'max_depth': 3, 'max_leaf_nodes': 10, 'min_samples_leaf': 5, 'min_samples_split': 2, 'min_weight_fraction_leaf': 0.0, 'presort': False, 'random_state': None, 'splitter': 'random'}, 'training-options': {'y-key': 'quality', 'exclude-keys': ['quality', 'quality'], 'image-name': 'dt-exports/winequality/attempts/2127013315/d-{}-{}-{}-orig-no-opt.{}'}}"
d,decision-with-opts,2127013315,0.55,3573,0.4774699132381752,0.48666210670314636,0:00:00.158637,"{'tree-options': {'class_weight': None, 'criterion': 'gini', 'max_depth': 3, 'max_leaf_nodes': 10, 'min_samples_leaf': 5, 'min_samples_split': 2, 'min_weight_fraction_leaf': 0.0, 'presort': False, 'random_state': None, 'splitter': 'random'}, 'training-options': {'y-key': 'quality', 'exclude-keys': ['quality', 'quality'], 'image-name': 'dt-exports/winequality/attempts/2127013315/d-{}-{}-{}-orig-no-opt.{}'}}"
d,decision-with-opts,2127013315,0.5,3248,0.48429802955665024,0.48722683902739305,0:00:00.151763,"{'tree-options': {'class_weight': None, 'criterion': 'gini', 'max_depth': 3, 'max_leaf_nodes': 10, 'min_samples_leaf': 5, 'min_samples_split': 2, 'min_weight_fraction_leaf': 0.0, 'presort': False, 'random_state': None, 'splitter': 'random'}, 'training-options': {'y-key': 'quality', 'exclude-keys': ['quality', 'quality'], 'image-name': 'dt-exports/winequality/attempts/2127013315/d-{}-{}-{}-orig-no-opt.{}'}}"
d,decision-with-opts,2127013315,0.45,2923,0.4796442011631885,0.4798545047565753,0:00:00.151715,"{'tree-options': {'class_weight': None, 'criterion': 'gini', 'max_depth': 3, 'max_leaf_nodes': 10, 'min_samples_leaf': 5, 'min_samples_split': 2, 'min_weight_fraction_leaf': 0.0, 'presort': False, 'random_state': None, 'splitter': 'random'}, 'training-options': {'y-key': 'quality', 'exclude-keys': ['quality', 'quality'], 'image-name': 'dt-exports/winequality/attempts/2127013315/d-{}-{}-{}-orig-no-opt.{}'}}"
d,decision-with-opts,2127013315,0.4,2598,0.49653579676674364,0.48986919723005895,0:00:00.146590,"{'tree-options': {'class_weight': None, 'criterion': 'gini', 'max_depth': 3, 'max_leaf_nodes': 10, 'min_samples_leaf': 5, 'min_samples_split': 2, 'min_weight_fraction_leaf': 0.0, 'presort': False, 'random_state': None, 'splitter': 'random'}, 'training-options': {'y-key': 'quality', 'exclude-keys': ['quality', 'quality'], 'image-name': 'dt-exports/winequality/attempts/2127013315/d-{}-{}-{}-orig-no-opt.{}'}}"
d,decision-with-opts,2127013315,0.35,2273,0.4958205015398153,0.48650568181818177,0:00:00.419683,"{'tree-options': {'class_weight': None, 'criterion': 'gini', 'max_depth': 3, 'max_leaf_nodes': 10, 'min_samples_leaf': 5, 'min_samples_split': 2, 'min_weight_fraction_leaf': 0.0, 'presort': False, 'random_state': None, 'splitter': 'random'}, 'training-options': {'y-key': 'quality', 'exclude-keys': ['quality', 'quality'], 'image-name': 'dt-exports/winequality/attempts/2127013315/d-{}-{}-{}-orig-no-opt.{}'}}"
d,decision-with-opts,2127013315,0.3,1949,0.48999486916367363,0.4907651715039578,0:00:00.364341,"{'tree-options': {'class_weight': None, 'criterion': 'gini', 'max_depth': 3, 'max_leaf_nodes': 10, 'min_samples_leaf': 5, 'min_samples_split': 2, 'min_weight_fraction_leaf': 0.0, 'presort': False, 'random_state': None, 'splitter': 'random'}, 'training-options': {'y-key': 'quality', 'exclude-keys': ['quality', 'quality'], 'image-name': 'dt-exports/winequality/attempts/2127013315/d-{}-{}-{}-orig-no-opt.{}'}}"
d,decision-with-opts,2127013315,0.25,1624,0.5055418719211823,0.5159039605992202,0:00:00.145218,"{'tree-options': {'class_weight': None, 'criterion': 'gini', 'max_depth': 3, 'max_leaf_nodes': 10, 'min_samples_leaf': 5, 'min_samples_split': 2, 'min_weight_fraction_leaf': 0.0, 'presort': False, 'random_state': None, 'splitter': 'random'}, 'training-options': {'y-key': 'quality', 'exclude-keys': ['quality', 'quality'], 'image-name': 'dt-exports/winequality/attempts/2127013315/d-{}-{}-{}-orig-no-opt.{}'}}"
d,decision-with-opts,2127013315,0.2,1299,0.47113163972286376,0.504424778761062,0:00:00.334315,"{'tree-options': {'class_weight': None, 'criterion': 'gini', 'max_depth': 3, 'max_leaf_nodes': 10, 'min_samples_leaf': 5, 'min_samples_split': 2, 'min_weight_fraction_leaf': 0.0, 'presort': False, 'random_state': None, 'splitter': 'random'}, 'training-options': {'y-key': 'quality', 'exclude-keys': ['quality', 'quality'], 'image-name': 'dt-exports/winequality/attempts/2127013315/d-{}-{}-{}-orig-no-opt.{}'}}"
d,decision-with-opts,2127013315,0.15,974,0.4815195071868583,0.5078761542639869,0:00:00.144433,"{'tree-options': {'class_weight': None, 'criterion': 'gini', 'max_depth': 3, 'max_leaf_nodes': 10, 'min_samples_leaf': 5, 'min_samples_split': 2, 'min_weight_fraction_leaf': 0.0, 'presort': False, 'random_state': None, 'splitter': 'random'}, 'training-options': {'y-key': 'quality', 'exclude-keys': ['quality', 'quality'], 'image-name': 'dt-exports/winequality/attempts/2127013315/d-{}-{}-{}-orig-no-opt.{}'}}"
d,decision-with-opts,2127013315,0.1,649,0.4576271186440678,0.4916210670314638,0:00:00.141502,"{'tree-options': {'class_weight': None, 'criterion': 'gini', 'max_depth': 3, 'max_leaf_nodes': 10, 'min_samples_leaf': 5, 'min_samples_split': 2, 'min_weight_fraction_leaf': 0.0, 'presort': False, 'random_state': None, 'splitter': 'random'}, 'training-options': {'y-key': 'quality', 'exclude-keys': ['quality', 'quality'], 'image-name': 'dt-exports/winequality/attempts/2127013315/d-{}-{}-{}-orig-no-opt.{}'}}"
d,decision-with-opts,2127013315,0.05,324,0.42592592592592593,0.5271342945083428,0:00:00.143289,"{'tree-options': {'class_weight': None, 'criterion': 'gini', 'max_depth': 3, 'max_leaf_nodes': 10, 'min_samples_leaf': 5, 'min_samples_split': 2, 'min_weight_fraction_leaf': 0.0, 'presort': False, 'random_state': None, 'splitter': 'random'}, 'training-options': {'y-key': 'quality', 'exclude-keys': ['quality', 'quality'], 'image-name': 'dt-exports/winequality/attempts/2127013315/d-{}-{}-{}-orig-no-opt.{}'}}"
d,decision-with-opts,3689497746,0.95,6172,0.5009721322099805,0.5138461538461538,0:00:00.155312,"{'tree-options': {'class_weight': None, 'criterion': 'gini', 'max_depth': 3, 'max_leaf_nodes': 10, 'min_samples_leaf': 5, 'min_samples_split': 2, 'min_weight_fraction_leaf': 0.0, 'presort': False, 'random_state': None, 'splitter': 'random'}, 'training-options': {'y-key': 'quality', 'exclude-keys': ['quality', 'quality'], 'image-name': 'dt-exports/winequality/attempts/3689497746/d-{}-{}-{}-orig-no-opt.{}'}}"
d,decision-with-opts,3689497746,0.9,5847,0.5019668205917565,0.5184615384615385,0:00:00.150237,"{'tree-options': {'class_weight': None, 'criterion': 'gini', 'max_depth': 3, 'max_leaf_nodes': 10, 'min_samples_leaf': 5, 'min_samples_split': 2, 'min_weight_fraction_leaf': 0.0, 'presort': False, 'random_state': None, 'splitter': 'random'}, 'training-options': {'y-key': 'quality', 'exclude-keys': ['quality', 'quality'], 'image-name': 'dt-exports/winequality/attempts/3689497746/d-{}-{}-{}-orig-no-opt.{}'}}"
d,decision-with-opts,3689497746,0.85,5522,0.4759145237232887,0.4553846153846154,0:00:00.156033,"{'tree-options': {'class_weight': None, 'criterion': 'gini', 'max_depth': 3, 'max_leaf_nodes': 10, 'min_samples_leaf': 5, 'min_samples_split': 2, 'min_weight_fraction_leaf': 0.0, 'presort': False, 'random_state': None, 'splitter': 'random'}, 'training-options': {'y-key': 'quality', 'exclude-keys': ['quality', 'quality'], 'image-name': 'dt-exports/winequality/attempts/3689497746/d-{}-{}-{}-orig-no-opt.{}'}}"
d,decision-with-opts,3689497746,0.8,5197,0.47546661535501256,0.4623076923076923,0:00:00.151558,"{'tree-options': {'class_weight': None, 'criterion': 'gini', 'max_depth': 3, 'max_leaf_nodes': 10, 'min_samples_leaf': 5, 'min_samples_split': 2, 'min_weight_fraction_leaf': 0.0, 'presort': False, 'random_state': None, 'splitter': 'random'}, 'training-options': {'y-key': 'quality', 'exclude-keys': ['quality', 'quality'], 'image-name': 'dt-exports/winequality/attempts/3689497746/d-{}-{}-{}-orig-no-opt.{}'}}"
d,decision-with-opts,3689497746,0.75,4872,0.47619047619047616,0.4627692307692308,0:00:00.154218,"{'tree-options': {'class_weight': None, 'criterion': 'gini', 'max_depth': 3, 'max_leaf_nodes': 10, 'min_samples_leaf': 5, 'min_samples_split': 2, 'min_weight_fraction_leaf': 0.0, 'presort': False, 'random_state': None, 'splitter': 'random'}, 'training-options': {'y-key': 'quality', 'exclude-keys': ['quality', 'quality'], 'image-name': 'dt-exports/winequality/attempts/3689497746/d-{}-{}-{}-orig-no-opt.{}'}}"
d,decision-with-opts,3689497746,0.7,4547,0.47767758961952933,0.458974358974359,0:00:00.151253,"{'tree-options': {'class_weight': None, 'criterion': 'gini', 'max_depth': 3, 'max_leaf_nodes': 10, 'min_samples_leaf': 5, 'min_samples_split': 2, 'min_weight_fraction_leaf': 0.0, 'presort': False, 'random_state': None, 'splitter': 'random'}, 'training-options': {'y-key': 'quality', 'exclude-keys': ['quality', 'quality'], 'image-name': 'dt-exports/winequality/attempts/3689497746/d-{}-{}-{}-orig-no-opt.{}'}}"
d,decision-with-opts,3689497746,0.65,4223,0.48567369168837315,0.474934036939314,0:00:00.148244,"{'tree-options': {'class_weight': None, 'criterion': 'gini', 'max_depth': 3, 'max_leaf_nodes': 10, 'min_samples_leaf': 5, 'min_samples_split': 2, 'min_weight_fraction_leaf': 0.0, 'presort': False, 'random_state': None, 'splitter': 'random'}, 'training-options': {'y-key': 'quality', 'exclude-keys': ['quality', 'quality'], 'image-name': 'dt-exports/winequality/attempts/3689497746/d-{}-{}-{}-orig-no-opt.{}'}}"
d,decision-with-opts,3689497746,0.6,3898,0.48486403283735247,0.47749134282416317,0:00:00.153561,"{'tree-options': {'class_weight': None, 'criterion': 'gini', 'max_depth': 3, 'max_leaf_nodes': 10, 'min_samples_leaf': 5, 'min_samples_split': 2, 'min_weight_fraction_leaf': 0.0, 'presort': False, 'random_state': None, 'splitter': 'random'}, 'training-options': {'y-key': 'quality', 'exclude-keys': ['quality', 'quality'], 'image-name': 'dt-exports/winequality/attempts/3689497746/d-{}-{}-{}-orig-no-opt.{}'}}"
d,decision-with-opts,3689497746,0.55,3573,0.47215225300867614,0.4733242134062927,0:00:00.154819,"{'tree-options': {'class_weight': None, 'criterion': 'gini', 'max_depth': 3, 'max_leaf_nodes': 10, 'min_samples_leaf': 5, 'min_samples_split': 2, 'min_weight_fraction_leaf': 0.0, 'presort': False, 'random_state': None, 'splitter': 'random'}, 'training-options': {'y-key': 'quality', 'exclude-keys': ['quality', 'quality'], 'image-name': 'dt-exports/winequality/attempts/3689497746/d-{}-{}-{}-orig-no-opt.{}'}}"
d,decision-with-opts,3689497746,0.5,3248,0.4716748768472906,0.4736842105263158,0:00:00.148815,"{'tree-options': {'class_weight': None, 'criterion': 'gini', 'max_depth': 3, 'max_leaf_nodes': 10, 'min_samples_leaf': 5, 'min_samples_split': 2, 'min_weight_fraction_leaf': 0.0, 'presort': False, 'random_state': None, 'splitter': 'random'}, 'training-options': {'y-key': 'quality', 'exclude-keys': ['quality', 'quality'], 'image-name': 'dt-exports/winequality/attempts/3689497746/d-{}-{}-{}-orig-no-opt.{}'}}"
d,decision-with-opts,3689497746,0.45,2923,0.47895997263085865,0.4840514829322887,0:00:00.149253,"{'tree-options': {'class_weight': None, 'criterion': 'gini', 'max_depth': 3, 'max_leaf_nodes': 10, 'min_samples_leaf': 5, 'min_samples_split': 2, 'min_weight_fraction_leaf': 0.0, 'presort': False, 'random_state': None, 'splitter': 'random'}, 'training-options': {'y-key': 'quality', 'exclude-keys': ['quality', 'quality'], 'image-name': 'dt-exports/winequality/attempts/3689497746/d-{}-{}-{}-orig-no-opt.{}'}}"
d,decision-with-opts,3689497746,0.4,2598,0.47998460354118555,0.48294434470377023,0:00:00.149260,"{'tree-options': {'class_weight': None, 'criterion': 'gini', 'max_depth': 3, 'max_leaf_nodes': 10, 'min_samples_leaf': 5, 'min_samples_split': 2, 'min_weight_fraction_leaf': 0.0, 'presort': False, 'random_state': None, 'splitter': 'random'}, 'training-options': {'y-key': 'quality', 'exclude-keys': ['quality', 'quality'], 'image-name': 'dt-exports/winequality/attempts/3689497746/d-{}-{}-{}-orig-no-opt.{}'}}"
d,decision-with-opts,3689497746,0.35,2273,0.4729432468103828,0.48650568181818177,0:00:00.155909,"{'tree-options': {'class_weight': None, 'criterion': 'gini', 'max_depth': 3, 'max_leaf_nodes': 10, 'min_samples_leaf': 5, 'min_samples_split': 2, 'min_weight_fraction_leaf': 0.0, 'presort': False, 'random_state': None, 'splitter': 'random'}, 'training-options': {'y-key': 'quality', 'exclude-keys': ['quality', 'quality'], 'image-name': 'dt-exports/winequality/attempts/3689497746/d-{}-{}-{}-orig-no-opt.{}'}}"
d,decision-with-opts,3689497746,0.3,1949,0.45920985120574653,0.4859278803869833,0:00:00.145188,"{'tree-options': {'class_weight': None, 'criterion': 'gini', 'max_depth': 3, 'max_leaf_nodes': 10, 'min_samples_leaf': 5, 'min_samples_split': 2, 'min_weight_fraction_leaf': 0.0, 'presort': False, 'random_state': None, 'splitter': 'random'}, 'training-options': {'y-key': 'quality', 'exclude-keys': ['quality', 'quality'], 'image-name': 'dt-exports/winequality/attempts/3689497746/d-{}-{}-{}-orig-no-opt.{}'}}"
d,decision-with-opts,3689497746,0.25,1624,0.45197044334975367,0.49107326082495384,0:00:00.148650,"{'tree-options': {'class_weight': None, 'criterion': 'gini', 'max_depth': 3, 'max_leaf_nodes': 10, 'min_samples_leaf': 5, 'min_samples_split': 2, 'min_weight_fraction_leaf': 0.0, 'presort': False, 'random_state': None, 'splitter': 'random'}, 'training-options': {'y-key': 'quality', 'exclude-keys': ['quality', 'quality'], 'image-name': 'dt-exports/winequality/attempts/3689497746/d-{}-{}-{}-orig-no-opt.{}'}}"
d,decision-with-opts,3689497746,0.2,1299,0.45419553502694376,0.5021161985378992,0:00:00.145078,"{'tree-options': {'class_weight': None, 'criterion': 'gini', 'max_depth': 3, 'max_leaf_nodes': 10, 'min_samples_leaf': 5, 'min_samples_split': 2, 'min_weight_fraction_leaf': 0.0, 'presort': False, 'random_state': None, 'splitter': 'random'}, 'training-options': {'y-key': 'quality', 'exclude-keys': ['quality', 'quality'], 'image-name': 'dt-exports/winequality/attempts/3689497746/d-{}-{}-{}-orig-no-opt.{}'}}"
d,decision-with-opts,3689497746,0.15,974,0.46817248459958927,0.49339127285895346,0:00:00.149649,"{'tree-options': {'class_weight': None, 'criterion': 'gini', 'max_depth': 3, 'max_leaf_nodes': 10, 'min_samples_leaf': 5, 'min_samples_split': 2, 'min_weight_fraction_leaf': 0.0, 'presort': False, 'random_state': None, 'splitter': 'random'}, 'training-options': {'y-key': 'quality', 'exclude-keys': ['quality', 'quality'], 'image-name': 'dt-exports/winequality/attempts/3689497746/d-{}-{}-{}-orig-no-opt.{}'}}"
d,decision-with-opts,3689497746,0.1,649,0.46995377503852076,0.5076949384404925,0:00:00.140766,"{'tree-options': {'class_weight': None, 'criterion': 'gini', 'max_depth': 3, 'max_leaf_nodes': 10, 'min_samples_leaf': 5, 'min_samples_split': 2, 'min_weight_fraction_leaf': 0.0, 'presort': False, 'random_state': None, 'splitter': 'random'}, 'training-options': {'y-key': 'quality', 'exclude-keys': ['quality', 'quality'], 'image-name': 'dt-exports/winequality/attempts/3689497746/d-{}-{}-{}-orig-no-opt.{}'}}"
d,decision-with-opts,3689497746,0.05,324,0.40740740740740744,0.5175765430098818,0:00:00.139894,"{'tree-options': {'class_weight': None, 'criterion': 'gini', 'max_depth': 3, 'max_leaf_nodes': 10, 'min_samples_leaf': 5, 'min_samples_split': 2, 'min_weight_fraction_leaf': 0.0, 'presort': False, 'random_state': None, 'splitter': 'random'}, 'training-options': {'y-key': 'quality', 'exclude-keys': ['quality', 'quality'], 'image-name': 'dt-exports/winequality/attempts/3689497746/d-{}-{}-{}-orig-no-opt.{}'}}"
d,decision-with-opts,409704764,0.95,6172,0.48266364225534675,0.4523076923076923,0:00:00.154684,"{'tree-options': {'class_weight': None, 'criterion': 'gini', 'max_depth': 3, 'max_leaf_nodes': 10, 'min_samples_leaf': 5, 'min_samples_split': 2, 'min_weight_fraction_leaf': 0.0, 'presort': False, 'random_state': None, 'splitter': 'random'}, 'training-options': {'y-key': 'quality', 'exclude-keys': ['quality', 'quality'], 'image-name': 'dt-exports/winequality/attempts/409704764/d-{}-{}-{}-orig-no-opt.{}'}}"
d,decision-with-opts,409704764,0.9,5847,0.4836668376945442,0.4584615384615385,0:00:00.149165,"{'tree-options': {'class_weight': None, 'criterion': 'gini', 'max_depth': 3, 'max_leaf_nodes': 10, 'min_samples_leaf': 5, 'min_samples_split': 2, 'min_weight_fraction_leaf': 0.0, 'presort': False, 'random_state': None, 'splitter': 'random'}, 'training-options': {'y-key': 'quality', 'exclude-keys': ['quality', 'quality'], 'image-name': 'dt-exports/winequality/attempts/409704764/d-{}-{}-{}-orig-no-opt.{}'}}"
d,decision-with-opts,409704764,0.85,5522,0.48297718218036945,0.4707692307692307,0:00:00.151945,"{'tree-options': {'class_weight': None, 'criterion': 'gini', 'max_depth': 3, 'max_leaf_nodes': 10, 'min_samples_leaf': 5, 'min_samples_split': 2, 'min_weight_fraction_leaf': 0.0, 'presort': False, 'random_state': None, 'splitter': 'random'}, 'training-options': {'y-key': 'quality', 'exclude-keys': ['quality', 'quality'], 'image-name': 'dt-exports/winequality/attempts/409704764/d-{}-{}-{}-orig-no-opt.{}'}}"
d,decision-with-opts,409704764,0.8,5197,0.4847027131037137,0.4638461538461538,0:00:00.149593,"{'tree-options': {'class_weight': None, 'criterion': 'gini', 'max_depth': 3, 'max_leaf_nodes': 10, 'min_samples_leaf': 5, 'min_samples_split': 2, 'min_weight_fraction_leaf': 0.0, 'presort': False, 'random_state': None, 'splitter': 'random'}, 'training-options': {'y-key': 'quality', 'exclude-keys': ['quality', 'quality'], 'image-name': 'dt-exports/winequality/attempts/409704764/d-{}-{}-{}-orig-no-opt.{}'}}"
d,decision-with-opts,409704764,0.75,4872,0.47967980295566504,0.48307692307692307,0:00:00.149301,"{'tree-options': {'class_weight': None, 'criterion': 'gini', 'max_depth': 3, 'max_leaf_nodes': 10, 'min_samples_leaf': 5, 'min_samples_split': 2, 'min_weight_fraction_leaf': 0.0, 'presort': False, 'random_state': None, 'splitter': 'random'}, 'training-options': {'y-key': 'quality', 'exclude-keys': ['quality', 'quality'], 'image-name': 'dt-exports/winequality/attempts/409704764/d-{}-{}-{}-orig-no-opt.{}'}}"
d,decision-with-opts,409704764,0.7,4547,0.4888937761161205,0.4984615384615385,0:00:00.148278,"{'tree-options': {'class_weight': None, 'criterion': 'gini', 'max_depth': 3, 'max_leaf_nodes': 10, 'min_samples_leaf': 5, 'min_samples_split': 2, 'min_weight_fraction_leaf': 0.0, 'presort': False, 'random_state': None, 'splitter': 'random'}, 'training-options': {'y-key': 'quality', 'exclude-keys': ['quality', 'quality'], 'image-name': 'dt-exports/winequality/attempts/409704764/d-{}-{}-{}-orig-no-opt.{}'}}"
d,decision-with-opts,409704764,0.65,4223,0.48969926592469804,0.4956024626209323,0:00:00.153072,"{'tree-options': {'class_weight': None, 'criterion': 'gini', 'max_depth': 3, 'max_leaf_nodes': 10, 'min_samples_leaf': 5, 'min_samples_split': 2, 'min_weight_fraction_leaf': 0.0, 'presort': False, 'random_state': None, 'splitter': 'random'}, 'training-options': {'y-key': 'quality', 'exclude-keys': ['quality', 'quality'], 'image-name': 'dt-exports/winequality/attempts/409704764/d-{}-{}-{}-orig-no-opt.{}'}}"
d,decision-with-opts,409704764,0.6,3898,0.48486403283735247,0.5059638322431704,0:00:00.149155,"{'tree-options': {'class_weight': None, 'criterion': 'gini', 'max_depth': 3, 'max_leaf_nodes': 10, 'min_samples_leaf': 5, 'min_samples_split': 2, 'min_weight_fraction_leaf': 0.0, 'presort': False, 'random_state': None, 'splitter': 'random'}, 'training-options': {'y-key': 'quality', 'exclude-keys': ['quality', 'quality'], 'image-name': 'dt-exports/winequality/attempts/409704764/d-{}-{}-{}-orig-no-opt.{}'}}"
d,decision-with-opts,409704764,0.55,3573,0.4816680660509376,0.5051299589603283,0:00:00.151872,"{'tree-options': {'class_weight': None, 'criterion': 'gini', 'max_depth': 3, 'max_leaf_nodes': 10, 'min_samples_leaf': 5, 'min_samples_split': 2, 'min_weight_fraction_leaf': 0.0, 'presort': False, 'random_state': None, 'splitter': 'random'}, 'training-options': {'y-key': 'quality', 'exclude-keys': ['quality', 'quality'], 'image-name': 'dt-exports/winequality/attempts/409704764/d-{}-{}-{}-orig-no-opt.{}'}}"
d,decision-with-opts,409704764,0.5,3248,0.4852216748768473,0.5023084025854109,0:00:00.150736,"{'tree-options': {'class_weight': None, 'criterion': 'gini', 'max_depth': 3, 'max_leaf_nodes': 10, 'min_samples_leaf': 5, 'min_samples_split': 2, 'min_weight_fraction_leaf': 0.0, 'presort': False, 'random_state': None, 'splitter': 'random'}, 'training-options': {'y-key': 'quality', 'exclude-keys': ['quality', 'quality'], 'image-name': 'dt-exports/winequality/attempts/409704764/d-{}-{}-{}-orig-no-opt.{}'}}"
d,decision-with-opts,409704764,0.45,2923,0.49127608621279506,0.4958030218242865,0:00:00.151249,"{'tree-options': {'class_weight': None, 'criterion': 'gini', 'max_depth': 3, 'max_leaf_nodes': 10, 'min_samples_leaf': 5, 'min_samples_split': 2, 'min_weight_fraction_leaf': 0.0, 'presort': False, 'random_state': None, 'splitter': 'random'}, 'training-options': {'y-key': 'quality', 'exclude-keys': ['quality', 'quality'], 'image-name': 'dt-exports/winequality/attempts/409704764/d-{}-{}-{}-orig-no-opt.{}'}}"
d,decision-with-opts,409704764,0.4,2598,0.4849884526558892,0.49243395742498075,0:00:00.148132,"{'tree-options': {'class_weight': None, 'criterion': 'gini', 'max_depth': 3, 'max_leaf_nodes': 10, 'min_samples_leaf': 5, 'min_samples_split': 2, 'min_weight_fraction_leaf': 0.0, 'presort': False, 'random_state': None, 'splitter': 'random'}, 'training-options': {'y-key': 'quality', 'exclude-keys': ['quality', 'quality'], 'image-name': 'dt-exports/winequality/attempts/409704764/d-{}-{}-{}-orig-no-opt.{}'}}"
d,decision-with-opts,409704764,0.35,2273,0.48482182138143426,0.49195075757575757,0:00:00.150986,"{'tree-options': {'class_weight': None, 'criterion': 'gini', 'max_depth': 3, 'max_leaf_nodes': 10, 'min_samples_leaf': 5, 'min_samples_split': 2, 'min_weight_fraction_leaf': 0.0, 'presort': False, 'random_state': None, 'splitter': 'random'}, 'training-options': {'y-key': 'quality', 'exclude-keys': ['quality', 'quality'], 'image-name': 'dt-exports/winequality/attempts/409704764/d-{}-{}-{}-orig-no-opt.{}'}}"
d,decision-with-opts,409704764,0.3,1949,0.49563878912262704,0.49296394019349166,0:00:00.150729,"{'tree-options': {'class_weight': None, 'criterion': 'gini', 'max_depth': 3, 'max_leaf_nodes': 10, 'min_samples_leaf': 5, 'min_samples_split': 2, 'min_weight_fraction_leaf': 0.0, 'presort': False, 'random_state': None, 'splitter': 'random'}, 'training-options': {'y-key': 'quality', 'exclude-keys': ['quality', 'quality'], 'image-name': 'dt-exports/winequality/attempts/409704764/d-{}-{}-{}-orig-no-opt.{}'}}"
d,decision-with-opts,409704764,0.25,1624,0.49938423645320196,0.489226349271496,0:00:00.152032,"{'tree-options': {'class_weight': None, 'criterion': 'gini', 'max_depth': 3, 'max_leaf_nodes': 10, 'min_samples_leaf': 5, 'min_samples_split': 2, 'min_weight_fraction_leaf': 0.0, 'presort': False, 'random_state': None, 'splitter': 'random'}, 'training-options': {'y-key': 'quality', 'exclude-keys': ['quality', 'quality'], 'image-name': 'dt-exports/winequality/attempts/409704764/d-{}-{}-{}-orig-no-opt.{}'}}"
d,decision-with-opts,409704764,0.2,1299,0.5019245573518091,0.4882647171989226,0:00:00.144484,"{'tree-options': {'class_weight': None, 'criterion': 'gini', 'max_depth': 3, 'max_leaf_nodes': 10, 'min_samples_leaf': 5, 'min_samples_split': 2, 'min_weight_fraction_leaf': 0.0, 'presort': False, 'random_state': None, 'splitter': 'random'}, 'training-options': {'y-key': 'quality', 'exclude-keys': ['quality', 'quality'], 'image-name': 'dt-exports/winequality/attempts/409704764/d-{}-{}-{}-orig-no-opt.{}'}}"
d,decision-with-opts,409704764,0.15,974,0.5133470225872689,0.501176896614159,0:00:00.148613,"{'tree-options': {'class_weight': None, 'criterion': 'gini', 'max_depth': 3, 'max_leaf_nodes': 10, 'min_samples_leaf': 5, 'min_samples_split': 2, 'min_weight_fraction_leaf': 0.0, 'presort': False, 'random_state': None, 'splitter': 'random'}, 'training-options': {'y-key': 'quality', 'exclude-keys': ['quality', 'quality'], 'image-name': 'dt-exports/winequality/attempts/409704764/d-{}-{}-{}-orig-no-opt.{}'}}"
d,decision-with-opts,409704764,0.1,649,0.5115562403697997,0.5094049247606018,0:00:00.141375,"{'tree-options': {'class_weight': None, 'criterion': 'gini', 'max_depth': 3, 'max_leaf_nodes': 10, 'min_samples_leaf': 5, 'min_samples_split': 2, 'min_weight_fraction_leaf': 0.0, 'presort': False, 'random_state': None, 'splitter': 'random'}, 'training-options': {'y-key': 'quality', 'exclude-keys': ['quality', 'quality'], 'image-name': 'dt-exports/winequality/attempts/409704764/d-{}-{}-{}-orig-no-opt.{}'}}"
d,decision-with-opts,409704764,0.05,324,0.49691358024691357,0.5026729305038069,0:00:00.139113,"{'tree-options': {'class_weight': None, 'criterion': 'gini', 'max_depth': 3, 'max_leaf_nodes': 10, 'min_samples_leaf': 5, 'min_samples_split': 2, 'min_weight_fraction_leaf': 0.0, 'presort': False, 'random_state': None, 'splitter': 'random'}, 'training-options': {'y-key': 'quality', 'exclude-keys': ['quality', 'quality'], 'image-name': 'dt-exports/winequality/attempts/409704764/d-{}-{}-{}-orig-no-opt.{}'}}"
d,decision-with-opts,503450766,0.95,6172,0.4693778353856124,0.46153846153846156,0:00:00.150711,"{'tree-options': {'class_weight': None, 'criterion': 'gini', 'max_depth': 3, 'max_leaf_nodes': 10, 'min_samples_leaf': 5, 'min_samples_split': 2, 'min_weight_fraction_leaf': 0.0, 'presort': False, 'random_state': None, 'splitter': 'random'}, 'training-options': {'y-key': 'quality', 'exclude-keys': ['quality', 'quality'], 'image-name': 'dt-exports/winequality/attempts/503450766/d-{}-{}-{}-orig-no-opt.{}'}}"
d,decision-with-opts,503450766,0.9,5847,0.46570891055242003,0.46461538461538465,0:00:00.156009,"{'tree-options': {'class_weight': None, 'criterion': 'gini', 'max_depth': 3, 'max_leaf_nodes': 10, 'min_samples_leaf': 5, 'min_samples_split': 2, 'min_weight_fraction_leaf': 0.0, 'presort': False, 'random_state': None, 'splitter': 'random'}, 'training-options': {'y-key': 'quality', 'exclude-keys': ['quality', 'quality'], 'image-name': 'dt-exports/winequality/attempts/503450766/d-{}-{}-{}-orig-no-opt.{}'}}"
d,decision-with-opts,503450766,0.85,5522,0.4670409272002898,0.4574358974358974,0:00:00.156002,"{'tree-options': {'class_weight': None, 'criterion': 'gini', 'max_depth': 3, 'max_leaf_nodes': 10, 'min_samples_leaf': 5, 'min_samples_split': 2, 'min_weight_fraction_leaf': 0.0, 'presort': False, 'random_state': None, 'splitter': 'random'}, 'training-options': {'y-key': 'quality', 'exclude-keys': ['quality', 'quality'], 'image-name': 'dt-exports/winequality/attempts/503450766/d-{}-{}-{}-orig-no-opt.{}'}}"
d,decision-with-opts,503450766,0.8,5197,0.46738502982489893,0.4584615384615385,0:00:00.152031,"{'tree-options': {'class_weight': None, 'criterion': 'gini', 'max_depth': 3, 'max_leaf_nodes': 10, 'min_samples_leaf': 5, 'min_samples_split': 2, 'min_weight_fraction_leaf': 0.0, 'presort': False, 'random_state': None, 'splitter': 'random'}, 'training-options': {'y-key': 'quality', 'exclude-keys': ['quality', 'quality'], 'image-name': 'dt-exports/winequality/attempts/503450766/d-{}-{}-{}-orig-no-opt.{}'}}"
d,decision-with-opts,503450766,0.75,4872,0.48173234811165844,0.46399999999999997,0:00:00.151322,"{'tree-options': {'class_weight': None, 'criterion': 'gini', 'max_depth': 3, 'max_leaf_nodes': 10, 'min_samples_leaf': 5, 'min_samples_split': 2, 'min_weight_fraction_leaf': 0.0, 'presort': False, 'random_state': None, 'splitter': 'random'}, 'training-options': {'y-key': 'quality', 'exclude-keys': ['quality', 'quality'], 'image-name': 'dt-exports/winequality/attempts/503450766/d-{}-{}-{}-orig-no-opt.{}'}}"
d,decision-with-opts,503450766,0.7,4547,0.46206289861447103,0.4558974358974359,0:00:00.155472,"{'tree-options': {'class_weight': None, 'criterion': 'gini', 'max_depth': 3, 'max_leaf_nodes': 10, 'min_samples_leaf': 5, 'min_samples_split': 2, 'min_weight_fraction_leaf': 0.0, 'presort': False, 'random_state': None, 'splitter': 'random'}, 'training-options': {'y-key': 'quality', 'exclude-keys': ['quality', 'quality'], 'image-name': 'dt-exports/winequality/attempts/503450766/d-{}-{}-{}-orig-no-opt.{}'}}"
d,decision-with-opts,503450766,0.65,4223,0.45986265687899597,0.4608619173262972,0:00:00.154936,"{'tree-options': {'class_weight': None, 'criterion': 'gini', 'max_depth': 3, 'max_leaf_nodes': 10, 'min_samples_leaf': 5, 'min_samples_split': 2, 'min_weight_fraction_leaf': 0.0, 'presort': False, 'random_state': None, 'splitter': 'random'}, 'training-options': {'y-key': 'quality', 'exclude-keys': ['quality', 'quality'], 'image-name': 'dt-exports/winequality/attempts/503450766/d-{}-{}-{}-orig-no-opt.{}'}}"
d,decision-with-opts,503450766,0.6,3898,0.4604925602873269,0.45979222777991535,0:00:00.155423,"{'tree-options': {'class_weight': None, 'criterion': 'gini', 'max_depth': 3, 'max_leaf_nodes': 10, 'min_samples_leaf': 5, 'min_samples_split': 2, 'min_weight_fraction_leaf': 0.0, 'presort': False, 'random_state': None, 'splitter': 'random'}, 'training-options': {'y-key': 'quality', 'exclude-keys': ['quality', 'quality'], 'image-name': 'dt-exports/winequality/attempts/503450766/d-{}-{}-{}-orig-no-opt.{}'}}"
d,decision-with-opts,503450766,0.55,3573,0.46179680940386225,0.46203830369357046,0:00:00.149996,"{'tree-options': {'class_weight': None, 'criterion': 'gini', 'max_depth': 3, 'max_leaf_nodes': 10, 'min_samples_leaf': 5, 'min_samples_split': 2, 'min_weight_fraction_leaf': 0.0, 'presort': False, 'random_state': None, 'splitter': 'random'}, 'training-options': {'y-key': 'quality', 'exclude-keys': ['quality', 'quality'], 'image-name': 'dt-exports/winequality/attempts/503450766/d-{}-{}-{}-orig-no-opt.{}'}}"
d,decision-with-opts,503450766,0.5,3248,0.4655172413793104,0.4641428131732841,0:00:00.150840,"{'tree-options': {'class_weight': None, 'criterion': 'gini', 'max_depth': 3, 'max_leaf_nodes': 10, 'min_samples_leaf': 5, 'min_samples_split': 2, 'min_weight_fraction_leaf': 0.0, 'presort': False, 'random_state': None, 'splitter': 'random'}, 'training-options': {'y-key': 'quality', 'exclude-keys': ['quality', 'quality'], 'image-name': 'dt-exports/winequality/attempts/503450766/d-{}-{}-{}-orig-no-opt.{}'}}"
d,decision-with-opts,503450766,0.45,2923,0.4618542593226137,0.480693900391718,0:00:00.155650,"{'tree-options': {'class_weight': None, 'criterion': 'gini', 'max_depth': 3, 'max_leaf_nodes': 10, 'min_samples_leaf': 5, 'min_samples_split': 2, 'min_weight_fraction_leaf': 0.0, 'presort': False, 'random_state': None, 'splitter': 'random'}, 'training-options': {'y-key': 'quality', 'exclude-keys': ['quality', 'quality'], 'image-name': 'dt-exports/winequality/attempts/503450766/d-{}-{}-{}-orig-no-opt.{}'}}"
d,decision-with-opts,503450766,0.4,2598,0.47305619707467284,0.4957681456783791,0:00:00.150085,"{'tree-options': {'class_weight': None, 'criterion': 'gini', 'max_depth': 3, 'max_leaf_nodes': 10, 'min_samples_leaf': 5, 'min_samples_split': 2, 'min_weight_fraction_leaf': 0.0, 'presort': False, 'random_state': None, 'splitter': 'random'}, 'training-options': {'y-key': 'quality', 'exclude-keys': ['quality', 'quality'], 'image-name': 'dt-exports/winequality/attempts/503450766/d-{}-{}-{}-orig-no-opt.{}'}}"
d,decision-with-opts,503450766,0.35,2273,0.4896612406511218,0.4969223484848485,0:00:00.427862,"{'tree-options': {'class_weight': None, 'criterion': 'gini', 'max_depth': 3, 'max_leaf_nodes': 10, 'min_samples_leaf': 5, 'min_samples_split': 2, 'min_weight_fraction_leaf': 0.0, 'presort': False, 'random_state': None, 'splitter': 'random'}, 'training-options': {'y-key': 'quality', 'exclude-keys': ['quality', 'quality'], 'image-name': 'dt-exports/winequality/attempts/503450766/d-{}-{}-{}-orig-no-opt.{}'}}"
d,decision-with-opts,503450766,0.3,1949,0.4669061056952283,0.4718557607739666,0:00:00.153459,"{'tree-options': {'class_weight': None, 'criterion': 'gini', 'max_depth': 3, 'max_leaf_nodes': 10, 'min_samples_leaf': 5, 'min_samples_split': 2, 'min_weight_fraction_leaf': 0.0, 'presort': False, 'random_state': None, 'splitter': 'random'}, 'training-options': {'y-key': 'quality', 'exclude-keys': ['quality', 'quality'], 'image-name': 'dt-exports/winequality/attempts/503450766/d-{}-{}-{}-orig-no-opt.{}'}}"
d,decision-with-opts,503450766,0.25,1624,0.46366995073891626,0.4783500923455777,0:00:00.145773,"{'tree-options': {'class_weight': None, 'criterion': 'gini', 'max_depth': 3, 'max_leaf_nodes': 10, 'min_samples_leaf': 5, 'min_samples_split': 2, 'min_weight_fraction_leaf': 0.0, 'presort': False, 'random_state': None, 'splitter': 'random'}, 'training-options': {'y-key': 'quality', 'exclude-keys': ['quality', 'quality'], 'image-name': 'dt-exports/winequality/attempts/503450766/d-{}-{}-{}-orig-no-opt.{}'}}"
d,decision-with-opts,503450766,0.2,1299,0.45650500384911474,0.4703732204694113,0:00:00.147030,"{'tree-options': {'class_weight': None, 'criterion': 'gini', 'max_depth': 3, 'max_leaf_nodes': 10, 'min_samples_leaf': 5, 'min_samples_split': 2, 'min_weight_fraction_leaf': 0.0, 'presort': False, 'random_state': None, 'splitter': 'random'}, 'training-options': {'y-key': 'quality', 'exclude-keys': ['quality', 'quality'], 'image-name': 'dt-exports/winequality/attempts/503450766/d-{}-{}-{}-orig-no-opt.{}'}}"
d,decision-with-opts,503450766,0.15,974,0.4394250513347022,0.4790874524714829,0:00:00.286141,"{'tree-options': {'class_weight': None, 'criterion': 'gini', 'max_depth': 3, 'max_leaf_nodes': 10, 'min_samples_leaf': 5, 'min_samples_split': 2, 'min_weight_fraction_leaf': 0.0, 'presort': False, 'random_state': None, 'splitter': 'random'}, 'training-options': {'y-key': 'quality', 'exclude-keys': ['quality', 'quality'], 'image-name': 'dt-exports/winequality/attempts/503450766/d-{}-{}-{}-orig-no-opt.{}'}}"
d,decision-with-opts,503450766,0.1,649,0.42681047765793534,0.4791381668946648,0:00:00.145287,"{'tree-options': {'class_weight': None, 'criterion': 'gini', 'max_depth': 3, 'max_leaf_nodes': 10, 'min_samples_leaf': 5, 'min_samples_split': 2, 'min_weight_fraction_leaf': 0.0, 'presort': False, 'random_state': None, 'splitter': 'random'}, 'training-options': {'y-key': 'quality', 'exclude-keys': ['quality', 'quality'], 'image-name': 'dt-exports/winequality/attempts/503450766/d-{}-{}-{}-orig-no-opt.{}'}}"
d,decision-with-opts,503450766,0.05,324,0.42592592592592593,0.530698201846752,0:00:00.138665,"{'tree-options': {'class_weight': None, 'criterion': 'gini', 'max_depth': 3, 'max_leaf_nodes': 10, 'min_samples_leaf': 5, 'min_samples_split': 2, 'min_weight_fraction_leaf': 0.0, 'presort': False, 'random_state': None, 'splitter': 'random'}, 'training-options': {'y-key': 'quality', 'exclude-keys': ['quality', 'quality'], 'image-name': 'dt-exports/winequality/attempts/503450766/d-{}-{}-{}-orig-no-opt.{}'}}"
d,decision-with-opts,156843743,0.95,6172,0.5124756966947505,0.5046153846153847,0:00:00.157047,"{'tree-options': {'class_weight': None, 'criterion': 'gini', 'max_depth': 3, 'max_leaf_nodes': 10, 'min_samples_leaf': 5, 'min_samples_split': 2, 'min_weight_fraction_leaf': 0.0, 'presort': False, 'random_state': None, 'splitter': 'random'}, 'training-options': {'y-key': 'quality', 'exclude-keys': ['quality', 'quality'], 'image-name': 'dt-exports/winequality/attempts/156843743/d-{}-{}-{}-orig-no-opt.{}'}}"
d,decision-with-opts,156843743,0.9,5847,0.5312125876517872,0.5276923076923077,0:00:00.154252,"{'tree-options': {'class_weight': None, 'criterion': 'gini', 'max_depth': 3, 'max_leaf_nodes': 10, 'min_samples_leaf': 5, 'min_samples_split': 2, 'min_weight_fraction_leaf': 0.0, 'presort': False, 'random_state': None, 'splitter': 'random'}, 'training-options': {'y-key': 'quality', 'exclude-keys': ['quality', 'quality'], 'image-name': 'dt-exports/winequality/attempts/156843743/d-{}-{}-{}-orig-no-opt.{}'}}"
d,decision-with-opts,156843743,0.85,5522,0.507787033683448,0.5087179487179487,0:00:00.154301,"{'tree-options': {'class_weight': None, 'criterion': 'gini', 'max_depth': 3, 'max_leaf_nodes': 10, 'min_samples_leaf': 5, 'min_samples_split': 2, 'min_weight_fraction_leaf': 0.0, 'presort': False, 'random_state': None, 'splitter': 'random'}, 'training-options': {'y-key': 'quality', 'exclude-keys': ['quality', 'quality'], 'image-name': 'dt-exports/winequality/attempts/156843743/d-{}-{}-{}-orig-no-opt.{}'}}"
d,decision-with-opts,156843743,0.8,5197,0.5303059457379258,0.533076923076923,0:00:00.150753,"{'tree-options': {'class_weight': None, 'criterion': 'gini', 'max_depth': 3, 'max_leaf_nodes': 10, 'min_samples_leaf': 5, 'min_samples_split': 2, 'min_weight_fraction_leaf': 0.0, 'presort': False, 'random_state': None, 'splitter': 'random'}, 'training-options': {'y-key': 'quality', 'exclude-keys': ['quality', 'quality'], 'image-name': 'dt-exports/winequality/attempts/156843743/d-{}-{}-{}-orig-no-opt.{}'}}"
d,decision-with-opts,156843743,0.75,4872,0.5084154351395731,0.5132307692307692,0:00:00.156443,"{'tree-options': {'class_weight': None, 'criterion': 'gini', 'max_depth': 3, 'max_leaf_nodes': 10, 'min_samples_leaf': 5, 'min_samples_split': 2, 'min_weight_fraction_leaf': 0.0, 'presort': False, 'random_state': None, 'splitter': 'random'}, 'training-options': {'y-key': 'quality', 'exclude-keys': ['quality', 'quality'], 'image-name': 'dt-exports/winequality/attempts/156843743/d-{}-{}-{}-orig-no-opt.{}'}}"
d,decision-with-opts,156843743,0.7,4547,0.5053881680228722,0.5087179487179487,0:00:00.154764,"{'tree-options': {'class_weight': None, 'criterion': 'gini', 'max_depth': 3, 'max_leaf_nodes': 10, 'min_samples_leaf': 5, 'min_samples_split': 2, 'min_weight_fraction_leaf': 0.0, 'presort': False, 'random_state': None, 'splitter': 'random'}, 'training-options': {'y-key': 'quality', 'exclude-keys': ['quality', 'quality'], 'image-name': 'dt-exports/winequality/attempts/156843743/d-{}-{}-{}-orig-no-opt.{}'}}"
d,decision-with-opts,156843743,0.65,4223,0.5065119583234667,0.5065963060686016,0:00:00.148104,"{'tree-options': {'class_weight': None, 'criterion': 'gini', 'max_depth': 3, 'max_leaf_nodes': 10, 'min_samples_leaf': 5, 'min_samples_split': 2, 'min_weight_fraction_leaf': 0.0, 'presort': False, 'random_state': None, 'splitter': 'random'}, 'training-options': {'y-key': 'quality', 'exclude-keys': ['quality', 'quality'], 'image-name': 'dt-exports/winequality/attempts/156843743/d-{}-{}-{}-orig-no-opt.{}'}}"
d,decision-with-opts,156843743,0.6,3898,0.5064135454079015,0.4990380915736822,0:00:00.149935,"{'tree-options': {'class_weight': None, 'criterion': 'gini', 'max_depth': 3, 'max_leaf_nodes': 10, 'min_samples_leaf': 5, 'min_samples_split': 2, 'min_weight_fraction_leaf': 0.0, 'presort': False, 'random_state': None, 'splitter': 'random'}, 'training-options': {'y-key': 'quality', 'exclude-keys': ['quality', 'quality'], 'image-name': 'dt-exports/winequality/attempts/156843743/d-{}-{}-{}-orig-no-opt.{}'}}"
d,decision-with-opts,156843743,0.55,3573,0.5079764903442485,0.5017099863201094,0:00:00.148431,"{'tree-options': {'class_weight': None, 'criterion': 'gini', 'max_depth': 3, 'max_leaf_nodes': 10, 'min_samples_leaf': 5, 'min_samples_split': 2, 'min_weight_fraction_leaf': 0.0, 'presort': False, 'random_state': None, 'splitter': 'random'}, 'training-options': {'y-key': 'quality', 'exclude-keys': ['quality', 'quality'], 'image-name': 'dt-exports/winequality/attempts/156843743/d-{}-{}-{}-orig-no-opt.{}'}}"
d,decision-with-opts,156843743,0.5,3248,0.5021551724137931,0.5266235764850724,0:00:00.150612,"{'tree-options': {'class_weight': None, 'criterion': 'gini', 'max_depth': 3, 'max_leaf_nodes': 10, 'min_samples_leaf': 5, 'min_samples_split': 2, 'min_weight_fraction_leaf': 0.0, 'presort': False, 'random_state': None, 'splitter': 'random'}, 'training-options': {'y-key': 'quality', 'exclude-keys': ['quality', 'quality'], 'image-name': 'dt-exports/winequality/attempts/156843743/d-{}-{}-{}-orig-no-opt.{}'}}"
d,decision-with-opts,156843743,0.45,2923,0.5005131713992473,0.525741466144376,0:00:00.151926,"{'tree-options': {'class_weight': None, 'criterion': 'gini', 'max_depth': 3, 'max_leaf_nodes': 10, 'min_samples_leaf': 5, 'min_samples_split': 2, 'min_weight_fraction_leaf': 0.0, 'presort': False, 'random_state': None, 'splitter': 'random'}, 'training-options': {'y-key': 'quality', 'exclude-keys': ['quality', 'quality'], 'image-name': 'dt-exports/winequality/attempts/156843743/d-{}-{}-{}-orig-no-opt.{}'}}"
d,decision-with-opts,156843743,0.4,2598,0.5042340261739799,0.5165427032572454,0:00:00.150649,"{'tree-options': {'class_weight': None, 'criterion': 'gini', 'max_depth': 3, 'max_leaf_nodes': 10, 'min_samples_leaf': 5, 'min_samples_split': 2, 'min_weight_fraction_leaf': 0.0, 'presort': False, 'random_state': None, 'splitter': 'random'}, 'training-options': {'y-key': 'quality', 'exclude-keys': ['quality', 'quality'], 'image-name': 'dt-exports/winequality/attempts/156843743/d-{}-{}-{}-orig-no-opt.{}'}}"
d,decision-with-opts,156843743,0.35,2273,0.5041794984601848,0.5089962121212122,0:00:00.150336,"{'tree-options': {'class_weight': None, 'criterion': 'gini', 'max_depth': 3, 'max_leaf_nodes': 10, 'min_samples_leaf': 5, 'min_samples_split': 2, 'min_weight_fraction_leaf': 0.0, 'presort': False, 'random_state': None, 'splitter': 'random'}, 'training-options': {'y-key': 'quality', 'exclude-keys': ['quality', 'quality'], 'image-name': 'dt-exports/winequality/attempts/156843743/d-{}-{}-{}-orig-no-opt.{}'}}"
d,decision-with-opts,156843743,0.3,1949,0.49974345818368393,0.5178100263852243,0:00:00.152181,"{'tree-options': {'class_weight': None, 'criterion': 'gini', 'max_depth': 3, 'max_leaf_nodes': 10, 'min_samples_leaf': 5, 'min_samples_split': 2, 'min_weight_fraction_leaf': 0.0, 'presort': False, 'random_state': None, 'splitter': 'random'}, 'training-options': {'y-key': 'quality', 'exclude-keys': ['quality', 'quality'], 'image-name': 'dt-exports/winequality/attempts/156843743/d-{}-{}-{}-orig-no-opt.{}'}}"
d,decision-with-opts,156843743,0.25,1624,0.4956896551724138,0.51138928791299,0:00:00.147299,"{'tree-options': {'class_weight': None, 'criterion': 'gini', 'max_depth': 3, 'max_leaf_nodes': 10, 'min_samples_leaf': 5, 'min_samples_split': 2, 'min_weight_fraction_leaf': 0.0, 'presort': False, 'random_state': None, 'splitter': 'random'}, 'training-options': {'y-key': 'quality', 'exclude-keys': ['quality', 'quality'], 'image-name': 'dt-exports/winequality/attempts/156843743/d-{}-{}-{}-orig-no-opt.{}'}}"
d,decision-with-opts,156843743,0.2,1299,0.48113933795227093,0.5238553289726817,0:00:00.149684,"{'tree-options': {'class_weight': None, 'criterion': 'gini', 'max_depth': 3, 'max_leaf_nodes': 10, 'min_samples_leaf': 5, 'min_samples_split': 2, 'min_weight_fraction_leaf': 0.0, 'presort': False, 'random_state': None, 'splitter': 'random'}, 'training-options': {'y-key': 'quality', 'exclude-keys': ['quality', 'quality'], 'image-name': 'dt-exports/winequality/attempts/156843743/d-{}-{}-{}-orig-no-opt.{}'}}"
d,decision-with-opts,156843743,0.15,974,0.4989733059548255,0.5475285171102662,0:00:00.145173,"{'tree-options': {'class_weight': None, 'criterion': 'gini', 'max_depth': 3, 'max_leaf_nodes': 10, 'min_samples_leaf': 5, 'min_samples_split': 2, 'min_weight_fraction_leaf': 0.0, 'presort': False, 'random_state': None, 'splitter': 'random'}, 'training-options': {'y-key': 'quality', 'exclude-keys': ['quality', 'quality'], 'image-name': 'dt-exports/winequality/attempts/156843743/d-{}-{}-{}-orig-no-opt.{}'}}"
d,decision-with-opts,156843743,0.1,649,0.48073959938366717,0.5196648426812586,0:00:00.144549,"{'tree-options': {'class_weight': None, 'criterion': 'gini', 'max_depth': 3, 'max_leaf_nodes': 10, 'min_samples_leaf': 5, 'min_samples_split': 2, 'min_weight_fraction_leaf': 0.0, 'presort': False, 'random_state': None, 'splitter': 'random'}, 'training-options': {'y-key': 'quality', 'exclude-keys': ['quality', 'quality'], 'image-name': 'dt-exports/winequality/attempts/156843743/d-{}-{}-{}-orig-no-opt.{}'}}"
d,decision-with-opts,156843743,0.05,324,0.42901234567901236,0.5292402397537663,0:00:00.143846,"{'tree-options': {'class_weight': None, 'criterion': 'gini', 'max_depth': 3, 'max_leaf_nodes': 10, 'min_samples_leaf': 5, 'min_samples_split': 2, 'min_weight_fraction_leaf': 0.0, 'presort': False, 'random_state': None, 'splitter': 'random'}, 'training-options': {'y-key': 'quality', 'exclude-keys': ['quality', 'quality'], 'image-name': 'dt-exports/winequality/attempts/156843743/d-{}-{}-{}-orig-no-opt.{}'}}"
d,decision-with-opts,4019958145,0.95,6172,0.49157485418016855,0.5323076923076924,0:00:00.157093,"{'tree-options': {'class_weight': None, 'criterion': 'gini', 'max_depth': 3, 'max_leaf_nodes': 10, 'min_samples_leaf': 5, 'min_samples_split': 2, 'min_weight_fraction_leaf': 0.0, 'presort': False, 'random_state': None, 'splitter': 'random'}, 'training-options': {'y-key': 'quality', 'exclude-keys': ['quality', 'quality'], 'image-name': 'dt-exports/winequality/attempts/4019958145/d-{}-{}-{}-orig-no-opt.{}'}}"
d,decision-with-opts,4019958145,0.9,5847,0.48760047887805713,0.5276923076923077,0:00:00.155377,"{'tree-options': {'class_weight': None, 'criterion': 'gini', 'max_depth': 3, 'max_leaf_nodes': 10, 'min_samples_leaf': 5, 'min_samples_split': 2, 'min_weight_fraction_leaf': 0.0, 'presort': False, 'random_state': None, 'splitter': 'random'}, 'training-options': {'y-key': 'quality', 'exclude-keys': ['quality', 'quality'], 'image-name': 'dt-exports/winequality/attempts/4019958145/d-{}-{}-{}-orig-no-opt.{}'}}"
d,decision-with-opts,4019958145,0.85,5522,0.4858746830858385,0.5241025641025641,0:00:00.153369,"{'tree-options': {'class_weight': None, 'criterion': 'gini', 'max_depth': 3, 'max_leaf_nodes': 10, 'min_samples_leaf': 5, 'min_samples_split': 2, 'min_weight_fraction_leaf': 0.0, 'presort': False, 'random_state': None, 'splitter': 'random'}, 'training-options': {'y-key': 'quality', 'exclude-keys': ['quality', 'quality'], 'image-name': 'dt-exports/winequality/attempts/4019958145/d-{}-{}-{}-orig-no-opt.{}'}}"
d,decision-with-opts,4019958145,0.8,5197,0.4847027131037137,0.5284615384615385,0:00:00.152758,"{'tree-options': {'class_weight': None, 'criterion': 'gini', 'max_depth': 3, 'max_leaf_nodes': 10, 'min_samples_leaf': 5, 'min_samples_split': 2, 'min_weight_fraction_leaf': 0.0, 'presort': False, 'random_state': None, 'splitter': 'random'}, 'training-options': {'y-key': 'quality', 'exclude-keys': ['quality', 'quality'], 'image-name': 'dt-exports/winequality/attempts/4019958145/d-{}-{}-{}-orig-no-opt.{}'}}"
d,decision-with-opts,4019958145,0.75,4872,0.4833743842364532,0.5236923076923077,0:00:00.152921,"{'tree-options': {'class_weight': None, 'criterion': 'gini', 'max_depth': 3, 'max_leaf_nodes': 10, 'min_samples_leaf': 5, 'min_samples_split': 2, 'min_weight_fraction_leaf': 0.0, 'presort': False, 'random_state': None, 'splitter': 'random'}, 'training-options': {'y-key': 'quality', 'exclude-keys': ['quality', 'quality'], 'image-name': 'dt-exports/winequality/attempts/4019958145/d-{}-{}-{}-orig-no-opt.{}'}}"
d,decision-with-opts,4019958145,0.7,4547,0.47899714097206947,0.5246153846153846,0:00:00.151829,"{'tree-options': {'class_weight': None, 'criterion': 'gini', 'max_depth': 3, 'max_leaf_nodes': 10, 'min_samples_leaf': 5, 'min_samples_split': 2, 'min_weight_fraction_leaf': 0.0, 'presort': False, 'random_state': None, 'splitter': 'random'}, 'training-options': {'y-key': 'quality', 'exclude-keys': ['quality', 'quality'], 'image-name': 'dt-exports/winequality/attempts/4019958145/d-{}-{}-{}-orig-no-opt.{}'}}"
d,decision-with-opts,4019958145,0.65,4223,0.4776225432157234,0.5127528583992964,0:00:00.151322,"{'tree-options': {'class_weight': None, 'criterion': 'gini', 'max_depth': 3, 'max_leaf_nodes': 10, 'min_samples_leaf': 5, 'min_samples_split': 2, 'min_weight_fraction_leaf': 0.0, 'presort': False, 'random_state': None, 'splitter': 'random'}, 'training-options': {'y-key': 'quality', 'exclude-keys': ['quality', 'quality'], 'image-name': 'dt-exports/winequality/attempts/4019958145/d-{}-{}-{}-orig-no-opt.{}'}}"
d,decision-with-opts,4019958145,0.6,3898,0.47460236018471014,0.5190457868410927,0:00:00.153305,"{'tree-options': {'class_weight': None, 'criterion': 'gini', 'max_depth': 3, 'max_leaf_nodes': 10, 'min_samples_leaf': 5, 'min_samples_split': 2, 'min_weight_fraction_leaf': 0.0, 'presort': False, 'random_state': None, 'splitter': 'random'}, 'training-options': {'y-key': 'quality', 'exclude-keys': ['quality', 'quality'], 'image-name': 'dt-exports/winequality/attempts/4019958145/d-{}-{}-{}-orig-no-opt.{}'}}"
d,decision-with-opts,4019958145,0.55,3573,0.47327176042541286,0.5061559507523941,0:00:00.149404,"{'tree-options': {'class_weight': None, 'criterion': 'gini', 'max_depth': 3, 'max_leaf_nodes': 10, 'min_samples_leaf': 5, 'min_samples_split': 2, 'min_weight_fraction_leaf': 0.0, 'presort': False, 'random_state': None, 'splitter': 'random'}, 'training-options': {'y-key': 'quality', 'exclude-keys': ['quality', 'quality'], 'image-name': 'dt-exports/winequality/attempts/4019958145/d-{}-{}-{}-orig-no-opt.{}'}}"
d,decision-with-opts,4019958145,0.5,3248,0.47413793103448276,0.5060018467220684,0:00:00.148907,"{'tree-options': {'class_weight': None, 'criterion': 'gini', 'max_depth': 3, 'max_leaf_nodes': 10, 'min_samples_leaf': 5, 'min_samples_split': 2, 'min_weight_fraction_leaf': 0.0, 'presort': False, 'random_state': None, 'splitter': 'random'}, 'training-options': {'y-key': 'quality', 'exclude-keys': ['quality', 'quality'], 'image-name': 'dt-exports/winequality/attempts/4019958145/d-{}-{}-{}-orig-no-opt.{}'}}"
d,decision-with-opts,4019958145,0.45,2923,0.47074923024290116,0.5061555679910464,0:00:00.149956,"{'tree-options': {'class_weight': None, 'criterion': 'gini', 'max_depth': 3, 'max_leaf_nodes': 10, 'min_samples_leaf': 5, 'min_samples_split': 2, 'min_weight_fraction_leaf': 0.0, 'presort': False, 'random_state': None, 'splitter': 'random'}, 'training-options': {'y-key': 'quality', 'exclude-keys': ['quality', 'quality'], 'image-name': 'dt-exports/winequality/attempts/4019958145/d-{}-{}-{}-orig-no-opt.{}'}}"
d,decision-with-opts,4019958145,0.4,2598,0.46535796766743653,0.5037189022826365,0:00:00.152653,"{'tree-options': {'class_weight': None, 'criterion': 'gini', 'max_depth': 3, 'max_leaf_nodes': 10, 'min_samples_leaf': 5, 'min_samples_split': 2, 'min_weight_fraction_leaf': 0.0, 'presort': False, 'random_state': None, 'splitter': 'random'}, 'training-options': {'y-key': 'quality', 'exclude-keys': ['quality', 'quality'], 'image-name': 'dt-exports/winequality/attempts/4019958145/d-{}-{}-{}-orig-no-opt.{}'}}"
d,decision-with-opts,4019958145,0.35,2273,0.4676638803343599,0.49952651515151514,0:00:00.148780,"{'tree-options': {'class_weight': None, 'criterion': 'gini', 'max_depth': 3, 'max_leaf_nodes': 10, 'min_samples_leaf': 5, 'min_samples_split': 2, 'min_weight_fraction_leaf': 0.0, 'presort': False, 'random_state': None, 'splitter': 'random'}, 'training-options': {'y-key': 'quality', 'exclude-keys': ['quality', 'quality'], 'image-name': 'dt-exports/winequality/attempts/4019958145/d-{}-{}-{}-orig-no-opt.{}'}}"
d,decision-with-opts,4019958145,0.3,1949,0.469471523858389,0.5019788918205805,0:00:00.145864,"{'tree-options': {'class_weight': None, 'criterion': 'gini', 'max_depth': 3, 'max_leaf_nodes': 10, 'min_samples_leaf': 5, 'min_samples_split': 2, 'min_weight_fraction_leaf': 0.0, 'presort': False, 'random_state': None, 'splitter': 'random'}, 'training-options': {'y-key': 'quality', 'exclude-keys': ['quality', 'quality'], 'image-name': 'dt-exports/winequality/attempts/4019958145/d-{}-{}-{}-orig-no-opt.{}'}}"
d,decision-with-opts,4019958145,0.25,1624,0.46921182266009853,0.49948696901292833,0:00:00.142398,"{'tree-options': {'class_weight': None, 'criterion': 'gini', 'max_depth': 3, 'max_leaf_nodes': 10, 'min_samples_leaf': 5, 'min_samples_split': 2, 'min_weight_fraction_leaf': 0.0, 'presort': False, 'random_state': None, 'splitter': 'random'}, 'training-options': {'y-key': 'quality', 'exclude-keys': ['quality', 'quality'], 'image-name': 'dt-exports/winequality/attempts/4019958145/d-{}-{}-{}-orig-no-opt.{}'}}"
d,decision-with-opts,4019958145,0.2,1299,0.46343341031562746,0.4909580607926125,0:00:00.153379,"{'tree-options': {'class_weight': None, 'criterion': 'gini', 'max_depth': 3, 'max_leaf_nodes': 10, 'min_samples_leaf': 5, 'min_samples_split': 2, 'min_weight_fraction_leaf': 0.0, 'presort': False, 'random_state': None, 'splitter': 'random'}, 'training-options': {'y-key': 'quality', 'exclude-keys': ['quality', 'quality'], 'image-name': 'dt-exports/winequality/attempts/4019958145/d-{}-{}-{}-orig-no-opt.{}'}}"
d,decision-with-opts,4019958145,0.15,974,0.47433264887063653,0.5038928118776027,0:00:00.144616,"{'tree-options': {'class_weight': None, 'criterion': 'gini', 'max_depth': 3, 'max_leaf_nodes': 10, 'min_samples_leaf': 5, 'min_samples_split': 2, 'min_weight_fraction_leaf': 0.0, 'presort': False, 'random_state': None, 'splitter': 'random'}, 'training-options': {'y-key': 'quality', 'exclude-keys': ['quality', 'quality'], 'image-name': 'dt-exports/winequality/attempts/4019958145/d-{}-{}-{}-orig-no-opt.{}'}}"
d,decision-with-opts,4019958145,0.1,649,0.4283513097072419,0.49692202462380297,0:00:00.252277,"{'tree-options': {'class_weight': None, 'criterion': 'gini', 'max_depth': 3, 'max_leaf_nodes': 10, 'min_samples_leaf': 5, 'min_samples_split': 2, 'min_weight_fraction_leaf': 0.0, 'presort': False, 'random_state': None, 'splitter': 'random'}, 'training-options': {'y-key': 'quality', 'exclude-keys': ['quality', 'quality'], 'image-name': 'dt-exports/winequality/attempts/4019958145/d-{}-{}-{}-orig-no-opt.{}'}}"
d,decision-with-opts,4019958145,0.05,324,0.41975308641975306,0.5235703871699335,0:00:00.142816,"{'tree-options': {'class_weight': None, 'criterion': 'gini', 'max_depth': 3, 'max_leaf_nodes': 10, 'min_samples_leaf': 5, 'min_samples_split': 2, 'min_weight_fraction_leaf': 0.0, 'presort': False, 'random_state': None, 'splitter': 'random'}, 'training-options': {'y-key': 'quality', 'exclude-keys': ['quality', 'quality'], 'image-name': 'dt-exports/winequality/attempts/4019958145/d-{}-{}-{}-orig-no-opt.{}'}}"
d,decision-with-opts,1294301706,0.95,6172,0.4769928710304602,0.46461538461538465,0:00:00.153403,"{'tree-options': {'class_weight': None, 'criterion': 'gini', 'max_depth': 3, 'max_leaf_nodes': 10, 'min_samples_leaf': 5, 'min_samples_split': 2, 'min_weight_fraction_leaf': 0.0, 'presort': False, 'random_state': None, 'splitter': 'random'}, 'training-options': {'y-key': 'quality', 'exclude-keys': ['quality', 'quality'], 'image-name': 'dt-exports/winequality/attempts/1294301706/d-{}-{}-{}-orig-no-opt.{}'}}"
d,decision-with-opts,1294301706,0.9,5847,0.4766546947152386,0.4738461538461538,0:00:00.151571,"{'tree-options': {'class_weight': None, 'criterion': 'gini', 'max_depth': 3, 'max_leaf_nodes': 10, 'min_samples_leaf': 5, 'min_samples_split': 2, 'min_weight_fraction_leaf': 0.0, 'presort': False, 'random_state': None, 'splitter': 'random'}, 'training-options': {'y-key': 'quality', 'exclude-keys': ['quality', 'quality'], 'image-name': 'dt-exports/winequality/attempts/1294301706/d-{}-{}-{}-orig-no-opt.{}'}}"
d,decision-with-opts,1294301706,0.85,5522,0.4771821803694314,0.4717948717948718,0:00:00.157423,"{'tree-options': {'class_weight': None, 'criterion': 'gini', 'max_depth': 3, 'max_leaf_nodes': 10, 'min_samples_leaf': 5, 'min_samples_split': 2, 'min_weight_fraction_leaf': 0.0, 'presort': False, 'random_state': None, 'splitter': 'random'}, 'training-options': {'y-key': 'quality', 'exclude-keys': ['quality', 'quality'], 'image-name': 'dt-exports/winequality/attempts/1294301706/d-{}-{}-{}-orig-no-opt.{}'}}"
d,decision-with-opts,1294301706,0.8,5197,0.47912257071387343,0.4653846153846154,0:00:00.153979,"{'tree-options': {'class_weight': None, 'criterion': 'gini', 'max_depth': 3, 'max_leaf_nodes': 10, 'min_samples_leaf': 5, 'min_samples_split': 2, 'min_weight_fraction_leaf': 0.0, 'presort': False, 'random_state': None, 'splitter': 'random'}, 'training-options': {'y-key': 'quality', 'exclude-keys': ['quality', 'quality'], 'image-name': 'dt-exports/winequality/attempts/1294301706/d-{}-{}-{}-orig-no-opt.{}'}}"
d,decision-with-opts,1294301706,0.75,4872,0.4780377668308703,0.4713846153846154,0:00:00.151105,"{'tree-options': {'class_weight': None, 'criterion': 'gini', 'max_depth': 3, 'max_leaf_nodes': 10, 'min_samples_leaf': 5, 'min_samples_split': 2, 'min_weight_fraction_leaf': 0.0, 'presort': False, 'random_state': None, 'splitter': 'random'}, 'training-options': {'y-key': 'quality', 'exclude-keys': ['quality', 'quality'], 'image-name': 'dt-exports/winequality/attempts/1294301706/d-{}-{}-{}-orig-no-opt.{}'}}"
d,decision-with-opts,1294301706,0.7,4547,0.4688805806025951,0.4738461538461538,0:00:00.153927,"{'tree-options': {'class_weight': None, 'criterion': 'gini', 'max_depth': 3, 'max_leaf_nodes': 10, 'min_samples_leaf': 5, 'min_samples_split': 2, 'min_weight_fraction_leaf': 0.0, 'presort': False, 'random_state': None, 'splitter': 'random'}, 'training-options': {'y-key': 'quality', 'exclude-keys': ['quality', 'quality'], 'image-name': 'dt-exports/winequality/attempts/1294301706/d-{}-{}-{}-orig-no-opt.{}'}}"
d,decision-with-opts,1294301706,0.65,4223,0.4645986265687899,0.4810905892700088,0:00:00.154807,"{'tree-options': {'class_weight': None, 'criterion': 'gini', 'max_depth': 3, 'max_leaf_nodes': 10, 'min_samples_leaf': 5, 'min_samples_split': 2, 'min_weight_fraction_leaf': 0.0, 'presort': False, 'random_state': None, 'splitter': 'random'}, 'training-options': {'y-key': 'quality', 'exclude-keys': ['quality', 'quality'], 'image-name': 'dt-exports/winequality/attempts/1294301706/d-{}-{}-{}-orig-no-opt.{}'}}"
d,decision-with-opts,1294301706,0.6,3898,0.4774243201641868,0.48787995382839555,0:00:00.155996,"{'tree-options': {'class_weight': None, 'criterion': 'gini', 'max_depth': 3, 'max_leaf_nodes': 10, 'min_samples_leaf': 5, 'min_samples_split': 2, 'min_weight_fraction_leaf': 0.0, 'presort': False, 'random_state': None, 'splitter': 'random'}, 'training-options': {'y-key': 'quality', 'exclude-keys': ['quality', 'quality'], 'image-name': 'dt-exports/winequality/attempts/1294301706/d-{}-{}-{}-orig-no-opt.{}'}}"
d,decision-with-opts,1294301706,0.55,3573,0.4827875734676742,0.48016415868673046,0:00:00.151049,"{'tree-options': {'class_weight': None, 'criterion': 'gini', 'max_depth': 3, 'max_leaf_nodes': 10, 'min_samples_leaf': 5, 'min_samples_split': 2, 'min_weight_fraction_leaf': 0.0, 'presort': False, 'random_state': None, 'splitter': 'random'}, 'training-options': {'y-key': 'quality', 'exclude-keys': ['quality', 'quality'], 'image-name': 'dt-exports/winequality/attempts/1294301706/d-{}-{}-{}-orig-no-opt.{}'}}"
d,decision-with-opts,1294301706,0.5,3248,0.47690886699507384,0.48876577408433364,0:00:00.149419,"{'tree-options': {'class_weight': None, 'criterion': 'gini', 'max_depth': 3, 'max_leaf_nodes': 10, 'min_samples_leaf': 5, 'min_samples_split': 2, 'min_weight_fraction_leaf': 0.0, 'presort': False, 'random_state': None, 'splitter': 'random'}, 'training-options': {'y-key': 'quality', 'exclude-keys': ['quality', 'quality'], 'image-name': 'dt-exports/winequality/attempts/1294301706/d-{}-{}-{}-orig-no-opt.{}'}}"
d,decision-with-opts,1294301706,0.45,2923,0.48032842969551826,0.4843312814773363,0:00:00.150733,"{'tree-options': {'class_weight': None, 'criterion': 'gini', 'max_depth': 3, 'max_leaf_nodes': 10, 'min_samples_leaf': 5, 'min_samples_split': 2, 'min_weight_fraction_leaf': 0.0, 'presort': False, 'random_state': None, 'splitter': 'random'}, 'training-options': {'y-key': 'quality', 'exclude-keys': ['quality', 'quality'], 'image-name': 'dt-exports/winequality/attempts/1294301706/d-{}-{}-{}-orig-no-opt.{}'}}"
d,decision-with-opts,1294301706,0.4,2598,0.46997690531177827,0.47114644780713,0:00:00.146329,"{'tree-options': {'class_weight': None, 'criterion': 'gini', 'max_depth': 3, 'max_leaf_nodes': 10, 'min_samples_leaf': 5, 'min_samples_split': 2, 'min_weight_fraction_leaf': 0.0, 'presort': False, 'random_state': None, 'splitter': 'random'}, 'training-options': {'y-key': 'quality', 'exclude-keys': ['quality', 'quality'], 'image-name': 'dt-exports/winequality/attempts/1294301706/d-{}-{}-{}-orig-no-opt.{}'}}"
d,decision-with-opts,1294301706,0.35,2273,0.4676638803343599,0.47230113636363635,0:00:00.146899,"{'tree-options': {'class_weight': None, 'criterion': 'gini', 'max_depth': 3, 'max_leaf_nodes': 10, 'min_samples_leaf': 5, 'min_samples_split': 2, 'min_weight_fraction_leaf': 0.0, 'presort': False, 'random_state': None, 'splitter': 'random'}, 'training-options': {'y-key': 'quality', 'exclude-keys': ['quality', 'quality'], 'image-name': 'dt-exports/winequality/attempts/1294301706/d-{}-{}-{}-orig-no-opt.{}'}}"
d,decision-with-opts,1294301706,0.3,1949,0.4545920985120575,0.47251539138082677,0:00:00.149946,"{'tree-options': {'class_weight': None, 'criterion': 'gini', 'max_depth': 3, 'max_leaf_nodes': 10, 'min_samples_leaf': 5, 'min_samples_split': 2, 'min_weight_fraction_leaf': 0.0, 'presort': False, 'random_state': None, 'splitter': 'random'}, 'training-options': {'y-key': 'quality', 'exclude-keys': ['quality', 'quality'], 'image-name': 'dt-exports/winequality/attempts/1294301706/d-{}-{}-{}-orig-no-opt.{}'}}"
d,decision-with-opts,1294301706,0.25,1624,0.45197044334975367,0.47280935768520416,0:00:00.147375,"{'tree-options': {'class_weight': None, 'criterion': 'gini', 'max_depth': 3, 'max_leaf_nodes': 10, 'min_samples_leaf': 5, 'min_samples_split': 2, 'min_weight_fraction_leaf': 0.0, 'presort': False, 'random_state': None, 'splitter': 'random'}, 'training-options': {'y-key': 'quality', 'exclude-keys': ['quality', 'quality'], 'image-name': 'dt-exports/winequality/attempts/1294301706/d-{}-{}-{}-orig-no-opt.{}'}}"
d,decision-with-opts,1294301706,0.2,1299,0.4757505773672055,0.4834551750673336,0:00:00.149721,"{'tree-options': {'class_weight': None, 'criterion': 'gini', 'max_depth': 3, 'max_leaf_nodes': 10, 'min_samples_leaf': 5, 'min_samples_split': 2, 'min_weight_fraction_leaf': 0.0, 'presort': False, 'random_state': None, 'splitter': 'random'}, 'training-options': {'y-key': 'quality', 'exclude-keys': ['quality', 'quality'], 'image-name': 'dt-exports/winequality/attempts/1294301706/d-{}-{}-{}-orig-no-opt.{}'}}"
d,decision-with-opts,1294301706,0.15,974,0.4383983572895277,0.4729313778743437,0:00:00.143856,"{'tree-options': {'class_weight': None, 'criterion': 'gini', 'max_depth': 3, 'max_leaf_nodes': 10, 'min_samples_leaf': 5, 'min_samples_split': 2, 'min_weight_fraction_leaf': 0.0, 'presort': False, 'random_state': None, 'splitter': 'random'}, 'training-options': {'y-key': 'quality', 'exclude-keys': ['quality', 'quality'], 'image-name': 'dt-exports/winequality/attempts/1294301706/d-{}-{}-{}-orig-no-opt.{}'}}"
d,decision-with-opts,1294301706,0.1,649,0.4545454545454546,0.48683310533515733,0:00:00.142102,"{'tree-options': {'class_weight': None, 'criterion': 'gini', 'max_depth': 3, 'max_leaf_nodes': 10, 'min_samples_leaf': 5, 'min_samples_split': 2, 'min_weight_fraction_leaf': 0.0, 'presort': False, 'random_state': None, 'splitter': 'random'}, 'training-options': {'y-key': 'quality', 'exclude-keys': ['quality', 'quality'], 'image-name': 'dt-exports/winequality/attempts/1294301706/d-{}-{}-{}-orig-no-opt.{}'}}"
d,decision-with-opts,1294301706,0.05,324,0.4012345679012346,0.5255143366272477,0:00:00.236882,"{'tree-options': {'class_weight': None, 'criterion': 'gini', 'max_depth': 3, 'max_leaf_nodes': 10, 'min_samples_leaf': 5, 'min_samples_split': 2, 'min_weight_fraction_leaf': 0.0, 'presort': False, 'random_state': None, 'splitter': 'random'}, 'training-options': {'y-key': 'quality', 'exclude-keys': ['quality', 'quality'], 'image-name': 'dt-exports/winequality/attempts/1294301706/d-{}-{}-{}-orig-no-opt.{}'}}"
