d,ada-no-opts,3314952248,0.95,6172,0.7043097861309138,0.6984615384615385,0:00:00.199613,"{'training-options': {'y-key': 'quality', 'exclude-keys': ['quality', 'quality', 'quality'], 'image-name': 'dt-exports/winequality/attempts/3314952248/d-{}-{}-{}-orig-no-opt.{}'}}"
d,ada-no-opts,3314952248,0.9,5847,0.5324097827945955,0.5276923076923077,0:00:00.191497,"{'training-options': {'y-key': 'quality', 'exclude-keys': ['quality', 'quality', 'quality'], 'image-name': 'dt-exports/winequality/attempts/3314952248/d-{}-{}-{}-orig-no-opt.{}'}}"
d,ada-no-opts,3314952248,0.85,5522,0.63672582397682,0.6225641025641026,0:00:00.186009,"{'training-options': {'y-key': 'quality', 'exclude-keys': ['quality', 'quality', 'quality'], 'image-name': 'dt-exports/winequality/attempts/3314952248/d-{}-{}-{}-orig-no-opt.{}'}}"
d,ada-no-opts,3314952248,0.8,5197,0.5220319415047143,0.5238461538461539,0:00:00.179605,"{'training-options': {'y-key': 'quality', 'exclude-keys': ['quality', 'quality', 'quality'], 'image-name': 'dt-exports/winequality/attempts/3314952248/d-{}-{}-{}-orig-no-opt.{}'}}"
d,ada-no-opts,3314952248,0.75,4872,0.5525451559934318,0.5526153846153846,0:00:00.172397,"{'training-options': {'y-key': 'quality', 'exclude-keys': ['quality', 'quality', 'quality'], 'image-name': 'dt-exports/winequality/attempts/3314952248/d-{}-{}-{}-orig-no-opt.{}'}}"
d,ada-no-opts,3314952248,0.7,4547,0.6296459203870683,0.6343589743589744,0:00:00.166629,"{'training-options': {'y-key': 'quality', 'exclude-keys': ['quality', 'quality', 'quality'], 'image-name': 'dt-exports/winequality/attempts/3314952248/d-{}-{}-{}-orig-no-opt.{}'}}"
d,ada-no-opts,3314952248,0.65,4223,0.6298839687426001,0.6380826737027265,0:00:00.158641,"{'training-options': {'y-key': 'quality', 'exclude-keys': ['quality', 'quality', 'quality'], 'image-name': 'dt-exports/winequality/attempts/3314952248/d-{}-{}-{}-orig-no-opt.{}'}}"
d,ada-no-opts,3314952248,0.6,3898,0.5271934325295022,0.522893420546364,0:00:00.151303,"{'training-options': {'y-key': 'quality', 'exclude-keys': ['quality', 'quality', 'quality'], 'image-name': 'dt-exports/winequality/attempts/3314952248/d-{}-{}-{}-orig-no-opt.{}'}}"
d,ada-no-opts,3314952248,0.55,3573,0.5200111950741674,0.5188098495212039,0:00:00.145851,"{'training-options': {'y-key': 'quality', 'exclude-keys': ['quality', 'quality', 'quality'], 'image-name': 'dt-exports/winequality/attempts/3314952248/d-{}-{}-{}-orig-no-opt.{}'}}"
d,ada-no-opts,3314952248,0.5,3248,0.7826354679802956,0.7931671283471837,0:00:00.139625,"{'training-options': {'y-key': 'quality', 'exclude-keys': ['quality', 'quality', 'quality'], 'image-name': 'dt-exports/winequality/attempts/3314952248/d-{}-{}-{}-orig-no-opt.{}'}}"
d,ada-no-opts,3314952248,0.45,2923,0.6462538487854943,0.661723559037493,0:00:00.133214,"{'training-options': {'y-key': 'quality', 'exclude-keys': ['quality', 'quality', 'quality'], 'image-name': 'dt-exports/winequality/attempts/3314952248/d-{}-{}-{}-orig-no-opt.{}'}}"
d,ada-no-opts,3314952248,0.4,2598,0.6020015396458814,0.6124647345473198,0:00:00.125293,"{'training-options': {'y-key': 'quality', 'exclude-keys': ['quality', 'quality', 'quality'], 'image-name': 'dt-exports/winequality/attempts/3314952248/d-{}-{}-{}-orig-no-opt.{}'}}"
d,ada-no-opts,3314952248,0.35,2273,0.5732512098548175,0.584280303030303,0:00:00.117478,"{'training-options': {'y-key': 'quality', 'exclude-keys': ['quality', 'quality', 'quality'], 'image-name': 'dt-exports/winequality/attempts/3314952248/d-{}-{}-{}-orig-no-opt.{}'}}"
d,ada-no-opts,3314952248,0.3,1949,0.5602873268342741,0.5866314863676341,0:00:00.112612,"{'training-options': {'y-key': 'quality', 'exclude-keys': ['quality', 'quality', 'quality'], 'image-name': 'dt-exports/winequality/attempts/3314952248/d-{}-{}-{}-orig-no-opt.{}'}}"
d,ada-no-opts,3314952248,0.25,1624,0.5332512315270936,0.5592037759080648,0:00:00.104784,"{'training-options': {'y-key': 'quality', 'exclude-keys': ['quality', 'quality', 'quality'], 'image-name': 'dt-exports/winequality/attempts/3314952248/d-{}-{}-{}-orig-no-opt.{}'}}"
d,ada-no-opts,3314952248,0.2,1299,0.5750577367205543,0.6000384763370528,0:00:00.097071,"{'training-options': {'y-key': 'quality', 'exclude-keys': ['quality', 'quality', 'quality'], 'image-name': 'dt-exports/winequality/attempts/3314952248/d-{}-{}-{}-orig-no-opt.{}'}}"
d,ada-no-opts,3314952248,0.15,974,0.5492813141683779,0.5592974832518558,0:00:00.091994,"{'training-options': {'y-key': 'quality', 'exclude-keys': ['quality', 'quality', 'quality'], 'image-name': 'dt-exports/winequality/attempts/3314952248/d-{}-{}-{}-orig-no-opt.{}'}}"
d,ada-no-opts,3314952248,0.1,649,0.4791987673343605,0.49897400820793436,0:00:00.080922,"{'training-options': {'y-key': 'quality', 'exclude-keys': ['quality', 'quality', 'quality'], 'image-name': 'dt-exports/winequality/attempts/3314952248/d-{}-{}-{}-orig-no-opt.{}'}}"
d,ada-no-opts,3314952248,0.05,324,0.4629629629629629,0.5136886440952535,0:00:00.073286,"{'training-options': {'y-key': 'quality', 'exclude-keys': ['quality', 'quality', 'quality'], 'image-name': 'dt-exports/winequality/attempts/3314952248/d-{}-{}-{}-orig-no-opt.{}'}}"
d,ada-no-opts,4007862753,0.95,6172,0.734445884640311,0.7476923076923077,0:00:00.199727,"{'training-options': {'y-key': 'quality', 'exclude-keys': ['quality', 'quality', 'quality'], 'image-name': 'dt-exports/winequality/attempts/4007862753/d-{}-{}-{}-orig-no-opt.{}'}}"
d,ada-no-opts,4007862753,0.9,5847,0.7396955703779716,0.7692307692307692,0:00:00.190993,"{'training-options': {'y-key': 'quality', 'exclude-keys': ['quality', 'quality', 'quality'], 'image-name': 'dt-exports/winequality/attempts/4007862753/d-{}-{}-{}-orig-no-opt.{}'}}"
d,ada-no-opts,4007862753,0.85,5522,0.6981166244114452,0.7230769230769231,0:00:00.192292,"{'training-options': {'y-key': 'quality', 'exclude-keys': ['quality', 'quality', 'quality'], 'image-name': 'dt-exports/winequality/attempts/4007862753/d-{}-{}-{}-orig-no-opt.{}'}}"
d,ada-no-opts,4007862753,0.8,5197,0.5874543005580142,0.6061538461538462,0:00:00.179007,"{'training-options': {'y-key': 'quality', 'exclude-keys': ['quality', 'quality', 'quality'], 'image-name': 'dt-exports/winequality/attempts/4007862753/d-{}-{}-{}-orig-no-opt.{}'}}"
d,ada-no-opts,4007862753,0.75,4872,0.5160098522167488,0.5378461538461539,0:00:00.172182,"{'training-options': {'y-key': 'quality', 'exclude-keys': ['quality', 'quality', 'quality'], 'image-name': 'dt-exports/winequality/attempts/4007862753/d-{}-{}-{}-orig-no-opt.{}'}}"
d,ada-no-opts,4007862753,0.7,4547,0.5891796789091709,0.6107692307692307,0:00:00.165468,"{'training-options': {'y-key': 'quality', 'exclude-keys': ['quality', 'quality', 'quality'], 'image-name': 'dt-exports/winequality/attempts/4007862753/d-{}-{}-{}-orig-no-opt.{}'}}"
d,ada-no-opts,4007862753,0.65,4223,0.5555292446128345,0.5738786279683377,0:00:00.159025,"{'training-options': {'y-key': 'quality', 'exclude-keys': ['quality', 'quality', 'quality'], 'image-name': 'dt-exports/winequality/attempts/4007862753/d-{}-{}-{}-orig-no-opt.{}'}}"
d,ada-no-opts,4007862753,0.6,3898,0.5572088250384812,0.5644478645632935,0:00:00.155342,"{'training-options': {'y-key': 'quality', 'exclude-keys': ['quality', 'quality', 'quality'], 'image-name': 'dt-exports/winequality/attempts/4007862753/d-{}-{}-{}-orig-no-opt.{}'}}"
d,ada-no-opts,4007862753,0.55,3573,0.5032185838231178,0.5160738714090287,0:00:00.148783,"{'training-options': {'y-key': 'quality', 'exclude-keys': ['quality', 'quality', 'quality'], 'image-name': 'dt-exports/winequality/attempts/4007862753/d-{}-{}-{}-orig-no-opt.{}'}}"
d,ada-no-opts,4007862753,0.5,3248,0.5009236453201971,0.5170821791320406,0:00:00.141398,"{'training-options': {'y-key': 'quality', 'exclude-keys': ['quality', 'quality', 'quality'], 'image-name': 'dt-exports/winequality/attempts/4007862753/d-{}-{}-{}-orig-no-opt.{}'}}"
d,ada-no-opts,4007862753,0.45,2923,0.5005131713992473,0.5159485170677112,0:00:00.130678,"{'training-options': {'y-key': 'quality', 'exclude-keys': ['quality', 'quality', 'quality'], 'image-name': 'dt-exports/winequality/attempts/4007862753/d-{}-{}-{}-orig-no-opt.{}'}}"
d,ada-no-opts,4007862753,0.4,2598,0.5,0.5150038471402925,0:00:00.124565,"{'training-options': {'y-key': 'quality', 'exclude-keys': ['quality', 'quality', 'quality'], 'image-name': 'dt-exports/winequality/attempts/4007862753/d-{}-{}-{}-orig-no-opt.{}'}}"
d,ada-no-opts,4007862753,0.35,2273,0.5019797624285085,0.5127840909090908,0:00:00.118706,"{'training-options': {'y-key': 'quality', 'exclude-keys': ['quality', 'quality', 'quality'], 'image-name': 'dt-exports/winequality/attempts/4007862753/d-{}-{}-{}-orig-no-opt.{}'}}"
d,ada-no-opts,4007862753,0.3,1949,0.5038481272447408,0.5112137203166227,0:00:00.112409,"{'training-options': {'y-key': 'quality', 'exclude-keys': ['quality', 'quality', 'quality'], 'image-name': 'dt-exports/winequality/attempts/4007862753/d-{}-{}-{}-orig-no-opt.{}'}}"
d,ada-no-opts,4007862753,0.25,1624,0.49507389162561577,0.5029755797250154,0:00:00.104633,"{'training-options': {'y-key': 'quality', 'exclude-keys': ['quality', 'quality', 'quality'], 'image-name': 'dt-exports/winequality/attempts/4007862753/d-{}-{}-{}-orig-no-opt.{}'}}"
d,ada-no-opts,4007862753,0.2,1299,0.4934565050038491,0.5028857252789534,0:00:00.097574,"{'training-options': {'y-key': 'quality', 'exclude-keys': ['quality', 'quality', 'quality'], 'image-name': 'dt-exports/winequality/attempts/4007862753/d-{}-{}-{}-orig-no-opt.{}'}}"
d,ada-no-opts,4007862753,0.15,974,0.49383983572895274,0.5022632627195365,0:00:00.092725,"{'training-options': {'y-key': 'quality', 'exclude-keys': ['quality', 'quality', 'quality'], 'image-name': 'dt-exports/winequality/attempts/4007862753/d-{}-{}-{}-orig-no-opt.{}'}}"
d,ada-no-opts,4007862753,0.1,649,0.48536209553158705,0.5027359781121752,0:00:00.083240,"{'training-options': {'y-key': 'quality', 'exclude-keys': ['quality', 'quality', 'quality'], 'image-name': 'dt-exports/winequality/attempts/4007862753/d-{}-{}-{}-orig-no-opt.{}'}}"
d,ada-no-opts,4007862753,0.05,324,0.5154320987654322,0.5383120038878989,0:00:00.074702,"{'training-options': {'y-key': 'quality', 'exclude-keys': ['quality', 'quality', 'quality'], 'image-name': 'dt-exports/winequality/attempts/4007862753/d-{}-{}-{}-orig-no-opt.{}'}}"
d,ada-no-opts,743167336,0.95,6172,0.6633182112767336,0.6707692307692308,0:00:00.197684,"{'training-options': {'y-key': 'quality', 'exclude-keys': ['quality', 'quality', 'quality'], 'image-name': 'dt-exports/winequality/attempts/743167336/d-{}-{}-{}-orig-no-opt.{}'}}"
d,ada-no-opts,743167336,0.9,5847,0.5625106892423465,0.5876923076923077,0:00:00.191682,"{'training-options': {'y-key': 'quality', 'exclude-keys': ['quality', 'quality', 'quality'], 'image-name': 'dt-exports/winequality/attempts/743167336/d-{}-{}-{}-orig-no-opt.{}'}}"
d,ada-no-opts,743167336,0.85,5522,0.5639261137269105,0.5835897435897436,0:00:00.186359,"{'training-options': {'y-key': 'quality', 'exclude-keys': ['quality', 'quality', 'quality'], 'image-name': 'dt-exports/winequality/attempts/743167336/d-{}-{}-{}-orig-no-opt.{}'}}"
d,ada-no-opts,743167336,0.8,5197,0.6163171060227054,0.6284615384615384,0:00:00.178076,"{'training-options': {'y-key': 'quality', 'exclude-keys': ['quality', 'quality', 'quality'], 'image-name': 'dt-exports/winequality/attempts/743167336/d-{}-{}-{}-orig-no-opt.{}'}}"
d,ada-no-opts,743167336,0.75,4872,0.6196633825944171,0.616,0:00:00.174892,"{'training-options': {'y-key': 'quality', 'exclude-keys': ['quality', 'quality', 'quality'], 'image-name': 'dt-exports/winequality/attempts/743167336/d-{}-{}-{}-orig-no-opt.{}'}}"
d,ada-no-opts,743167336,0.7,4547,0.6193094347921706,0.6112820512820513,0:00:00.167765,"{'training-options': {'y-key': 'quality', 'exclude-keys': ['quality', 'quality', 'quality'], 'image-name': 'dt-exports/winequality/attempts/743167336/d-{}-{}-{}-orig-no-opt.{}'}}"
d,ada-no-opts,743167336,0.65,4223,0.6092825005919962,0.5932277924362357,0:00:00.157610,"{'training-options': {'y-key': 'quality', 'exclude-keys': ['quality', 'quality', 'quality'], 'image-name': 'dt-exports/winequality/attempts/743167336/d-{}-{}-{}-orig-no-opt.{}'}}"
d,ada-no-opts,743167336,0.6,3898,0.7324268855823499,0.7329742208541747,0:00:00.152734,"{'training-options': {'y-key': 'quality', 'exclude-keys': ['quality', 'quality', 'quality'], 'image-name': 'dt-exports/winequality/attempts/743167336/d-{}-{}-{}-orig-no-opt.{}'}}"
d,ada-no-opts,743167336,0.55,3573,0.5924993003078645,0.5940492476060191,0:00:00.144817,"{'training-options': {'y-key': 'quality', 'exclude-keys': ['quality', 'quality', 'quality'], 'image-name': 'dt-exports/winequality/attempts/743167336/d-{}-{}-{}-orig-no-opt.{}'}}"
d,ada-no-opts,743167336,0.5,3248,0.6447044334975369,0.6448137888581102,0:00:00.138482,"{'training-options': {'y-key': 'quality', 'exclude-keys': ['quality', 'quality', 'quality'], 'image-name': 'dt-exports/winequality/attempts/743167336/d-{}-{}-{}-orig-no-opt.{}'}}"
d,ada-no-opts,743167336,0.45,2923,0.6479644201163188,0.6622831561275881,0:00:00.130206,"{'training-options': {'y-key': 'quality', 'exclude-keys': ['quality', 'quality', 'quality'], 'image-name': 'dt-exports/winequality/attempts/743167336/d-{}-{}-{}-orig-no-opt.{}'}}"
d,ada-no-opts,743167336,0.4,2598,0.6851424172440339,0.6968453449602462,0:00:00.124640,"{'training-options': {'y-key': 'quality', 'exclude-keys': ['quality', 'quality', 'quality'], 'image-name': 'dt-exports/winequality/attempts/743167336/d-{}-{}-{}-orig-no-opt.{}'}}"
d,ada-no-opts,743167336,0.35,2273,0.5723713154421469,0.5901988636363636,0:00:00.120033,"{'training-options': {'y-key': 'quality', 'exclude-keys': ['quality', 'quality', 'quality'], 'image-name': 'dt-exports/winequality/attempts/743167336/d-{}-{}-{}-orig-no-opt.{}'}}"
d,ada-no-opts,743167336,0.3,1949,0.5700359158542843,0.6002638522427441,0:00:00.110636,"{'training-options': {'y-key': 'quality', 'exclude-keys': ['quality', 'quality', 'quality'], 'image-name': 'dt-exports/winequality/attempts/743167336/d-{}-{}-{}-orig-no-opt.{}'}}"
d,ada-no-opts,743167336,0.25,1624,0.5560344827586207,0.5903960599220193,0:00:00.105570,"{'training-options': {'y-key': 'quality', 'exclude-keys': ['quality', 'quality', 'quality'], 'image-name': 'dt-exports/winequality/attempts/743167336/d-{}-{}-{}-orig-no-opt.{}'}}"
d,ada-no-opts,743167336,0.2,1299,0.5558121632024635,0.5890727202770296,0:00:00.101917,"{'training-options': {'y-key': 'quality', 'exclude-keys': ['quality', 'quality', 'quality'], 'image-name': 'dt-exports/winequality/attempts/743167336/d-{}-{}-{}-orig-no-opt.{}'}}"
d,ada-no-opts,743167336,0.15,974,0.5626283367556468,0.5915263443780554,0:00:00.091597,"{'training-options': {'y-key': 'quality', 'exclude-keys': ['quality', 'quality', 'quality'], 'image-name': 'dt-exports/winequality/attempts/743167336/d-{}-{}-{}-orig-no-opt.{}'}}"
d,ada-no-opts,743167336,0.1,649,0.45916795069337446,0.5076949384404925,0:00:00.082767,"{'training-options': {'y-key': 'quality', 'exclude-keys': ['quality', 'quality', 'quality'], 'image-name': 'dt-exports/winequality/attempts/743167336/d-{}-{}-{}-orig-no-opt.{}'}}"
d,ada-no-opts,743167336,0.05,324,0.49691358024691357,0.5511096711485501,0:00:00.074319,"{'training-options': {'y-key': 'quality', 'exclude-keys': ['quality', 'quality', 'quality'], 'image-name': 'dt-exports/winequality/attempts/743167336/d-{}-{}-{}-orig-no-opt.{}'}}"
d,ada-no-opts,2127013315,0.95,6172,0.7120868438107583,0.7384615384615385,0:00:00.204340,"{'training-options': {'y-key': 'quality', 'exclude-keys': ['quality', 'quality', 'quality'], 'image-name': 'dt-exports/winequality/attempts/2127013315/d-{}-{}-{}-orig-no-opt.{}'}}"
d,ada-no-opts,2127013315,0.9,5847,0.7008722421754746,0.7,0:00:00.191533,"{'training-options': {'y-key': 'quality', 'exclude-keys': ['quality', 'quality', 'quality'], 'image-name': 'dt-exports/winequality/attempts/2127013315/d-{}-{}-{}-orig-no-opt.{}'}}"
d,ada-no-opts,2127013315,0.85,5522,0.6193408185440058,0.5928205128205128,0:00:00.185392,"{'training-options': {'y-key': 'quality', 'exclude-keys': ['quality', 'quality', 'quality'], 'image-name': 'dt-exports/winequality/attempts/2127013315/d-{}-{}-{}-orig-no-opt.{}'}}"
d,ada-no-opts,2127013315,0.8,5197,0.7046372907446603,0.6846153846153846,0:00:00.182251,"{'training-options': {'y-key': 'quality', 'exclude-keys': ['quality', 'quality', 'quality'], 'image-name': 'dt-exports/winequality/attempts/2127013315/d-{}-{}-{}-orig-no-opt.{}'}}"
d,ada-no-opts,2127013315,0.75,4872,0.6325944170771757,0.6516923076923077,0:00:00.171274,"{'training-options': {'y-key': 'quality', 'exclude-keys': ['quality', 'quality', 'quality'], 'image-name': 'dt-exports/winequality/attempts/2127013315/d-{}-{}-{}-orig-no-opt.{}'}}"
d,ada-no-opts,2127013315,0.7,4547,0.6322850230921486,0.642051282051282,0:00:00.165795,"{'training-options': {'y-key': 'quality', 'exclude-keys': ['quality', 'quality', 'quality'], 'image-name': 'dt-exports/winequality/attempts/2127013315/d-{}-{}-{}-orig-no-opt.{}'}}"
d,ada-no-opts,2127013315,0.65,4223,0.5770779067013971,0.5853122251539138,0:00:00.160567,"{'training-options': {'y-key': 'quality', 'exclude-keys': ['quality', 'quality', 'quality'], 'image-name': 'dt-exports/winequality/attempts/2127013315/d-{}-{}-{}-orig-no-opt.{}'}}"
d,ada-no-opts,2127013315,0.6,3898,0.5756798358132376,0.5894574836475568,0:00:00.151302,"{'training-options': {'y-key': 'quality', 'exclude-keys': ['quality', 'quality', 'quality'], 'image-name': 'dt-exports/winequality/attempts/2127013315/d-{}-{}-{}-orig-no-opt.{}'}}"
d,ada-no-opts,2127013315,0.55,3573,0.5751469353484466,0.5896032831737346,0:00:00.147068,"{'training-options': {'y-key': 'quality', 'exclude-keys': ['quality', 'quality', 'quality'], 'image-name': 'dt-exports/winequality/attempts/2127013315/d-{}-{}-{}-orig-no-opt.{}'}}"
d,ada-no-opts,2127013315,0.5,3248,0.5772783251231527,0.5841797476146506,0:00:00.138321,"{'training-options': {'y-key': 'quality', 'exclude-keys': ['quality', 'quality', 'quality'], 'image-name': 'dt-exports/winequality/attempts/2127013315/d-{}-{}-{}-orig-no-opt.{}'}}"
d,ada-no-opts,2127013315,0.45,2923,0.579883681149504,0.578623391158366,0:00:00.131007,"{'training-options': {'y-key': 'quality', 'exclude-keys': ['quality', 'quality', 'quality'], 'image-name': 'dt-exports/winequality/attempts/2127013315/d-{}-{}-{}-orig-no-opt.{}'}}"
d,ada-no-opts,2127013315,0.4,2598,0.5812163202463434,0.5804052321107976,0:00:00.127565,"{'training-options': {'y-key': 'quality', 'exclude-keys': ['quality', 'quality', 'quality'], 'image-name': 'dt-exports/winequality/attempts/2127013315/d-{}-{}-{}-orig-no-opt.{}'}}"
d,ada-no-opts,2127013315,0.35,2273,0.5860096788385394,0.5816761363636364,0:00:00.117477,"{'training-options': {'y-key': 'quality', 'exclude-keys': ['quality', 'quality', 'quality'], 'image-name': 'dt-exports/winequality/attempts/2127013315/d-{}-{}-{}-orig-no-opt.{}'}}"
d,ada-no-opts,2127013315,0.3,1949,0.564391995895331,0.5734388742304309,0:00:00.114200,"{'training-options': {'y-key': 'quality', 'exclude-keys': ['quality', 'quality', 'quality'], 'image-name': 'dt-exports/winequality/attempts/2127013315/d-{}-{}-{}-orig-no-opt.{}'}}"
d,ada-no-opts,2127013315,0.25,1624,0.5394088669950738,0.5310896778165402,0:00:00.107327,"{'training-options': {'y-key': 'quality', 'exclude-keys': ['quality', 'quality', 'quality'], 'image-name': 'dt-exports/winequality/attempts/2127013315/d-{}-{}-{}-orig-no-opt.{}'}}"
d,ada-no-opts,2127013315,0.2,1299,0.619707467282525,0.6190842631781455,0:00:00.100671,"{'training-options': {'y-key': 'quality', 'exclude-keys': ['quality', 'quality', 'quality'], 'image-name': 'dt-exports/winequality/attempts/2127013315/d-{}-{}-{}-orig-no-opt.{}'}}"
d,ada-no-opts,2127013315,0.15,974,0.540041067761807,0.5359406119862393,0:00:00.091778,"{'training-options': {'y-key': 'quality', 'exclude-keys': ['quality', 'quality', 'quality'], 'image-name': 'dt-exports/winequality/attempts/2127013315/d-{}-{}-{}-orig-no-opt.{}'}}"
d,ada-no-opts,2127013315,0.1,649,0.5238828967642527,0.5348837209302326,0:00:00.083551,"{'training-options': {'y-key': 'quality', 'exclude-keys': ['quality', 'quality', 'quality'], 'image-name': 'dt-exports/winequality/attempts/2127013315/d-{}-{}-{}-orig-no-opt.{}'}}"
d,ada-no-opts,2127013315,0.05,324,0.5154320987654322,0.5360440628543658,0:00:00.074188,"{'training-options': {'y-key': 'quality', 'exclude-keys': ['quality', 'quality', 'quality'], 'image-name': 'dt-exports/winequality/attempts/2127013315/d-{}-{}-{}-orig-no-opt.{}'}}"
d,ada-no-opts,3689497746,0.95,6172,0.7595593000648089,0.7384615384615385,0:00:00.201875,"{'training-options': {'y-key': 'quality', 'exclude-keys': ['quality', 'quality', 'quality'], 'image-name': 'dt-exports/winequality/attempts/3689497746/d-{}-{}-{}-orig-no-opt.{}'}}"
d,ada-no-opts,3689497746,0.9,5847,0.5115443817342227,0.54,0:00:00.189650,"{'training-options': {'y-key': 'quality', 'exclude-keys': ['quality', 'quality', 'quality'], 'image-name': 'dt-exports/winequality/attempts/3689497746/d-{}-{}-{}-orig-no-opt.{}'}}"
d,ada-no-opts,3689497746,0.85,5522,0.5041651575516117,0.4933333333333333,0:00:00.187444,"{'training-options': {'y-key': 'quality', 'exclude-keys': ['quality', 'quality', 'quality'], 'image-name': 'dt-exports/winequality/attempts/3689497746/d-{}-{}-{}-orig-no-opt.{}'}}"
d,ada-no-opts,3689497746,0.8,5197,0.5268424090821628,0.5207692307692308,0:00:00.176548,"{'training-options': {'y-key': 'quality', 'exclude-keys': ['quality', 'quality', 'quality'], 'image-name': 'dt-exports/winequality/attempts/3689497746/d-{}-{}-{}-orig-no-opt.{}'}}"
d,ada-no-opts,3689497746,0.75,4872,0.5036945812807883,0.496,0:00:00.170069,"{'training-options': {'y-key': 'quality', 'exclude-keys': ['quality', 'quality', 'quality'], 'image-name': 'dt-exports/winequality/attempts/3689497746/d-{}-{}-{}-orig-no-opt.{}'}}"
d,ada-no-opts,3689497746,0.7,4547,0.6199692104684407,0.6107692307692307,0:00:00.167996,"{'training-options': {'y-key': 'quality', 'exclude-keys': ['quality', 'quality', 'quality'], 'image-name': 'dt-exports/winequality/attempts/3689497746/d-{}-{}-{}-orig-no-opt.{}'}}"
d,ada-no-opts,3689497746,0.65,4223,0.5848922566895571,0.5699208443271768,0:00:00.161331,"{'training-options': {'y-key': 'quality', 'exclude-keys': ['quality', 'quality', 'quality'], 'image-name': 'dt-exports/winequality/attempts/3689497746/d-{}-{}-{}-orig-no-opt.{}'}}"
d,ada-no-opts,3689497746,0.6,3898,0.5831195484864033,0.5744517121969989,0:00:00.153180,"{'training-options': {'y-key': 'quality', 'exclude-keys': ['quality', 'quality', 'quality'], 'image-name': 'dt-exports/winequality/attempts/3689497746/d-{}-{}-{}-orig-no-opt.{}'}}"
d,ada-no-opts,3689497746,0.55,3573,0.5513574027427932,0.5502735978112174,0:00:00.146835,"{'training-options': {'y-key': 'quality', 'exclude-keys': ['quality', 'quality', 'quality'], 'image-name': 'dt-exports/winequality/attempts/3689497746/d-{}-{}-{}-orig-no-opt.{}'}}"
d,ada-no-opts,3689497746,0.5,3248,0.582820197044335,0.5857186826715912,0:00:00.143058,"{'training-options': {'y-key': 'quality', 'exclude-keys': ['quality', 'quality', 'quality'], 'image-name': 'dt-exports/winequality/attempts/3689497746/d-{}-{}-{}-orig-no-opt.{}'}}"
d,ada-no-opts,3689497746,0.45,2923,0.5675675675675675,0.5705092333519866,0:00:00.132466,"{'training-options': {'y-key': 'quality', 'exclude-keys': ['quality', 'quality', 'quality'], 'image-name': 'dt-exports/winequality/attempts/3689497746/d-{}-{}-{}-orig-no-opt.{}'}}"
d,ada-no-opts,3689497746,0.4,2598,0.569284064665127,0.5696332392921262,0:00:00.127377,"{'training-options': {'y-key': 'quality', 'exclude-keys': ['quality', 'quality', 'quality'], 'image-name': 'dt-exports/winequality/attempts/3689497746/d-{}-{}-{}-orig-no-opt.{}'}}"
d,ada-no-opts,3689497746,0.35,2273,0.561372635283766,0.5759943181818181,0:00:00.121255,"{'training-options': {'y-key': 'quality', 'exclude-keys': ['quality', 'quality', 'quality'], 'image-name': 'dt-exports/winequality/attempts/3689497746/d-{}-{}-{}-orig-no-opt.{}'}}"
d,ada-no-opts,3689497746,0.3,1949,0.5479733196511032,0.5653034300791557,0:00:00.111727,"{'training-options': {'y-key': 'quality', 'exclude-keys': ['quality', 'quality', 'quality'], 'image-name': 'dt-exports/winequality/attempts/3689497746/d-{}-{}-{}-orig-no-opt.{}'}}"
d,ada-no-opts,3689497746,0.25,1624,0.5603448275862069,0.5832136261030166,0:00:00.100769,"{'training-options': {'y-key': 'quality', 'exclude-keys': ['quality', 'quality', 'quality'], 'image-name': 'dt-exports/winequality/attempts/3689497746/d-{}-{}-{}-orig-no-opt.{}'}}"
d,ada-no-opts,3689497746,0.2,1299,0.7644341801385681,0.7556752597152752,0:00:00.096927,"{'training-options': {'y-key': 'quality', 'exclude-keys': ['quality', 'quality', 'quality'], 'image-name': 'dt-exports/winequality/attempts/3689497746/d-{}-{}-{}-orig-no-opt.{}'}}"
d,ada-no-opts,3689497746,0.15,974,0.49383983572895274,0.5086003983342386,0:00:00.089172,"{'training-options': {'y-key': 'quality', 'exclude-keys': ['quality', 'quality', 'quality'], 'image-name': 'dt-exports/winequality/attempts/3689497746/d-{}-{}-{}-orig-no-opt.{}'}}"
d,ada-no-opts,3689497746,0.1,649,0.4761171032357473,0.509233926128591,0:00:00.081229,"{'training-options': {'y-key': 'quality', 'exclude-keys': ['quality', 'quality', 'quality'], 'image-name': 'dt-exports/winequality/attempts/3689497746/d-{}-{}-{}-orig-no-opt.{}'}}"
d,ada-no-opts,3689497746,0.05,324,0.5,0.5368540417949133,0:00:00.073683,"{'training-options': {'y-key': 'quality', 'exclude-keys': ['quality', 'quality', 'quality'], 'image-name': 'dt-exports/winequality/attempts/3689497746/d-{}-{}-{}-orig-no-opt.{}'}}"
d,ada-no-opts,409704764,0.95,6172,0.6615359688917692,0.6430769230769231,0:00:00.199395,"{'training-options': {'y-key': 'quality', 'exclude-keys': ['quality', 'quality', 'quality'], 'image-name': 'dt-exports/winequality/attempts/409704764/d-{}-{}-{}-orig-no-opt.{}'}}"
d,ada-no-opts,409704764,0.9,5847,0.6475115443817343,0.6738461538461539,0:00:00.196926,"{'training-options': {'y-key': 'quality', 'exclude-keys': ['quality', 'quality', 'quality'], 'image-name': 'dt-exports/winequality/attempts/409704764/d-{}-{}-{}-orig-no-opt.{}'}}"
d,ada-no-opts,409704764,0.85,5522,0.6260412893879029,0.6369230769230769,0:00:00.187404,"{'training-options': {'y-key': 'quality', 'exclude-keys': ['quality', 'quality', 'quality'], 'image-name': 'dt-exports/winequality/attempts/409704764/d-{}-{}-{}-orig-no-opt.{}'}}"
d,ada-no-opts,409704764,0.8,5197,0.6338272080046181,0.6284615384615384,0:00:00.179283,"{'training-options': {'y-key': 'quality', 'exclude-keys': ['quality', 'quality', 'quality'], 'image-name': 'dt-exports/winequality/attempts/409704764/d-{}-{}-{}-orig-no-opt.{}'}}"
d,ada-no-opts,409704764,0.75,4872,0.5055418719211823,0.5243076923076924,0:00:00.170427,"{'training-options': {'y-key': 'quality', 'exclude-keys': ['quality', 'quality', 'quality'], 'image-name': 'dt-exports/winequality/attempts/409704764/d-{}-{}-{}-orig-no-opt.{}'}}"
d,ada-no-opts,409704764,0.7,4547,0.6155707059599735,0.62,0:00:00.168258,"{'training-options': {'y-key': 'quality', 'exclude-keys': ['quality', 'quality', 'quality'], 'image-name': 'dt-exports/winequality/attempts/409704764/d-{}-{}-{}-orig-no-opt.{}'}}"
d,ada-no-opts,409704764,0.65,4223,0.6054937248401611,0.617854001759015,0:00:00.159223,"{'training-options': {'y-key': 'quality', 'exclude-keys': ['quality', 'quality', 'quality'], 'image-name': 'dt-exports/winequality/attempts/409704764/d-{}-{}-{}-orig-no-opt.{}'}}"
d,ada-no-opts,409704764,0.6,3898,0.7385838891739354,0.7541362062331666,0:00:00.155402,"{'training-options': {'y-key': 'quality', 'exclude-keys': ['quality', 'quality', 'quality'], 'image-name': 'dt-exports/winequality/attempts/409704764/d-{}-{}-{}-orig-no-opt.{}'}}"
d,ada-no-opts,409704764,0.55,3573,0.6280436607892528,0.6405608755129959,0:00:00.147380,"{'training-options': {'y-key': 'quality', 'exclude-keys': ['quality', 'quality', 'quality'], 'image-name': 'dt-exports/winequality/attempts/409704764/d-{}-{}-{}-orig-no-opt.{}'}}"
d,ada-no-opts,409704764,0.5,3248,0.625615763546798,0.6408125577100646,0:00:00.140247,"{'training-options': {'y-key': 'quality', 'exclude-keys': ['quality', 'quality', 'quality'], 'image-name': 'dt-exports/winequality/attempts/409704764/d-{}-{}-{}-orig-no-opt.{}'}}"
d,ada-no-opts,409704764,0.45,2923,0.5631200821074238,0.5724678231673195,0:00:00.136355,"{'training-options': {'y-key': 'quality', 'exclude-keys': ['quality', 'quality', 'quality'], 'image-name': 'dt-exports/winequality/attempts/409704764/d-{}-{}-{}-orig-no-opt.{}'}}"
d,ada-no-opts,409704764,0.4,2598,0.5638953040800616,0.5711720954090793,0:00:00.125489,"{'training-options': {'y-key': 'quality', 'exclude-keys': ['quality', 'quality', 'quality'], 'image-name': 'dt-exports/winequality/attempts/409704764/d-{}-{}-{}-orig-no-opt.{}'}}"
d,ada-no-opts,409704764,0.35,2273,0.5684117905851298,0.5681818181818181,0:00:00.118884,"{'training-options': {'y-key': 'quality', 'exclude-keys': ['quality', 'quality', 'quality'], 'image-name': 'dt-exports/winequality/attempts/409704764/d-{}-{}-{}-orig-no-opt.{}'}}"
d,ada-no-opts,409704764,0.3,1949,0.5823499230374551,0.5747581354441513,0:00:00.112369,"{'training-options': {'y-key': 'quality', 'exclude-keys': ['quality', 'quality', 'quality'], 'image-name': 'dt-exports/winequality/attempts/409704764/d-{}-{}-{}-orig-no-opt.{}'}}"
d,ada-no-opts,409704764,0.25,1624,0.5745073891625616,0.5782885286271291,0:00:00.104710,"{'training-options': {'y-key': 'quality', 'exclude-keys': ['quality', 'quality', 'quality'], 'image-name': 'dt-exports/winequality/attempts/409704764/d-{}-{}-{}-orig-no-opt.{}'}}"
d,ada-no-opts,409704764,0.2,1299,0.5727482678983833,0.5740669488264718,0:00:00.098374,"{'training-options': {'y-key': 'quality', 'exclude-keys': ['quality', 'quality', 'quality'], 'image-name': 'dt-exports/winequality/attempts/409704764/d-{}-{}-{}-orig-no-opt.{}'}}"
d,ada-no-opts,409704764,0.15,974,0.6026694045174539,0.6094513851167844,0:00:00.087851,"{'training-options': {'y-key': 'quality', 'exclude-keys': ['quality', 'quality', 'quality'], 'image-name': 'dt-exports/winequality/attempts/409704764/d-{}-{}-{}-orig-no-opt.{}'}}"
d,ada-no-opts,409704764,0.1,649,0.5485362095531587,0.5319767441860466,0:00:00.080802,"{'training-options': {'y-key': 'quality', 'exclude-keys': ['quality', 'quality', 'quality'], 'image-name': 'dt-exports/winequality/attempts/409704764/d-{}-{}-{}-orig-no-opt.{}'}}"
d,ada-no-opts,409704764,0.05,324,0.49691358024691357,0.5315081807872996,0:00:00.072677,"{'training-options': {'y-key': 'quality', 'exclude-keys': ['quality', 'quality', 'quality'], 'image-name': 'dt-exports/winequality/attempts/409704764/d-{}-{}-{}-orig-no-opt.{}'}}"
d,ada-no-opts,503450766,0.95,6172,0.6192482177576151,0.6,0:00:00.203072,"{'training-options': {'y-key': 'quality', 'exclude-keys': ['quality', 'quality', 'quality'], 'image-name': 'dt-exports/winequality/attempts/503450766/d-{}-{}-{}-orig-no-opt.{}'}}"
d,ada-no-opts,503450766,0.9,5847,0.5467761245082948,0.5138461538461538,0:00:00.193350,"{'training-options': {'y-key': 'quality', 'exclude-keys': ['quality', 'quality', 'quality'], 'image-name': 'dt-exports/winequality/attempts/503450766/d-{}-{}-{}-orig-no-opt.{}'}}"
d,ada-no-opts,503450766,0.85,5522,0.5487142339731981,0.5148717948717949,0:00:00.186785,"{'training-options': {'y-key': 'quality', 'exclude-keys': ['quality', 'quality', 'quality'], 'image-name': 'dt-exports/winequality/attempts/503450766/d-{}-{}-{}-orig-no-opt.{}'}}"
d,ada-no-opts,503450766,0.8,5197,0.549162978641524,0.5215384615384615,0:00:00.176011,"{'training-options': {'y-key': 'quality', 'exclude-keys': ['quality', 'quality', 'quality'], 'image-name': 'dt-exports/winequality/attempts/503450766/d-{}-{}-{}-orig-no-opt.{}'}}"
d,ada-no-opts,503450766,0.75,4872,0.5513136288998358,0.5206153846153846,0:00:00.169568,"{'training-options': {'y-key': 'quality', 'exclude-keys': ['quality', 'quality', 'quality'], 'image-name': 'dt-exports/winequality/attempts/503450766/d-{}-{}-{}-orig-no-opt.{}'}}"
d,ada-no-opts,503450766,0.7,4547,0.54783373652958,0.5317948717948717,0:00:00.167082,"{'training-options': {'y-key': 'quality', 'exclude-keys': ['quality', 'quality', 'quality'], 'image-name': 'dt-exports/winequality/attempts/503450766/d-{}-{}-{}-orig-no-opt.{}'}}"
d,ada-no-opts,503450766,0.65,4223,0.5633435946009946,0.5558487247141601,0:00:00.158826,"{'training-options': {'y-key': 'quality', 'exclude-keys': ['quality', 'quality', 'quality'], 'image-name': 'dt-exports/winequality/attempts/503450766/d-{}-{}-{}-orig-no-opt.{}'}}"
d,ada-no-opts,503450766,0.6,3898,0.547203694202155,0.5367449018853405,0:00:00.151414,"{'training-options': {'y-key': 'quality', 'exclude-keys': ['quality', 'quality', 'quality'], 'image-name': 'dt-exports/winequality/attempts/503450766/d-{}-{}-{}-orig-no-opt.{}'}}"
d,ada-no-opts,503450766,0.55,3573,0.544080604534005,0.5420656634746922,0:00:00.143769,"{'training-options': {'y-key': 'quality', 'exclude-keys': ['quality', 'quality', 'quality'], 'image-name': 'dt-exports/winequality/attempts/503450766/d-{}-{}-{}-orig-no-opt.{}'}}"
d,ada-no-opts,503450766,0.5,3248,0.5406403940886699,0.5460141582025239,0:00:00.137544,"{'training-options': {'y-key': 'quality', 'exclude-keys': ['quality', 'quality', 'quality'], 'image-name': 'dt-exports/winequality/attempts/503450766/d-{}-{}-{}-orig-no-opt.{}'}}"
d,ada-no-opts,503450766,0.45,2923,0.7612042422169004,0.7658086177951875,0:00:00.132703,"{'training-options': {'y-key': 'quality', 'exclude-keys': ['quality', 'quality', 'quality'], 'image-name': 'dt-exports/winequality/attempts/503450766/d-{}-{}-{}-orig-no-opt.{}'}}"
d,ada-no-opts,503450766,0.4,2598,0.7424942263279446,0.728391895357784,0:00:00.124462,"{'training-options': {'y-key': 'quality', 'exclude-keys': ['quality', 'quality', 'quality'], 'image-name': 'dt-exports/winequality/attempts/503450766/d-{}-{}-{}-orig-no-opt.{}'}}"
d,ada-no-opts,503450766,0.35,2273,0.7584689837219534,0.7324810606060606,0:00:00.117785,"{'training-options': {'y-key': 'quality', 'exclude-keys': ['quality', 'quality', 'quality'], 'image-name': 'dt-exports/winequality/attempts/503450766/d-{}-{}-{}-orig-no-opt.{}'}}"
d,ada-no-opts,503450766,0.3,1949,0.7090815802975885,0.6897537379067722,0:00:00.111819,"{'training-options': {'y-key': 'quality', 'exclude-keys': ['quality', 'quality', 'quality'], 'image-name': 'dt-exports/winequality/attempts/503450766/d-{}-{}-{}-orig-no-opt.{}'}}"
d,ada-no-opts,503450766,0.25,1624,0.6594827586206897,0.6548327518982147,0:00:00.104990,"{'training-options': {'y-key': 'quality', 'exclude-keys': ['quality', 'quality', 'quality'], 'image-name': 'dt-exports/winequality/attempts/503450766/d-{}-{}-{}-orig-no-opt.{}'}}"
d,ada-no-opts,503450766,0.2,1299,0.5057736720554272,0.5101962293189688,0:00:00.099001,"{'training-options': {'y-key': 'quality', 'exclude-keys': ['quality', 'quality', 'quality'], 'image-name': 'dt-exports/winequality/attempts/503450766/d-{}-{}-{}-orig-no-opt.{}'}}"
d,ada-no-opts,503450766,0.15,974,0.49794661190965095,0.5113163135976824,0:00:00.090496,"{'training-options': {'y-key': 'quality', 'exclude-keys': ['quality', 'quality', 'quality'], 'image-name': 'dt-exports/winequality/attempts/503450766/d-{}-{}-{}-orig-no-opt.{}'}}"
d,ada-no-opts,503450766,0.1,649,0.4915254237288136,0.521374829001368,0:00:00.081351,"{'training-options': {'y-key': 'quality', 'exclude-keys': ['quality', 'quality', 'quality'], 'image-name': 'dt-exports/winequality/attempts/503450766/d-{}-{}-{}-orig-no-opt.{}'}}"
d,ada-no-opts,503450766,0.05,324,0.5030864197530864,0.529078243965657,0:00:00.074223,"{'training-options': {'y-key': 'quality', 'exclude-keys': ['quality', 'quality', 'quality'], 'image-name': 'dt-exports/winequality/attempts/503450766/d-{}-{}-{}-orig-no-opt.{}'}}"
d,ada-no-opts,156843743,0.95,6172,0.6728775113415424,0.7661538461538462,0:00:00.204639,"{'training-options': {'y-key': 'quality', 'exclude-keys': ['quality', 'quality', 'quality'], 'image-name': 'dt-exports/winequality/attempts/156843743/d-{}-{}-{}-orig-no-opt.{}'}}"
d,ada-no-opts,156843743,0.9,5847,0.650761074055071,0.6430769230769231,0:00:00.196061,"{'training-options': {'y-key': 'quality', 'exclude-keys': ['quality', 'quality', 'quality'], 'image-name': 'dt-exports/winequality/attempts/156843743/d-{}-{}-{}-orig-no-opt.{}'}}"
d,ada-no-opts,156843743,0.85,5522,0.6488591090184715,0.6564102564102564,0:00:00.187449,"{'training-options': {'y-key': 'quality', 'exclude-keys': ['quality', 'quality', 'quality'], 'image-name': 'dt-exports/winequality/attempts/156843743/d-{}-{}-{}-orig-no-opt.{}'}}"
d,ada-no-opts,156843743,0.8,5197,0.8414469886472965,0.8238461538461539,0:00:00.177116,"{'training-options': {'y-key': 'quality', 'exclude-keys': ['quality', 'quality', 'quality'], 'image-name': 'dt-exports/winequality/attempts/156843743/d-{}-{}-{}-orig-no-opt.{}'}}"
d,ada-no-opts,156843743,0.75,4872,0.8070607553366174,0.803076923076923,0:00:00.170060,"{'training-options': {'y-key': 'quality', 'exclude-keys': ['quality', 'quality', 'quality'], 'image-name': 'dt-exports/winequality/attempts/156843743/d-{}-{}-{}-orig-no-opt.{}'}}"
d,ada-no-opts,156843743,0.7,4547,0.5799428194413899,0.5615384615384615,0:00:00.166878,"{'training-options': {'y-key': 'quality', 'exclude-keys': ['quality', 'quality', 'quality'], 'image-name': 'dt-exports/winequality/attempts/156843743/d-{}-{}-{}-orig-no-opt.{}'}}"
d,ada-no-opts,156843743,0.65,4223,0.5792090930618043,0.5571679859278804,0:00:00.160378,"{'training-options': {'y-key': 'quality', 'exclude-keys': ['quality', 'quality', 'quality'], 'image-name': 'dt-exports/winequality/attempts/156843743/d-{}-{}-{}-orig-no-opt.{}'}}"
d,ada-no-opts,156843743,0.6,3898,0.5800410466906105,0.5706040784917276,0:00:00.156544,"{'training-options': {'y-key': 'quality', 'exclude-keys': ['quality', 'quality', 'quality'], 'image-name': 'dt-exports/winequality/attempts/156843743/d-{}-{}-{}-orig-no-opt.{}'}}"
d,ada-no-opts,156843743,0.55,3573,0.5547159249930032,0.533515731874145,0:00:00.146254,"{'training-options': {'y-key': 'quality', 'exclude-keys': ['quality', 'quality', 'quality'], 'image-name': 'dt-exports/winequality/attempts/156843743/d-{}-{}-{}-orig-no-opt.{}'}}"
d,ada-no-opts,156843743,0.5,3248,0.5843596059113301,0.5777162203755002,0:00:00.141934,"{'training-options': {'y-key': 'quality', 'exclude-keys': ['quality', 'quality', 'quality'], 'image-name': 'dt-exports/winequality/attempts/156843743/d-{}-{}-{}-orig-no-opt.{}'}}"
d,ada-no-opts,156843743,0.45,2923,0.596305165925419,0.5872971460548405,0:00:00.132169,"{'training-options': {'y-key': 'quality', 'exclude-keys': ['quality', 'quality', 'quality'], 'image-name': 'dt-exports/winequality/attempts/156843743/d-{}-{}-{}-orig-no-opt.{}'}}"
d,ada-no-opts,156843743,0.4,2598,0.6143187066974596,0.6209284431905617,0:00:00.128388,"{'training-options': {'y-key': 'quality', 'exclude-keys': ['quality', 'quality', 'quality'], 'image-name': 'dt-exports/winequality/attempts/156843743/d-{}-{}-{}-orig-no-opt.{}'}}"
d,ada-no-opts,156843743,0.35,2273,0.6986361636603607,0.6886837121212122,0:00:00.120247,"{'training-options': {'y-key': 'quality', 'exclude-keys': ['quality', 'quality', 'quality'], 'image-name': 'dt-exports/winequality/attempts/156843743/d-{}-{}-{}-orig-no-opt.{}'}}"
d,ada-no-opts,156843743,0.3,1949,0.5525910723447922,0.5448548812664908,0:00:00.112211,"{'training-options': {'y-key': 'quality', 'exclude-keys': ['quality', 'quality', 'quality'], 'image-name': 'dt-exports/winequality/attempts/156843743/d-{}-{}-{}-orig-no-opt.{}'}}"
d,ada-no-opts,156843743,0.25,1624,0.5492610837438423,0.5296531910527396,0:00:00.105484,"{'training-options': {'y-key': 'quality', 'exclude-keys': ['quality', 'quality', 'quality'], 'image-name': 'dt-exports/winequality/attempts/156843743/d-{}-{}-{}-orig-no-opt.{}'}}"
d,ada-no-opts,156843743,0.2,1299,0.5550423402617398,0.5252020007695267,0:00:00.098306,"{'training-options': {'y-key': 'quality', 'exclude-keys': ['quality', 'quality', 'quality'], 'image-name': 'dt-exports/winequality/attempts/156843743/d-{}-{}-{}-orig-no-opt.{}'}}"
d,ada-no-opts,156843743,0.15,974,0.553388090349076,0.5739634256744524,0:00:00.091460,"{'training-options': {'y-key': 'quality', 'exclude-keys': ['quality', 'quality', 'quality'], 'image-name': 'dt-exports/winequality/attempts/156843743/d-{}-{}-{}-orig-no-opt.{}'}}"
d,ada-no-opts,156843743,0.1,649,0.5855161787365177,0.6048221614227086,0:00:00.083555,"{'training-options': {'y-key': 'quality', 'exclude-keys': ['quality', 'quality', 'quality'], 'image-name': 'dt-exports/winequality/attempts/156843743/d-{}-{}-{}-orig-no-opt.{}'}}"
d,ada-no-opts,156843743,0.05,324,0.5432098765432098,0.5608294184351207,0:00:00.074784,"{'training-options': {'y-key': 'quality', 'exclude-keys': ['quality', 'quality', 'quality'], 'image-name': 'dt-exports/winequality/attempts/156843743/d-{}-{}-{}-orig-no-opt.{}'}}"
d,ada-no-opts,4019958145,0.95,6172,0.6190861957226182,0.6215384615384616,0:00:00.198674,"{'training-options': {'y-key': 'quality', 'exclude-keys': ['quality', 'quality', 'quality'], 'image-name': 'dt-exports/winequality/attempts/4019958145/d-{}-{}-{}-orig-no-opt.{}'}}"
d,ada-no-opts,4019958145,0.9,5847,0.6198050282195998,0.6276923076923078,0:00:00.193590,"{'training-options': {'y-key': 'quality', 'exclude-keys': ['quality', 'quality', 'quality'], 'image-name': 'dt-exports/winequality/attempts/4019958145/d-{}-{}-{}-orig-no-opt.{}'}}"
d,ada-no-opts,4019958145,0.85,5522,0.6197030061571894,0.6256410256410256,0:00:00.185415,"{'training-options': {'y-key': 'quality', 'exclude-keys': ['quality', 'quality', 'quality'], 'image-name': 'dt-exports/winequality/attempts/4019958145/d-{}-{}-{}-orig-no-opt.{}'}}"
d,ada-no-opts,4019958145,0.8,5197,0.6190109678660766,0.6269230769230769,0:00:00.181600,"{'training-options': {'y-key': 'quality', 'exclude-keys': ['quality', 'quality', 'quality'], 'image-name': 'dt-exports/winequality/attempts/4019958145/d-{}-{}-{}-orig-no-opt.{}'}}"
d,ada-no-opts,4019958145,0.75,4872,0.6176108374384237,0.6295384615384616,0:00:00.172816,"{'training-options': {'y-key': 'quality', 'exclude-keys': ['quality', 'quality', 'quality'], 'image-name': 'dt-exports/winequality/attempts/4019958145/d-{}-{}-{}-orig-no-opt.{}'}}"
d,ada-no-opts,4019958145,0.7,4547,0.6138113041565867,0.6441025641025642,0:00:00.166971,"{'training-options': {'y-key': 'quality', 'exclude-keys': ['quality', 'quality', 'quality'], 'image-name': 'dt-exports/winequality/attempts/4019958145/d-{}-{}-{}-orig-no-opt.{}'}}"
d,ada-no-opts,4019958145,0.65,4223,0.6140184702817901,0.6398416886543535,0:00:00.160870,"{'training-options': {'y-key': 'quality', 'exclude-keys': ['quality', 'quality', 'quality'], 'image-name': 'dt-exports/winequality/attempts/4019958145/d-{}-{}-{}-orig-no-opt.{}'}}"
d,ada-no-opts,4019958145,0.6,3898,0.5210364289379169,0.5544440169295883,0:00:00.153464,"{'training-options': {'y-key': 'quality', 'exclude-keys': ['quality', 'quality', 'quality'], 'image-name': 'dt-exports/winequality/attempts/4019958145/d-{}-{}-{}-orig-no-opt.{}'}}"
d,ada-no-opts,4019958145,0.55,3573,0.4791491743632802,0.5191518467852257,0:00:00.145062,"{'training-options': {'y-key': 'quality', 'exclude-keys': ['quality', 'quality', 'quality'], 'image-name': 'dt-exports/winequality/attempts/4019958145/d-{}-{}-{}-orig-no-opt.{}'}}"
d,ada-no-opts,4019958145,0.5,3248,0.5317118226600985,0.5515543244075101,0:00:00.142367,"{'training-options': {'y-key': 'quality', 'exclude-keys': ['quality', 'quality', 'quality'], 'image-name': 'dt-exports/winequality/attempts/4019958145/d-{}-{}-{}-orig-no-opt.{}'}}"
d,ada-no-opts,4019958145,0.45,2923,0.5747519671570305,0.5954113038612199,0:00:00.132655,"{'training-options': {'y-key': 'quality', 'exclude-keys': ['quality', 'quality', 'quality'], 'image-name': 'dt-exports/winequality/attempts/4019958145/d-{}-{}-{}-orig-no-opt.{}'}}"
d,ada-no-opts,4019958145,0.4,2598,0.680908391070054,0.6881251602975123,0:00:00.121866,"{'training-options': {'y-key': 'quality', 'exclude-keys': ['quality', 'quality', 'quality'], 'image-name': 'dt-exports/winequality/attempts/4019958145/d-{}-{}-{}-orig-no-opt.{}'}}"
d,ada-no-opts,4019958145,0.35,2273,0.6977562692476903,0.7012310606060606,0:00:00.116214,"{'training-options': {'y-key': 'quality', 'exclude-keys': ['quality', 'quality', 'quality'], 'image-name': 'dt-exports/winequality/attempts/4019958145/d-{}-{}-{}-orig-no-opt.{}'}}"
d,ada-no-opts,4019958145,0.3,1949,0.5479733196511032,0.5712401055408971,0:00:00.108169,"{'training-options': {'y-key': 'quality', 'exclude-keys': ['quality', 'quality', 'quality'], 'image-name': 'dt-exports/winequality/attempts/4019958145/d-{}-{}-{}-orig-no-opt.{}'}}"
d,ada-no-opts,4019958145,0.25,1624,0.49753694581280783,0.5171352349681921,0:00:00.102088,"{'training-options': {'y-key': 'quality', 'exclude-keys': ['quality', 'quality', 'quality'], 'image-name': 'dt-exports/winequality/attempts/4019958145/d-{}-{}-{}-orig-no-opt.{}'}}"
d,ada-no-opts,4019958145,0.2,1299,0.5026943802925328,0.5302039245863794,0:00:00.098230,"{'training-options': {'y-key': 'quality', 'exclude-keys': ['quality', 'quality', 'quality'], 'image-name': 'dt-exports/winequality/attempts/4019958145/d-{}-{}-{}-orig-no-opt.{}'}}"
d,ada-no-opts,4019958145,0.15,974,0.5102669404517454,0.5516929205142134,0:00:00.089927,"{'training-options': {'y-key': 'quality', 'exclude-keys': ['quality', 'quality', 'quality'], 'image-name': 'dt-exports/winequality/attempts/4019958145/d-{}-{}-{}-orig-no-opt.{}'}}"
d,ada-no-opts,4019958145,0.1,649,0.5377503852080123,0.5766073871409029,0:00:00.080492,"{'training-options': {'y-key': 'quality', 'exclude-keys': ['quality', 'quality', 'quality'], 'image-name': 'dt-exports/winequality/attempts/4019958145/d-{}-{}-{}-orig-no-opt.{}'}}"
d,ada-no-opts,4019958145,0.05,324,0.5030864197530864,0.5425238943787462,0:00:00.074122,"{'training-options': {'y-key': 'quality', 'exclude-keys': ['quality', 'quality', 'quality'], 'image-name': 'dt-exports/winequality/attempts/4019958145/d-{}-{}-{}-orig-no-opt.{}'}}"
d,ada-no-opts,1294301706,0.95,6172,0.6821127673363577,0.6707692307692308,0:00:00.197992,"{'training-options': {'y-key': 'quality', 'exclude-keys': ['quality', 'quality', 'quality'], 'image-name': 'dt-exports/winequality/attempts/1294301706/d-{}-{}-{}-orig-no-opt.{}'}}"
d,ada-no-opts,1294301706,0.9,5847,0.6993329912775783,0.7076923076923076,0:00:00.192034,"{'training-options': {'y-key': 'quality', 'exclude-keys': ['quality', 'quality', 'quality'], 'image-name': 'dt-exports/winequality/attempts/1294301706/d-{}-{}-{}-orig-no-opt.{}'}}"
d,ada-no-opts,1294301706,0.85,5522,0.6888808402752626,0.6902564102564103,0:00:00.186666,"{'training-options': {'y-key': 'quality', 'exclude-keys': ['quality', 'quality', 'quality'], 'image-name': 'dt-exports/winequality/attempts/1294301706/d-{}-{}-{}-orig-no-opt.{}'}}"
d,ada-no-opts,1294301706,0.8,5197,0.8897440831248797,0.8938461538461538,0:00:00.178506,"{'training-options': {'y-key': 'quality', 'exclude-keys': ['quality', 'quality', 'quality'], 'image-name': 'dt-exports/winequality/attempts/1294301706/d-{}-{}-{}-orig-no-opt.{}'}}"
d,ada-no-opts,1294301706,0.75,4872,0.5314039408866995,0.5329230769230769,0:00:00.172672,"{'training-options': {'y-key': 'quality', 'exclude-keys': ['quality', 'quality', 'quality'], 'image-name': 'dt-exports/winequality/attempts/1294301706/d-{}-{}-{}-orig-no-opt.{}'}}"
d,ada-no-opts,1294301706,0.7,4547,0.5322190455245217,0.5307692307692308,0:00:00.164109,"{'training-options': {'y-key': 'quality', 'exclude-keys': ['quality', 'quality', 'quality'], 'image-name': 'dt-exports/winequality/attempts/1294301706/d-{}-{}-{}-orig-no-opt.{}'}}"
d,ada-no-opts,1294301706,0.65,4223,0.6594837793038124,0.6521547933157432,0:00:00.160994,"{'training-options': {'y-key': 'quality', 'exclude-keys': ['quality', 'quality', 'quality'], 'image-name': 'dt-exports/winequality/attempts/1294301706/d-{}-{}-{}-orig-no-opt.{}'}}"
d,ada-no-opts,1294301706,0.6,3898,0.525910723447922,0.5367449018853405,0:00:00.149690,"{'training-options': {'y-key': 'quality', 'exclude-keys': ['quality', 'quality', 'quality'], 'image-name': 'dt-exports/winequality/attempts/1294301706/d-{}-{}-{}-orig-no-opt.{}'}}"
d,ada-no-opts,1294301706,0.55,3573,0.552756787013714,0.5557455540355677,0:00:00.154594,"{'training-options': {'y-key': 'quality', 'exclude-keys': ['quality', 'quality', 'quality'], 'image-name': 'dt-exports/winequality/attempts/1294301706/d-{}-{}-{}-orig-no-opt.{}'}}"
d,ada-no-opts,1294301706,0.5,3248,0.5086206896551724,0.5124653739612188,0:00:00.141651,"{'training-options': {'y-key': 'quality', 'exclude-keys': ['quality', 'quality', 'quality'], 'image-name': 'dt-exports/winequality/attempts/1294301706/d-{}-{}-{}-orig-no-opt.{}'}}"
d,ada-no-opts,1294301706,0.45,2923,0.5203557988368115,0.5237828763290431,0:00:00.135191,"{'training-options': {'y-key': 'quality', 'exclude-keys': ['quality', 'quality', 'quality'], 'image-name': 'dt-exports/winequality/attempts/1294301706/d-{}-{}-{}-orig-no-opt.{}'}}"
d,ada-no-opts,1294301706,0.4,2598,0.535796766743649,0.5450115414208772,0:00:00.124353,"{'training-options': {'y-key': 'quality', 'exclude-keys': ['quality', 'quality', 'quality'], 'image-name': 'dt-exports/winequality/attempts/1294301706/d-{}-{}-{}-orig-no-opt.{}'}}"
d,ada-no-opts,1294301706,0.35,2273,0.5327760668719754,0.5459280303030303,0:00:00.117889,"{'training-options': {'y-key': 'quality', 'exclude-keys': ['quality', 'quality', 'quality'], 'image-name': 'dt-exports/winequality/attempts/1294301706/d-{}-{}-{}-orig-no-opt.{}'}}"
d,ada-no-opts,1294301706,0.3,1949,0.5289892252437147,0.5536499560246262,0:00:00.110851,"{'training-options': {'y-key': 'quality', 'exclude-keys': ['quality', 'quality', 'quality'], 'image-name': 'dt-exports/winequality/attempts/1294301706/d-{}-{}-{}-orig-no-opt.{}'}}"
d,ada-no-opts,1294301706,0.25,1624,0.5332512315270936,0.5505848553252617,0:00:00.104719,"{'training-options': {'y-key': 'quality', 'exclude-keys': ['quality', 'quality', 'quality'], 'image-name': 'dt-exports/winequality/attempts/1294301706/d-{}-{}-{}-orig-no-opt.{}'}}"
d,ada-no-opts,1294301706,0.2,1299,0.5319476520400308,0.5496344747979992,0:00:00.095881,"{'training-options': {'y-key': 'quality', 'exclude-keys': ['quality', 'quality', 'quality'], 'image-name': 'dt-exports/winequality/attempts/1294301706/d-{}-{}-{}-orig-no-opt.{}'}}"
d,ada-no-opts,1294301706,0.15,974,0.48254620123203285,0.5149375339489408,0:00:00.089540,"{'training-options': {'y-key': 'quality', 'exclude-keys': ['quality', 'quality', 'quality'], 'image-name': 'dt-exports/winequality/attempts/1294301706/d-{}-{}-{}-orig-no-opt.{}'}}"
d,ada-no-opts,1294301706,0.1,649,0.49614791987673346,0.5056429548563611,0:00:00.081840,"{'training-options': {'y-key': 'quality', 'exclude-keys': ['quality', 'quality', 'quality'], 'image-name': 'dt-exports/winequality/attempts/1294301706/d-{}-{}-{}-orig-no-opt.{}'}}"
d,ada-no-opts,1294301706,0.05,324,0.49691358024691357,0.5182245261623197,0:00:00.072231,"{'training-options': {'y-key': 'quality', 'exclude-keys': ['quality', 'quality', 'quality'], 'image-name': 'dt-exports/winequality/attempts/1294301706/d-{}-{}-{}-orig-no-opt.{}'}}"
