d,ada-no-opts,3314952248,0.95,540,0.0,0.0,0:00:00.090962,"{'training-options': {'y-key': 'diagnosis-prime', 'exclude-keys': ['diagnosis', 'diagnosis-prime', 'diagnosis-prime', 'diagnosis-prime'], 'image-name': 'dt-exports/breast-cancer/attempts/3314952248/d-{}-{}-{}-orig-no-opt.{}'}}"
d,ada-no-opts,3314952248,0.9,512,0.0,0.03508771929824561,0:00:00.089152,"{'training-options': {'y-key': 'diagnosis-prime', 'exclude-keys': ['diagnosis', 'diagnosis-prime', 'diagnosis-prime', 'diagnosis-prime'], 'image-name': 'dt-exports/breast-cancer/attempts/3314952248/d-{}-{}-{}-orig-no-opt.{}'}}"
d,ada-no-opts,3314952248,0.85,483,0.0,0.011627906976744207,0:00:00.084704,"{'training-options': {'y-key': 'diagnosis-prime', 'exclude-keys': ['diagnosis', 'diagnosis-prime', 'diagnosis-prime', 'diagnosis-prime'], 'image-name': 'dt-exports/breast-cancer/attempts/3314952248/d-{}-{}-{}-orig-no-opt.{}'}}"
d,ada-no-opts,3314952248,0.8,455,0.0,0.052631578947368474,0:00:00.081822,"{'training-options': {'y-key': 'diagnosis-prime', 'exclude-keys': ['diagnosis', 'diagnosis-prime', 'diagnosis-prime', 'diagnosis-prime'], 'image-name': 'dt-exports/breast-cancer/attempts/3314952248/d-{}-{}-{}-orig-no-opt.{}'}}"
d,ada-no-opts,3314952248,0.75,426,0.0,0.05594405594405594,0:00:00.079065,"{'training-options': {'y-key': 'diagnosis-prime', 'exclude-keys': ['diagnosis', 'diagnosis-prime', 'diagnosis-prime', 'diagnosis-prime'], 'image-name': 'dt-exports/breast-cancer/attempts/3314952248/d-{}-{}-{}-orig-no-opt.{}'}}"
d,ada-no-opts,3314952248,0.7,398,0.0,0.03508771929824561,0:00:00.077278,"{'training-options': {'y-key': 'diagnosis-prime', 'exclude-keys': ['diagnosis', 'diagnosis-prime', 'diagnosis-prime', 'diagnosis-prime'], 'image-name': 'dt-exports/breast-cancer/attempts/3314952248/d-{}-{}-{}-orig-no-opt.{}'}}"
d,ada-no-opts,3314952248,0.65,369,0.0,0.03500000000000003,0:00:00.073568,"{'training-options': {'y-key': 'diagnosis-prime', 'exclude-keys': ['diagnosis', 'diagnosis-prime', 'diagnosis-prime', 'diagnosis-prime'], 'image-name': 'dt-exports/breast-cancer/attempts/3314952248/d-{}-{}-{}-orig-no-opt.{}'}}"
d,ada-no-opts,3314952248,0.6,341,0.0,0.03947368421052633,0:00:00.071893,"{'training-options': {'y-key': 'diagnosis-prime', 'exclude-keys': ['diagnosis', 'diagnosis-prime', 'diagnosis-prime', 'diagnosis-prime'], 'image-name': 'dt-exports/breast-cancer/attempts/3314952248/d-{}-{}-{}-orig-no-opt.{}'}}"
d,ada-no-opts,3314952248,0.55,312,0.0,0.054474708171206254,0:00:00.068282,"{'training-options': {'y-key': 'diagnosis-prime', 'exclude-keys': ['diagnosis', 'diagnosis-prime', 'diagnosis-prime', 'diagnosis-prime'], 'image-name': 'dt-exports/breast-cancer/attempts/3314952248/d-{}-{}-{}-orig-no-opt.{}'}}"
d,ada-no-opts,3314952248,0.5,284,0.0,0.056140350877192935,0:00:00.065487,"{'training-options': {'y-key': 'diagnosis-prime', 'exclude-keys': ['diagnosis', 'diagnosis-prime', 'diagnosis-prime', 'diagnosis-prime'], 'image-name': 'dt-exports/breast-cancer/attempts/3314952248/d-{}-{}-{}-orig-no-opt.{}'}}"
d,ada-no-opts,3314952248,0.45,256,0.0,0.060702875399361034,0:00:00.062760,"{'training-options': {'y-key': 'diagnosis-prime', 'exclude-keys': ['diagnosis', 'diagnosis-prime', 'diagnosis-prime', 'diagnosis-prime'], 'image-name': 'dt-exports/breast-cancer/attempts/3314952248/d-{}-{}-{}-orig-no-opt.{}'}}"
d,ada-no-opts,3314952248,0.4,227,0.0,0.04678362573099415,0:00:00.060614,"{'training-options': {'y-key': 'diagnosis-prime', 'exclude-keys': ['diagnosis', 'diagnosis-prime', 'diagnosis-prime', 'diagnosis-prime'], 'image-name': 'dt-exports/breast-cancer/attempts/3314952248/d-{}-{}-{}-orig-no-opt.{}'}}"
d,ada-no-opts,3314952248,0.35,199,0.0,0.043243243243243246,0:00:00.057828,"{'training-options': {'y-key': 'diagnosis-prime', 'exclude-keys': ['diagnosis', 'diagnosis-prime', 'diagnosis-prime', 'diagnosis-prime'], 'image-name': 'dt-exports/breast-cancer/attempts/3314952248/d-{}-{}-{}-orig-no-opt.{}'}}"
d,ada-no-opts,3314952248,0.3,170,0.0,0.05012531328320802,0:00:00.054792,"{'training-options': {'y-key': 'diagnosis-prime', 'exclude-keys': ['diagnosis', 'diagnosis-prime', 'diagnosis-prime', 'diagnosis-prime'], 'image-name': 'dt-exports/breast-cancer/attempts/3314952248/d-{}-{}-{}-orig-no-opt.{}'}}"
d,ada-no-opts,3314952248,0.25,142,0.0,0.05620608899297419,0:00:00.052650,"{'training-options': {'y-key': 'diagnosis-prime', 'exclude-keys': ['diagnosis', 'diagnosis-prime', 'diagnosis-prime', 'diagnosis-prime'], 'image-name': 'dt-exports/breast-cancer/attempts/3314952248/d-{}-{}-{}-orig-no-opt.{}'}}"
d,ada-no-opts,3314952248,0.2,113,0.0,0.08991228070175439,0:00:00.049899,"{'training-options': {'y-key': 'diagnosis-prime', 'exclude-keys': ['diagnosis', 'diagnosis-prime', 'diagnosis-prime', 'diagnosis-prime'], 'image-name': 'dt-exports/breast-cancer/attempts/3314952248/d-{}-{}-{}-orig-no-opt.{}'}}"
d,ada-no-opts,3314952248,0.15,85,0.0,0.08057851239669422,0:00:00.047158,"{'training-options': {'y-key': 'diagnosis-prime', 'exclude-keys': ['diagnosis', 'diagnosis-prime', 'diagnosis-prime', 'diagnosis-prime'], 'image-name': 'dt-exports/breast-cancer/attempts/3314952248/d-{}-{}-{}-orig-no-opt.{}'}}"
d,ada-no-opts,3314952248,0.1,56,0.0,0.06432748538011701,0:00:00.043318,"{'training-options': {'y-key': 'diagnosis-prime', 'exclude-keys': ['diagnosis', 'diagnosis-prime', 'diagnosis-prime', 'diagnosis-prime'], 'image-name': 'dt-exports/breast-cancer/attempts/3314952248/d-{}-{}-{}-orig-no-opt.{}'}}"
d,ada-no-opts,3314952248,0.05,28,0.0,0.09242144177449163,0:00:00.008442,"{'training-options': {'y-key': 'diagnosis-prime', 'exclude-keys': ['diagnosis', 'diagnosis-prime', 'diagnosis-prime', 'diagnosis-prime'], 'image-name': 'dt-exports/breast-cancer/attempts/3314952248/d-{}-{}-{}-orig-no-opt.{}'}}"
d,ada-no-opts,4007862753,0.95,540,0.0,0.0,0:00:00.091077,"{'training-options': {'y-key': 'diagnosis-prime', 'exclude-keys': ['diagnosis', 'diagnosis-prime', 'diagnosis-prime', 'diagnosis-prime'], 'image-name': 'dt-exports/breast-cancer/attempts/4007862753/d-{}-{}-{}-orig-no-opt.{}'}}"
d,ada-no-opts,4007862753,0.9,512,0.0,0.07017543859649122,0:00:00.090850,"{'training-options': {'y-key': 'diagnosis-prime', 'exclude-keys': ['diagnosis', 'diagnosis-prime', 'diagnosis-prime', 'diagnosis-prime'], 'image-name': 'dt-exports/breast-cancer/attempts/4007862753/d-{}-{}-{}-orig-no-opt.{}'}}"
d,ada-no-opts,4007862753,0.85,483,0.0,0.06976744186046513,0:00:00.084969,"{'training-options': {'y-key': 'diagnosis-prime', 'exclude-keys': ['diagnosis', 'diagnosis-prime', 'diagnosis-prime', 'diagnosis-prime'], 'image-name': 'dt-exports/breast-cancer/attempts/4007862753/d-{}-{}-{}-orig-no-opt.{}'}}"
d,ada-no-opts,4007862753,0.8,455,0.0,0.06140350877192979,0:00:00.085585,"{'training-options': {'y-key': 'diagnosis-prime', 'exclude-keys': ['diagnosis', 'diagnosis-prime', 'diagnosis-prime', 'diagnosis-prime'], 'image-name': 'dt-exports/breast-cancer/attempts/4007862753/d-{}-{}-{}-orig-no-opt.{}'}}"
d,ada-no-opts,4007862753,0.75,426,0.0,0.034965034965035,0:00:00.079465,"{'training-options': {'y-key': 'diagnosis-prime', 'exclude-keys': ['diagnosis', 'diagnosis-prime', 'diagnosis-prime', 'diagnosis-prime'], 'image-name': 'dt-exports/breast-cancer/attempts/4007862753/d-{}-{}-{}-orig-no-opt.{}'}}"
d,ada-no-opts,4007862753,0.7,398,0.0,0.03508771929824561,0:00:00.077306,"{'training-options': {'y-key': 'diagnosis-prime', 'exclude-keys': ['diagnosis', 'diagnosis-prime', 'diagnosis-prime', 'diagnosis-prime'], 'image-name': 'dt-exports/breast-cancer/attempts/4007862753/d-{}-{}-{}-orig-no-opt.{}'}}"
d,ada-no-opts,4007862753,0.65,369,0.0,0.050000000000000044,0:00:00.075146,"{'training-options': {'y-key': 'diagnosis-prime', 'exclude-keys': ['diagnosis', 'diagnosis-prime', 'diagnosis-prime', 'diagnosis-prime'], 'image-name': 'dt-exports/breast-cancer/attempts/4007862753/d-{}-{}-{}-orig-no-opt.{}'}}"
d,ada-no-opts,4007862753,0.6,341,0.0,0.05701754385964908,0:00:00.071217,"{'training-options': {'y-key': 'diagnosis-prime', 'exclude-keys': ['diagnosis', 'diagnosis-prime', 'diagnosis-prime', 'diagnosis-prime'], 'image-name': 'dt-exports/breast-cancer/attempts/4007862753/d-{}-{}-{}-orig-no-opt.{}'}}"
d,ada-no-opts,4007862753,0.55,312,0.0,0.0622568093385214,0:00:00.068502,"{'training-options': {'y-key': 'diagnosis-prime', 'exclude-keys': ['diagnosis', 'diagnosis-prime', 'diagnosis-prime', 'diagnosis-prime'], 'image-name': 'dt-exports/breast-cancer/attempts/4007862753/d-{}-{}-{}-orig-no-opt.{}'}}"
d,ada-no-opts,4007862753,0.5,284,0.0,0.06315789473684208,0:00:00.066299,"{'training-options': {'y-key': 'diagnosis-prime', 'exclude-keys': ['diagnosis', 'diagnosis-prime', 'diagnosis-prime', 'diagnosis-prime'], 'image-name': 'dt-exports/breast-cancer/attempts/4007862753/d-{}-{}-{}-orig-no-opt.{}'}}"
d,ada-no-opts,4007862753,0.45,256,0.0,0.060702875399361034,0:00:00.062800,"{'training-options': {'y-key': 'diagnosis-prime', 'exclude-keys': ['diagnosis', 'diagnosis-prime', 'diagnosis-prime', 'diagnosis-prime'], 'image-name': 'dt-exports/breast-cancer/attempts/4007862753/d-{}-{}-{}-orig-no-opt.{}'}}"
d,ada-no-opts,4007862753,0.4,227,0.0,0.04385964912280704,0:00:00.060647,"{'training-options': {'y-key': 'diagnosis-prime', 'exclude-keys': ['diagnosis', 'diagnosis-prime', 'diagnosis-prime', 'diagnosis-prime'], 'image-name': 'dt-exports/breast-cancer/attempts/4007862753/d-{}-{}-{}-orig-no-opt.{}'}}"
d,ada-no-opts,4007862753,0.35,199,0.0,0.032432432432432434,0:00:00.057954,"{'training-options': {'y-key': 'diagnosis-prime', 'exclude-keys': ['diagnosis', 'diagnosis-prime', 'diagnosis-prime', 'diagnosis-prime'], 'image-name': 'dt-exports/breast-cancer/attempts/4007862753/d-{}-{}-{}-orig-no-opt.{}'}}"
d,ada-no-opts,4007862753,0.3,170,0.0,0.04761904761904767,0:00:00.055553,"{'training-options': {'y-key': 'diagnosis-prime', 'exclude-keys': ['diagnosis', 'diagnosis-prime', 'diagnosis-prime', 'diagnosis-prime'], 'image-name': 'dt-exports/breast-cancer/attempts/4007862753/d-{}-{}-{}-orig-no-opt.{}'}}"
d,ada-no-opts,4007862753,0.25,142,0.0,0.03512880562060894,0:00:00.052765,"{'training-options': {'y-key': 'diagnosis-prime', 'exclude-keys': ['diagnosis', 'diagnosis-prime', 'diagnosis-prime', 'diagnosis-prime'], 'image-name': 'dt-exports/breast-cancer/attempts/4007862753/d-{}-{}-{}-orig-no-opt.{}'}}"
d,ada-no-opts,4007862753,0.2,113,0.0,0.04166666666666663,0:00:00.050507,"{'training-options': {'y-key': 'diagnosis-prime', 'exclude-keys': ['diagnosis', 'diagnosis-prime', 'diagnosis-prime', 'diagnosis-prime'], 'image-name': 'dt-exports/breast-cancer/attempts/4007862753/d-{}-{}-{}-orig-no-opt.{}'}}"
d,ada-no-opts,4007862753,0.15,85,0.0,0.05578512396694213,0:00:00.046622,"{'training-options': {'y-key': 'diagnosis-prime', 'exclude-keys': ['diagnosis', 'diagnosis-prime', 'diagnosis-prime', 'diagnosis-prime'], 'image-name': 'dt-exports/breast-cancer/attempts/4007862753/d-{}-{}-{}-orig-no-opt.{}'}}"
d,ada-no-opts,4007862753,0.1,56,0.0,0.052631578947368474,0:00:00.045657,"{'training-options': {'y-key': 'diagnosis-prime', 'exclude-keys': ['diagnosis', 'diagnosis-prime', 'diagnosis-prime', 'diagnosis-prime'], 'image-name': 'dt-exports/breast-cancer/attempts/4007862753/d-{}-{}-{}-orig-no-opt.{}'}}"
d,ada-no-opts,4007862753,0.05,28,0.0,0.08872458410351203,0:00:00.041535,"{'training-options': {'y-key': 'diagnosis-prime', 'exclude-keys': ['diagnosis', 'diagnosis-prime', 'diagnosis-prime', 'diagnosis-prime'], 'image-name': 'dt-exports/breast-cancer/attempts/4007862753/d-{}-{}-{}-orig-no-opt.{}'}}"
d,ada-no-opts,743167336,0.95,540,0.0,0.06896551724137934,0:00:00.090752,"{'training-options': {'y-key': 'diagnosis-prime', 'exclude-keys': ['diagnosis', 'diagnosis-prime', 'diagnosis-prime', 'diagnosis-prime'], 'image-name': 'dt-exports/breast-cancer/attempts/743167336/d-{}-{}-{}-orig-no-opt.{}'}}"
d,ada-no-opts,743167336,0.9,512,0.0,0.03508771929824561,0:00:00.087471,"{'training-options': {'y-key': 'diagnosis-prime', 'exclude-keys': ['diagnosis', 'diagnosis-prime', 'diagnosis-prime', 'diagnosis-prime'], 'image-name': 'dt-exports/breast-cancer/attempts/743167336/d-{}-{}-{}-orig-no-opt.{}'}}"
d,ada-no-opts,743167336,0.85,483,0.0,0.05813953488372092,0:00:00.085370,"{'training-options': {'y-key': 'diagnosis-prime', 'exclude-keys': ['diagnosis', 'diagnosis-prime', 'diagnosis-prime', 'diagnosis-prime'], 'image-name': 'dt-exports/breast-cancer/attempts/743167336/d-{}-{}-{}-orig-no-opt.{}'}}"
d,ada-no-opts,743167336,0.8,455,0.0,0.04385964912280704,0:00:00.084015,"{'training-options': {'y-key': 'diagnosis-prime', 'exclude-keys': ['diagnosis', 'diagnosis-prime', 'diagnosis-prime', 'diagnosis-prime'], 'image-name': 'dt-exports/breast-cancer/attempts/743167336/d-{}-{}-{}-orig-no-opt.{}'}}"
d,ada-no-opts,743167336,0.75,426,0.0,0.034965034965035,0:00:00.079501,"{'training-options': {'y-key': 'diagnosis-prime', 'exclude-keys': ['diagnosis', 'diagnosis-prime', 'diagnosis-prime', 'diagnosis-prime'], 'image-name': 'dt-exports/breast-cancer/attempts/743167336/d-{}-{}-{}-orig-no-opt.{}'}}"
d,ada-no-opts,743167336,0.7,398,0.0,0.040935672514619936,0:00:00.077439,"{'training-options': {'y-key': 'diagnosis-prime', 'exclude-keys': ['diagnosis', 'diagnosis-prime', 'diagnosis-prime', 'diagnosis-prime'], 'image-name': 'dt-exports/breast-cancer/attempts/743167336/d-{}-{}-{}-orig-no-opt.{}'}}"
d,ada-no-opts,743167336,0.65,369,0.0,0.050000000000000044,0:00:00.073634,"{'training-options': {'y-key': 'diagnosis-prime', 'exclude-keys': ['diagnosis', 'diagnosis-prime', 'diagnosis-prime', 'diagnosis-prime'], 'image-name': 'dt-exports/breast-cancer/attempts/743167336/d-{}-{}-{}-orig-no-opt.{}'}}"
d,ada-no-opts,743167336,0.6,341,0.0,0.052631578947368474,0:00:00.070567,"{'training-options': {'y-key': 'diagnosis-prime', 'exclude-keys': ['diagnosis', 'diagnosis-prime', 'diagnosis-prime', 'diagnosis-prime'], 'image-name': 'dt-exports/breast-cancer/attempts/743167336/d-{}-{}-{}-orig-no-opt.{}'}}"
d,ada-no-opts,743167336,0.55,312,0.0,0.0311284046692607,0:00:00.068462,"{'training-options': {'y-key': 'diagnosis-prime', 'exclude-keys': ['diagnosis', 'diagnosis-prime', 'diagnosis-prime', 'diagnosis-prime'], 'image-name': 'dt-exports/breast-cancer/attempts/743167336/d-{}-{}-{}-orig-no-opt.{}'}}"
d,ada-no-opts,743167336,0.5,284,0.0,0.04210526315789476,0:00:00.065705,"{'training-options': {'y-key': 'diagnosis-prime', 'exclude-keys': ['diagnosis', 'diagnosis-prime', 'diagnosis-prime', 'diagnosis-prime'], 'image-name': 'dt-exports/breast-cancer/attempts/743167336/d-{}-{}-{}-orig-no-opt.{}'}}"
d,ada-no-opts,743167336,0.45,256,0.0,0.03833865814696491,0:00:00.063280,"{'training-options': {'y-key': 'diagnosis-prime', 'exclude-keys': ['diagnosis', 'diagnosis-prime', 'diagnosis-prime', 'diagnosis-prime'], 'image-name': 'dt-exports/breast-cancer/attempts/743167336/d-{}-{}-{}-orig-no-opt.{}'}}"
d,ada-no-opts,743167336,0.4,227,0.0,0.032163742690058506,0:00:00.060626,"{'training-options': {'y-key': 'diagnosis-prime', 'exclude-keys': ['diagnosis', 'diagnosis-prime', 'diagnosis-prime', 'diagnosis-prime'], 'image-name': 'dt-exports/breast-cancer/attempts/743167336/d-{}-{}-{}-orig-no-opt.{}'}}"
d,ada-no-opts,743167336,0.35,199,0.0,0.05135135135135138,0:00:00.057955,"{'training-options': {'y-key': 'diagnosis-prime', 'exclude-keys': ['diagnosis', 'diagnosis-prime', 'diagnosis-prime', 'diagnosis-prime'], 'image-name': 'dt-exports/breast-cancer/attempts/743167336/d-{}-{}-{}-orig-no-opt.{}'}}"
d,ada-no-opts,743167336,0.3,170,0.0,0.03258145363408527,0:00:00.055774,"{'training-options': {'y-key': 'diagnosis-prime', 'exclude-keys': ['diagnosis', 'diagnosis-prime', 'diagnosis-prime', 'diagnosis-prime'], 'image-name': 'dt-exports/breast-cancer/attempts/743167336/d-{}-{}-{}-orig-no-opt.{}'}}"
d,ada-no-opts,743167336,0.25,142,0.0,0.03981264637002346,0:00:00.052744,"{'training-options': {'y-key': 'diagnosis-prime', 'exclude-keys': ['diagnosis', 'diagnosis-prime', 'diagnosis-prime', 'diagnosis-prime'], 'image-name': 'dt-exports/breast-cancer/attempts/743167336/d-{}-{}-{}-orig-no-opt.{}'}}"
d,ada-no-opts,743167336,0.2,113,0.0,0.054824561403508776,0:00:00.049325,"{'training-options': {'y-key': 'diagnosis-prime', 'exclude-keys': ['diagnosis', 'diagnosis-prime', 'diagnosis-prime', 'diagnosis-prime'], 'image-name': 'dt-exports/breast-cancer/attempts/743167336/d-{}-{}-{}-orig-no-opt.{}'}}"
d,ada-no-opts,743167336,0.15,85,0.0,0.1301652892561983,0:00:00.048054,"{'training-options': {'y-key': 'diagnosis-prime', 'exclude-keys': ['diagnosis', 'diagnosis-prime', 'diagnosis-prime', 'diagnosis-prime'], 'image-name': 'dt-exports/breast-cancer/attempts/743167336/d-{}-{}-{}-orig-no-opt.{}'}}"
d,ada-no-opts,743167336,0.1,56,0.0,0.14035087719298245,0:00:00.044559,"{'training-options': {'y-key': 'diagnosis-prime', 'exclude-keys': ['diagnosis', 'diagnosis-prime', 'diagnosis-prime', 'diagnosis-prime'], 'image-name': 'dt-exports/breast-cancer/attempts/743167336/d-{}-{}-{}-orig-no-opt.{}'}}"
d,ada-no-opts,743167336,0.05,28,0.0,0.1885397412199631,0:00:00.041357,"{'training-options': {'y-key': 'diagnosis-prime', 'exclude-keys': ['diagnosis', 'diagnosis-prime', 'diagnosis-prime', 'diagnosis-prime'], 'image-name': 'dt-exports/breast-cancer/attempts/743167336/d-{}-{}-{}-orig-no-opt.{}'}}"
d,ada-no-opts,2127013315,0.95,540,0.0,0.03448275862068961,0:00:00.091227,"{'training-options': {'y-key': 'diagnosis-prime', 'exclude-keys': ['diagnosis', 'diagnosis-prime', 'diagnosis-prime', 'diagnosis-prime'], 'image-name': 'dt-exports/breast-cancer/attempts/2127013315/d-{}-{}-{}-orig-no-opt.{}'}}"
d,ada-no-opts,2127013315,0.9,512,0.0,0.03508771929824561,0:00:00.091325,"{'training-options': {'y-key': 'diagnosis-prime', 'exclude-keys': ['diagnosis', 'diagnosis-prime', 'diagnosis-prime', 'diagnosis-prime'], 'image-name': 'dt-exports/breast-cancer/attempts/2127013315/d-{}-{}-{}-orig-no-opt.{}'}}"
d,ada-no-opts,2127013315,0.85,483,0.0,0.046511627906976716,0:00:00.088288,"{'training-options': {'y-key': 'diagnosis-prime', 'exclude-keys': ['diagnosis', 'diagnosis-prime', 'diagnosis-prime', 'diagnosis-prime'], 'image-name': 'dt-exports/breast-cancer/attempts/2127013315/d-{}-{}-{}-orig-no-opt.{}'}}"
d,ada-no-opts,2127013315,0.8,455,0.0,0.03508771929824561,0:00:00.082818,"{'training-options': {'y-key': 'diagnosis-prime', 'exclude-keys': ['diagnosis', 'diagnosis-prime', 'diagnosis-prime', 'diagnosis-prime'], 'image-name': 'dt-exports/breast-cancer/attempts/2127013315/d-{}-{}-{}-orig-no-opt.{}'}}"
d,ada-no-opts,2127013315,0.75,426,0.0,0.020979020979020935,0:00:00.079552,"{'training-options': {'y-key': 'diagnosis-prime', 'exclude-keys': ['diagnosis', 'diagnosis-prime', 'diagnosis-prime', 'diagnosis-prime'], 'image-name': 'dt-exports/breast-cancer/attempts/2127013315/d-{}-{}-{}-orig-no-opt.{}'}}"
d,ada-no-opts,2127013315,0.7,398,0.0,0.03508771929824561,0:00:00.076912,"{'training-options': {'y-key': 'diagnosis-prime', 'exclude-keys': ['diagnosis', 'diagnosis-prime', 'diagnosis-prime', 'diagnosis-prime'], 'image-name': 'dt-exports/breast-cancer/attempts/2127013315/d-{}-{}-{}-orig-no-opt.{}'}}"
d,ada-no-opts,2127013315,0.65,369,0.0,0.04500000000000004,0:00:00.073805,"{'training-options': {'y-key': 'diagnosis-prime', 'exclude-keys': ['diagnosis', 'diagnosis-prime', 'diagnosis-prime', 'diagnosis-prime'], 'image-name': 'dt-exports/breast-cancer/attempts/2127013315/d-{}-{}-{}-orig-no-opt.{}'}}"
d,ada-no-opts,2127013315,0.6,341,0.0,0.04824561403508776,0:00:00.070622,"{'training-options': {'y-key': 'diagnosis-prime', 'exclude-keys': ['diagnosis', 'diagnosis-prime', 'diagnosis-prime', 'diagnosis-prime'], 'image-name': 'dt-exports/breast-cancer/attempts/2127013315/d-{}-{}-{}-orig-no-opt.{}'}}"
d,ada-no-opts,2127013315,0.55,312,0.0,0.046692607003890996,0:00:00.068471,"{'training-options': {'y-key': 'diagnosis-prime', 'exclude-keys': ['diagnosis', 'diagnosis-prime', 'diagnosis-prime', 'diagnosis-prime'], 'image-name': 'dt-exports/breast-cancer/attempts/2127013315/d-{}-{}-{}-orig-no-opt.{}'}}"
d,ada-no-opts,2127013315,0.5,284,0.0,0.052631578947368474,0:00:00.066594,"{'training-options': {'y-key': 'diagnosis-prime', 'exclude-keys': ['diagnosis', 'diagnosis-prime', 'diagnosis-prime', 'diagnosis-prime'], 'image-name': 'dt-exports/breast-cancer/attempts/2127013315/d-{}-{}-{}-orig-no-opt.{}'}}"
d,ada-no-opts,2127013315,0.45,256,0.0,0.03833865814696491,0:00:00.063561,"{'training-options': {'y-key': 'diagnosis-prime', 'exclude-keys': ['diagnosis', 'diagnosis-prime', 'diagnosis-prime', 'diagnosis-prime'], 'image-name': 'dt-exports/breast-cancer/attempts/2127013315/d-{}-{}-{}-orig-no-opt.{}'}}"
d,ada-no-opts,2127013315,0.4,227,0.0,0.04678362573099415,0:00:00.060629,"{'training-options': {'y-key': 'diagnosis-prime', 'exclude-keys': ['diagnosis', 'diagnosis-prime', 'diagnosis-prime', 'diagnosis-prime'], 'image-name': 'dt-exports/breast-cancer/attempts/2127013315/d-{}-{}-{}-orig-no-opt.{}'}}"
d,ada-no-opts,2127013315,0.35,199,0.0,0.043243243243243246,0:00:00.058088,"{'training-options': {'y-key': 'diagnosis-prime', 'exclude-keys': ['diagnosis', 'diagnosis-prime', 'diagnosis-prime', 'diagnosis-prime'], 'image-name': 'dt-exports/breast-cancer/attempts/2127013315/d-{}-{}-{}-orig-no-opt.{}'}}"
d,ada-no-opts,2127013315,0.3,170,0.0,0.05513784461152882,0:00:00.054463,"{'training-options': {'y-key': 'diagnosis-prime', 'exclude-keys': ['diagnosis', 'diagnosis-prime', 'diagnosis-prime', 'diagnosis-prime'], 'image-name': 'dt-exports/breast-cancer/attempts/2127013315/d-{}-{}-{}-orig-no-opt.{}'}}"
d,ada-no-opts,2127013315,0.25,142,0.0,0.04683840749414525,0:00:00.052499,"{'training-options': {'y-key': 'diagnosis-prime', 'exclude-keys': ['diagnosis', 'diagnosis-prime', 'diagnosis-prime', 'diagnosis-prime'], 'image-name': 'dt-exports/breast-cancer/attempts/2127013315/d-{}-{}-{}-orig-no-opt.{}'}}"
d,ada-no-opts,2127013315,0.2,113,0.0,0.07456140350877194,0:00:00.048926,"{'training-options': {'y-key': 'diagnosis-prime', 'exclude-keys': ['diagnosis', 'diagnosis-prime', 'diagnosis-prime', 'diagnosis-prime'], 'image-name': 'dt-exports/breast-cancer/attempts/2127013315/d-{}-{}-{}-orig-no-opt.{}'}}"
d,ada-no-opts,2127013315,0.15,85,0.0,0.051652892561983466,0:00:00.046683,"{'training-options': {'y-key': 'diagnosis-prime', 'exclude-keys': ['diagnosis', 'diagnosis-prime', 'diagnosis-prime', 'diagnosis-prime'], 'image-name': 'dt-exports/breast-cancer/attempts/2127013315/d-{}-{}-{}-orig-no-opt.{}'}}"
d,ada-no-opts,2127013315,0.1,56,0.0,0.04483430799220278,0:00:00.043764,"{'training-options': {'y-key': 'diagnosis-prime', 'exclude-keys': ['diagnosis', 'diagnosis-prime', 'diagnosis-prime', 'diagnosis-prime'], 'image-name': 'dt-exports/breast-cancer/attempts/2127013315/d-{}-{}-{}-orig-no-opt.{}'}}"
d,ada-no-opts,2127013315,0.05,28,0.0,0.08872458410351203,0:00:00.041249,"{'training-options': {'y-key': 'diagnosis-prime', 'exclude-keys': ['diagnosis', 'diagnosis-prime', 'diagnosis-prime', 'diagnosis-prime'], 'image-name': 'dt-exports/breast-cancer/attempts/2127013315/d-{}-{}-{}-orig-no-opt.{}'}}"
d,ada-no-opts,3689497746,0.95,540,0.0,0.03448275862068961,0:00:00.091171,"{'training-options': {'y-key': 'diagnosis-prime', 'exclude-keys': ['diagnosis', 'diagnosis-prime', 'diagnosis-prime', 'diagnosis-prime'], 'image-name': 'dt-exports/breast-cancer/attempts/3689497746/d-{}-{}-{}-orig-no-opt.{}'}}"
d,ada-no-opts,3689497746,0.9,512,0.0,0.03508771929824561,0:00:00.087176,"{'training-options': {'y-key': 'diagnosis-prime', 'exclude-keys': ['diagnosis', 'diagnosis-prime', 'diagnosis-prime', 'diagnosis-prime'], 'image-name': 'dt-exports/breast-cancer/attempts/3689497746/d-{}-{}-{}-orig-no-opt.{}'}}"
d,ada-no-opts,3689497746,0.85,483,0.0,0.023255813953488413,0:00:00.087071,"{'training-options': {'y-key': 'diagnosis-prime', 'exclude-keys': ['diagnosis', 'diagnosis-prime', 'diagnosis-prime', 'diagnosis-prime'], 'image-name': 'dt-exports/breast-cancer/attempts/3689497746/d-{}-{}-{}-orig-no-opt.{}'}}"
d,ada-no-opts,3689497746,0.8,455,0.0,0.01754385964912286,0:00:00.082692,"{'training-options': {'y-key': 'diagnosis-prime', 'exclude-keys': ['diagnosis', 'diagnosis-prime', 'diagnosis-prime', 'diagnosis-prime'], 'image-name': 'dt-exports/breast-cancer/attempts/3689497746/d-{}-{}-{}-orig-no-opt.{}'}}"
d,ada-no-opts,3689497746,0.75,426,0.0,0.034965034965035,0:00:00.080196,"{'training-options': {'y-key': 'diagnosis-prime', 'exclude-keys': ['diagnosis', 'diagnosis-prime', 'diagnosis-prime', 'diagnosis-prime'], 'image-name': 'dt-exports/breast-cancer/attempts/3689497746/d-{}-{}-{}-orig-no-opt.{}'}}"
d,ada-no-opts,3689497746,0.7,398,0.0,0.023391812865497075,0:00:00.077500,"{'training-options': {'y-key': 'diagnosis-prime', 'exclude-keys': ['diagnosis', 'diagnosis-prime', 'diagnosis-prime', 'diagnosis-prime'], 'image-name': 'dt-exports/breast-cancer/attempts/3689497746/d-{}-{}-{}-orig-no-opt.{}'}}"
d,ada-no-opts,3689497746,0.65,369,0.0,0.030000000000000027,0:00:00.073894,"{'training-options': {'y-key': 'diagnosis-prime', 'exclude-keys': ['diagnosis', 'diagnosis-prime', 'diagnosis-prime', 'diagnosis-prime'], 'image-name': 'dt-exports/breast-cancer/attempts/3689497746/d-{}-{}-{}-orig-no-opt.{}'}}"
d,ada-no-opts,3689497746,0.6,341,0.0,0.03947368421052633,0:00:00.071469,"{'training-options': {'y-key': 'diagnosis-prime', 'exclude-keys': ['diagnosis', 'diagnosis-prime', 'diagnosis-prime', 'diagnosis-prime'], 'image-name': 'dt-exports/breast-cancer/attempts/3689497746/d-{}-{}-{}-orig-no-opt.{}'}}"
d,ada-no-opts,3689497746,0.55,312,0.0,0.0311284046692607,0:00:00.068779,"{'training-options': {'y-key': 'diagnosis-prime', 'exclude-keys': ['diagnosis', 'diagnosis-prime', 'diagnosis-prime', 'diagnosis-prime'], 'image-name': 'dt-exports/breast-cancer/attempts/3689497746/d-{}-{}-{}-orig-no-opt.{}'}}"
d,ada-no-opts,3689497746,0.5,284,0.0,0.038596491228070184,0:00:00.065297,"{'training-options': {'y-key': 'diagnosis-prime', 'exclude-keys': ['diagnosis', 'diagnosis-prime', 'diagnosis-prime', 'diagnosis-prime'], 'image-name': 'dt-exports/breast-cancer/attempts/3689497746/d-{}-{}-{}-orig-no-opt.{}'}}"
d,ada-no-opts,3689497746,0.45,256,0.0,0.025559105431309903,0:00:00.062920,"{'training-options': {'y-key': 'diagnosis-prime', 'exclude-keys': ['diagnosis', 'diagnosis-prime', 'diagnosis-prime', 'diagnosis-prime'], 'image-name': 'dt-exports/breast-cancer/attempts/3689497746/d-{}-{}-{}-orig-no-opt.{}'}}"
d,ada-no-opts,3689497746,0.4,227,0.0,0.03508771929824561,0:00:00.060611,"{'training-options': {'y-key': 'diagnosis-prime', 'exclude-keys': ['diagnosis', 'diagnosis-prime', 'diagnosis-prime', 'diagnosis-prime'], 'image-name': 'dt-exports/breast-cancer/attempts/3689497746/d-{}-{}-{}-orig-no-opt.{}'}}"
d,ada-no-opts,3689497746,0.35,199,0.0,0.03513513513513511,0:00:00.057370,"{'training-options': {'y-key': 'diagnosis-prime', 'exclude-keys': ['diagnosis', 'diagnosis-prime', 'diagnosis-prime', 'diagnosis-prime'], 'image-name': 'dt-exports/breast-cancer/attempts/3689497746/d-{}-{}-{}-orig-no-opt.{}'}}"
d,ada-no-opts,3689497746,0.3,170,0.0,0.03759398496240607,0:00:00.055689,"{'training-options': {'y-key': 'diagnosis-prime', 'exclude-keys': ['diagnosis', 'diagnosis-prime', 'diagnosis-prime', 'diagnosis-prime'], 'image-name': 'dt-exports/breast-cancer/attempts/3689497746/d-{}-{}-{}-orig-no-opt.{}'}}"
d,ada-no-opts,3689497746,0.25,142,0.0,0.05854800936768145,0:00:00.052460,"{'training-options': {'y-key': 'diagnosis-prime', 'exclude-keys': ['diagnosis', 'diagnosis-prime', 'diagnosis-prime', 'diagnosis-prime'], 'image-name': 'dt-exports/breast-cancer/attempts/3689497746/d-{}-{}-{}-orig-no-opt.{}'}}"
d,ada-no-opts,3689497746,0.2,113,0.0,0.05701754385964908,0:00:00.049401,"{'training-options': {'y-key': 'diagnosis-prime', 'exclude-keys': ['diagnosis', 'diagnosis-prime', 'diagnosis-prime', 'diagnosis-prime'], 'image-name': 'dt-exports/breast-cancer/attempts/3689497746/d-{}-{}-{}-orig-no-opt.{}'}}"
d,ada-no-opts,3689497746,0.15,85,0.0,0.04958677685950408,0:00:00.046446,"{'training-options': {'y-key': 'diagnosis-prime', 'exclude-keys': ['diagnosis', 'diagnosis-prime', 'diagnosis-prime', 'diagnosis-prime'], 'image-name': 'dt-exports/breast-cancer/attempts/3689497746/d-{}-{}-{}-orig-no-opt.{}'}}"
d,ada-no-opts,3689497746,0.1,56,0.0,0.05847953216374269,0:00:00.044313,"{'training-options': {'y-key': 'diagnosis-prime', 'exclude-keys': ['diagnosis', 'diagnosis-prime', 'diagnosis-prime', 'diagnosis-prime'], 'image-name': 'dt-exports/breast-cancer/attempts/3689497746/d-{}-{}-{}-orig-no-opt.{}'}}"
d,ada-no-opts,3689497746,0.05,28,0.0,0.12939001848428833,0:00:00.008697,"{'training-options': {'y-key': 'diagnosis-prime', 'exclude-keys': ['diagnosis', 'diagnosis-prime', 'diagnosis-prime', 'diagnosis-prime'], 'image-name': 'dt-exports/breast-cancer/attempts/3689497746/d-{}-{}-{}-orig-no-opt.{}'}}"
d,ada-no-opts,409704764,0.95,540,0.0,0.0,0:00:00.091202,"{'training-options': {'y-key': 'diagnosis-prime', 'exclude-keys': ['diagnosis', 'diagnosis-prime', 'diagnosis-prime', 'diagnosis-prime'], 'image-name': 'dt-exports/breast-cancer/attempts/409704764/d-{}-{}-{}-orig-no-opt.{}'}}"
d,ada-no-opts,409704764,0.9,512,0.0,0.03508771929824561,0:00:00.088038,"{'training-options': {'y-key': 'diagnosis-prime', 'exclude-keys': ['diagnosis', 'diagnosis-prime', 'diagnosis-prime', 'diagnosis-prime'], 'image-name': 'dt-exports/breast-cancer/attempts/409704764/d-{}-{}-{}-orig-no-opt.{}'}}"
d,ada-no-opts,409704764,0.85,483,0.0,0.046511627906976716,0:00:00.084885,"{'training-options': {'y-key': 'diagnosis-prime', 'exclude-keys': ['diagnosis', 'diagnosis-prime', 'diagnosis-prime', 'diagnosis-prime'], 'image-name': 'dt-exports/breast-cancer/attempts/409704764/d-{}-{}-{}-orig-no-opt.{}'}}"
d,ada-no-opts,409704764,0.8,455,0.0,0.04385964912280704,0:00:00.081733,"{'training-options': {'y-key': 'diagnosis-prime', 'exclude-keys': ['diagnosis', 'diagnosis-prime', 'diagnosis-prime', 'diagnosis-prime'], 'image-name': 'dt-exports/breast-cancer/attempts/409704764/d-{}-{}-{}-orig-no-opt.{}'}}"
d,ada-no-opts,409704764,0.75,426,0.0,0.04895104895104896,0:00:00.080103,"{'training-options': {'y-key': 'diagnosis-prime', 'exclude-keys': ['diagnosis', 'diagnosis-prime', 'diagnosis-prime', 'diagnosis-prime'], 'image-name': 'dt-exports/breast-cancer/attempts/409704764/d-{}-{}-{}-orig-no-opt.{}'}}"
d,ada-no-opts,409704764,0.7,398,0.0,0.04678362573099415,0:00:00.076963,"{'training-options': {'y-key': 'diagnosis-prime', 'exclude-keys': ['diagnosis', 'diagnosis-prime', 'diagnosis-prime', 'diagnosis-prime'], 'image-name': 'dt-exports/breast-cancer/attempts/409704764/d-{}-{}-{}-orig-no-opt.{}'}}"
d,ada-no-opts,409704764,0.65,369,0.0,0.050000000000000044,0:00:00.073543,"{'training-options': {'y-key': 'diagnosis-prime', 'exclude-keys': ['diagnosis', 'diagnosis-prime', 'diagnosis-prime', 'diagnosis-prime'], 'image-name': 'dt-exports/breast-cancer/attempts/409704764/d-{}-{}-{}-orig-no-opt.{}'}}"
d,ada-no-opts,409704764,0.6,341,0.0,0.06140350877192979,0:00:00.070697,"{'training-options': {'y-key': 'diagnosis-prime', 'exclude-keys': ['diagnosis', 'diagnosis-prime', 'diagnosis-prime', 'diagnosis-prime'], 'image-name': 'dt-exports/breast-cancer/attempts/409704764/d-{}-{}-{}-orig-no-opt.{}'}}"
d,ada-no-opts,409704764,0.55,312,0.0,0.046692607003890996,0:00:00.069899,"{'training-options': {'y-key': 'diagnosis-prime', 'exclude-keys': ['diagnosis', 'diagnosis-prime', 'diagnosis-prime', 'diagnosis-prime'], 'image-name': 'dt-exports/breast-cancer/attempts/409704764/d-{}-{}-{}-orig-no-opt.{}'}}"
d,ada-no-opts,409704764,0.5,284,0.0,0.038596491228070184,0:00:00.065503,"{'training-options': {'y-key': 'diagnosis-prime', 'exclude-keys': ['diagnosis', 'diagnosis-prime', 'diagnosis-prime', 'diagnosis-prime'], 'image-name': 'dt-exports/breast-cancer/attempts/409704764/d-{}-{}-{}-orig-no-opt.{}'}}"
d,ada-no-opts,409704764,0.45,256,0.0,0.07348242811501593,0:00:00.063901,"{'training-options': {'y-key': 'diagnosis-prime', 'exclude-keys': ['diagnosis', 'diagnosis-prime', 'diagnosis-prime', 'diagnosis-prime'], 'image-name': 'dt-exports/breast-cancer/attempts/409704764/d-{}-{}-{}-orig-no-opt.{}'}}"
d,ada-no-opts,409704764,0.4,227,0.0,0.052631578947368474,0:00:00.059564,"{'training-options': {'y-key': 'diagnosis-prime', 'exclude-keys': ['diagnosis', 'diagnosis-prime', 'diagnosis-prime', 'diagnosis-prime'], 'image-name': 'dt-exports/breast-cancer/attempts/409704764/d-{}-{}-{}-orig-no-opt.{}'}}"
d,ada-no-opts,409704764,0.35,199,0.0,0.04594594594594592,0:00:00.058128,"{'training-options': {'y-key': 'diagnosis-prime', 'exclude-keys': ['diagnosis', 'diagnosis-prime', 'diagnosis-prime', 'diagnosis-prime'], 'image-name': 'dt-exports/breast-cancer/attempts/409704764/d-{}-{}-{}-orig-no-opt.{}'}}"
d,ada-no-opts,409704764,0.3,170,0.0,0.06015037593984962,0:00:00.054715,"{'training-options': {'y-key': 'diagnosis-prime', 'exclude-keys': ['diagnosis', 'diagnosis-prime', 'diagnosis-prime', 'diagnosis-prime'], 'image-name': 'dt-exports/breast-cancer/attempts/409704764/d-{}-{}-{}-orig-no-opt.{}'}}"
d,ada-no-opts,409704764,0.25,142,0.0,0.042154566744730726,0:00:00.052593,"{'training-options': {'y-key': 'diagnosis-prime', 'exclude-keys': ['diagnosis', 'diagnosis-prime', 'diagnosis-prime', 'diagnosis-prime'], 'image-name': 'dt-exports/breast-cancer/attempts/409704764/d-{}-{}-{}-orig-no-opt.{}'}}"
d,ada-no-opts,409704764,0.2,113,0.0,0.046052631578947345,0:00:00.048828,"{'training-options': {'y-key': 'diagnosis-prime', 'exclude-keys': ['diagnosis', 'diagnosis-prime', 'diagnosis-prime', 'diagnosis-prime'], 'image-name': 'dt-exports/breast-cancer/attempts/409704764/d-{}-{}-{}-orig-no-opt.{}'}}"
d,ada-no-opts,409704764,0.15,85,0.0,0.1074380165289256,0:00:00.008509,"{'training-options': {'y-key': 'diagnosis-prime', 'exclude-keys': ['diagnosis', 'diagnosis-prime', 'diagnosis-prime', 'diagnosis-prime'], 'image-name': 'dt-exports/breast-cancer/attempts/409704764/d-{}-{}-{}-orig-no-opt.{}'}}"
d,ada-no-opts,409704764,0.1,56,0.0,0.0935672514619883,0:00:00.008464,"{'training-options': {'y-key': 'diagnosis-prime', 'exclude-keys': ['diagnosis', 'diagnosis-prime', 'diagnosis-prime', 'diagnosis-prime'], 'image-name': 'dt-exports/breast-cancer/attempts/409704764/d-{}-{}-{}-orig-no-opt.{}'}}"
d,ada-no-opts,409704764,0.05,28,0.0,0.13123844731977818,0:00:00.008441,"{'training-options': {'y-key': 'diagnosis-prime', 'exclude-keys': ['diagnosis', 'diagnosis-prime', 'diagnosis-prime', 'diagnosis-prime'], 'image-name': 'dt-exports/breast-cancer/attempts/409704764/d-{}-{}-{}-orig-no-opt.{}'}}"
d,ada-no-opts,503450766,0.95,540,0.0,0.03448275862068961,0:00:00.092564,"{'training-options': {'y-key': 'diagnosis-prime', 'exclude-keys': ['diagnosis', 'diagnosis-prime', 'diagnosis-prime', 'diagnosis-prime'], 'image-name': 'dt-exports/breast-cancer/attempts/503450766/d-{}-{}-{}-orig-no-opt.{}'}}"
d,ada-no-opts,503450766,0.9,512,0.0,0.03508771929824561,0:00:00.091339,"{'training-options': {'y-key': 'diagnosis-prime', 'exclude-keys': ['diagnosis', 'diagnosis-prime', 'diagnosis-prime', 'diagnosis-prime'], 'image-name': 'dt-exports/breast-cancer/attempts/503450766/d-{}-{}-{}-orig-no-opt.{}'}}"
d,ada-no-opts,503450766,0.85,483,0.0,0.023255813953488413,0:00:00.084982,"{'training-options': {'y-key': 'diagnosis-prime', 'exclude-keys': ['diagnosis', 'diagnosis-prime', 'diagnosis-prime', 'diagnosis-prime'], 'image-name': 'dt-exports/breast-cancer/attempts/503450766/d-{}-{}-{}-orig-no-opt.{}'}}"
d,ada-no-opts,503450766,0.8,455,0.0,0.01754385964912286,0:00:00.082678,"{'training-options': {'y-key': 'diagnosis-prime', 'exclude-keys': ['diagnosis', 'diagnosis-prime', 'diagnosis-prime', 'diagnosis-prime'], 'image-name': 'dt-exports/breast-cancer/attempts/503450766/d-{}-{}-{}-orig-no-opt.{}'}}"
d,ada-no-opts,503450766,0.75,426,0.0,0.05594405594405594,0:00:00.079460,"{'training-options': {'y-key': 'diagnosis-prime', 'exclude-keys': ['diagnosis', 'diagnosis-prime', 'diagnosis-prime', 'diagnosis-prime'], 'image-name': 'dt-exports/breast-cancer/attempts/503450766/d-{}-{}-{}-orig-no-opt.{}'}}"
d,ada-no-opts,503450766,0.7,398,0.0,0.0292397660818714,0:00:00.076583,"{'training-options': {'y-key': 'diagnosis-prime', 'exclude-keys': ['diagnosis', 'diagnosis-prime', 'diagnosis-prime', 'diagnosis-prime'], 'image-name': 'dt-exports/breast-cancer/attempts/503450766/d-{}-{}-{}-orig-no-opt.{}'}}"
d,ada-no-opts,503450766,0.65,369,0.0,0.03500000000000003,0:00:00.073453,"{'training-options': {'y-key': 'diagnosis-prime', 'exclude-keys': ['diagnosis', 'diagnosis-prime', 'diagnosis-prime', 'diagnosis-prime'], 'image-name': 'dt-exports/breast-cancer/attempts/503450766/d-{}-{}-{}-orig-no-opt.{}'}}"
d,ada-no-opts,503450766,0.6,341,0.0,0.03947368421052633,0:00:00.071197,"{'training-options': {'y-key': 'diagnosis-prime', 'exclude-keys': ['diagnosis', 'diagnosis-prime', 'diagnosis-prime', 'diagnosis-prime'], 'image-name': 'dt-exports/breast-cancer/attempts/503450766/d-{}-{}-{}-orig-no-opt.{}'}}"
d,ada-no-opts,503450766,0.55,312,0.0,0.05058365758754868,0:00:00.068440,"{'training-options': {'y-key': 'diagnosis-prime', 'exclude-keys': ['diagnosis', 'diagnosis-prime', 'diagnosis-prime', 'diagnosis-prime'], 'image-name': 'dt-exports/breast-cancer/attempts/503450766/d-{}-{}-{}-orig-no-opt.{}'}}"
d,ada-no-opts,503450766,0.5,284,0.0,0.04561403508771933,0:00:00.065698,"{'training-options': {'y-key': 'diagnosis-prime', 'exclude-keys': ['diagnosis', 'diagnosis-prime', 'diagnosis-prime', 'diagnosis-prime'], 'image-name': 'dt-exports/breast-cancer/attempts/503450766/d-{}-{}-{}-orig-no-opt.{}'}}"
d,ada-no-opts,503450766,0.45,256,0.0,0.054313099041533586,0:00:00.063367,"{'training-options': {'y-key': 'diagnosis-prime', 'exclude-keys': ['diagnosis', 'diagnosis-prime', 'diagnosis-prime', 'diagnosis-prime'], 'image-name': 'dt-exports/breast-cancer/attempts/503450766/d-{}-{}-{}-orig-no-opt.{}'}}"
d,ada-no-opts,503450766,0.4,227,0.0,0.05847953216374269,0:00:00.059844,"{'training-options': {'y-key': 'diagnosis-prime', 'exclude-keys': ['diagnosis', 'diagnosis-prime', 'diagnosis-prime', 'diagnosis-prime'], 'image-name': 'dt-exports/breast-cancer/attempts/503450766/d-{}-{}-{}-orig-no-opt.{}'}}"
d,ada-no-opts,503450766,0.35,199,0.0,0.048648648648648596,0:00:00.057590,"{'training-options': {'y-key': 'diagnosis-prime', 'exclude-keys': ['diagnosis', 'diagnosis-prime', 'diagnosis-prime', 'diagnosis-prime'], 'image-name': 'dt-exports/breast-cancer/attempts/503450766/d-{}-{}-{}-orig-no-opt.{}'}}"
d,ada-no-opts,503450766,0.3,170,0.0,0.057644110275689275,0:00:00.056393,"{'training-options': {'y-key': 'diagnosis-prime', 'exclude-keys': ['diagnosis', 'diagnosis-prime', 'diagnosis-prime', 'diagnosis-prime'], 'image-name': 'dt-exports/breast-cancer/attempts/503450766/d-{}-{}-{}-orig-no-opt.{}'}}"
d,ada-no-opts,503450766,0.25,142,0.0,0.07259953161592503,0:00:00.052910,"{'training-options': {'y-key': 'diagnosis-prime', 'exclude-keys': ['diagnosis', 'diagnosis-prime', 'diagnosis-prime', 'diagnosis-prime'], 'image-name': 'dt-exports/breast-cancer/attempts/503450766/d-{}-{}-{}-orig-no-opt.{}'}}"
d,ada-no-opts,503450766,0.2,113,0.0,0.06140350877192979,0:00:00.049329,"{'training-options': {'y-key': 'diagnosis-prime', 'exclude-keys': ['diagnosis', 'diagnosis-prime', 'diagnosis-prime', 'diagnosis-prime'], 'image-name': 'dt-exports/breast-cancer/attempts/503450766/d-{}-{}-{}-orig-no-opt.{}'}}"
d,ada-no-opts,503450766,0.15,85,0.0,0.0826446280991735,0:00:00.046540,"{'training-options': {'y-key': 'diagnosis-prime', 'exclude-keys': ['diagnosis', 'diagnosis-prime', 'diagnosis-prime', 'diagnosis-prime'], 'image-name': 'dt-exports/breast-cancer/attempts/503450766/d-{}-{}-{}-orig-no-opt.{}'}}"
d,ada-no-opts,503450766,0.1,56,0.0,0.07017543859649122,0:00:00.043977,"{'training-options': {'y-key': 'diagnosis-prime', 'exclude-keys': ['diagnosis', 'diagnosis-prime', 'diagnosis-prime', 'diagnosis-prime'], 'image-name': 'dt-exports/breast-cancer/attempts/503450766/d-{}-{}-{}-orig-no-opt.{}'}}"
d,ada-no-opts,503450766,0.05,28,0.0,0.0739371534195934,0:00:00.040917,"{'training-options': {'y-key': 'diagnosis-prime', 'exclude-keys': ['diagnosis', 'diagnosis-prime', 'diagnosis-prime', 'diagnosis-prime'], 'image-name': 'dt-exports/breast-cancer/attempts/503450766/d-{}-{}-{}-orig-no-opt.{}'}}"
d,ada-no-opts,156843743,0.95,540,0.0,0.06896551724137934,0:00:00.091044,"{'training-options': {'y-key': 'diagnosis-prime', 'exclude-keys': ['diagnosis', 'diagnosis-prime', 'diagnosis-prime', 'diagnosis-prime'], 'image-name': 'dt-exports/breast-cancer/attempts/156843743/d-{}-{}-{}-orig-no-opt.{}'}}"
d,ada-no-opts,156843743,0.9,512,0.0,0.03508771929824561,0:00:00.091021,"{'training-options': {'y-key': 'diagnosis-prime', 'exclude-keys': ['diagnosis', 'diagnosis-prime', 'diagnosis-prime', 'diagnosis-prime'], 'image-name': 'dt-exports/breast-cancer/attempts/156843743/d-{}-{}-{}-orig-no-opt.{}'}}"
d,ada-no-opts,156843743,0.85,483,0.0,0.03488372093023251,0:00:00.084715,"{'training-options': {'y-key': 'diagnosis-prime', 'exclude-keys': ['diagnosis', 'diagnosis-prime', 'diagnosis-prime', 'diagnosis-prime'], 'image-name': 'dt-exports/breast-cancer/attempts/156843743/d-{}-{}-{}-orig-no-opt.{}'}}"
d,ada-no-opts,156843743,0.8,455,0.0,0.04385964912280704,0:00:00.082321,"{'training-options': {'y-key': 'diagnosis-prime', 'exclude-keys': ['diagnosis', 'diagnosis-prime', 'diagnosis-prime', 'diagnosis-prime'], 'image-name': 'dt-exports/breast-cancer/attempts/156843743/d-{}-{}-{}-orig-no-opt.{}'}}"
d,ada-no-opts,156843743,0.75,426,0.0,0.027972027972028024,0:00:00.079439,"{'training-options': {'y-key': 'diagnosis-prime', 'exclude-keys': ['diagnosis', 'diagnosis-prime', 'diagnosis-prime', 'diagnosis-prime'], 'image-name': 'dt-exports/breast-cancer/attempts/156843743/d-{}-{}-{}-orig-no-opt.{}'}}"
d,ada-no-opts,156843743,0.7,398,0.0,0.023391812865497075,0:00:00.076042,"{'training-options': {'y-key': 'diagnosis-prime', 'exclude-keys': ['diagnosis', 'diagnosis-prime', 'diagnosis-prime', 'diagnosis-prime'], 'image-name': 'dt-exports/breast-cancer/attempts/156843743/d-{}-{}-{}-orig-no-opt.{}'}}"
d,ada-no-opts,156843743,0.65,369,0.0,0.015000000000000013,0:00:00.073587,"{'training-options': {'y-key': 'diagnosis-prime', 'exclude-keys': ['diagnosis', 'diagnosis-prime', 'diagnosis-prime', 'diagnosis-prime'], 'image-name': 'dt-exports/breast-cancer/attempts/156843743/d-{}-{}-{}-orig-no-opt.{}'}}"
d,ada-no-opts,156843743,0.6,341,0.0,0.03947368421052633,0:00:00.071826,"{'training-options': {'y-key': 'diagnosis-prime', 'exclude-keys': ['diagnosis', 'diagnosis-prime', 'diagnosis-prime', 'diagnosis-prime'], 'image-name': 'dt-exports/breast-cancer/attempts/156843743/d-{}-{}-{}-orig-no-opt.{}'}}"
d,ada-no-opts,156843743,0.55,312,0.0,0.0311284046692607,0:00:00.068992,"{'training-options': {'y-key': 'diagnosis-prime', 'exclude-keys': ['diagnosis', 'diagnosis-prime', 'diagnosis-prime', 'diagnosis-prime'], 'image-name': 'dt-exports/breast-cancer/attempts/156843743/d-{}-{}-{}-orig-no-opt.{}'}}"
d,ada-no-opts,156843743,0.5,284,0.0,0.03508771929824561,0:00:00.065675,"{'training-options': {'y-key': 'diagnosis-prime', 'exclude-keys': ['diagnosis', 'diagnosis-prime', 'diagnosis-prime', 'diagnosis-prime'], 'image-name': 'dt-exports/breast-cancer/attempts/156843743/d-{}-{}-{}-orig-no-opt.{}'}}"
d,ada-no-opts,156843743,0.45,256,0.0,0.057507987220447254,0:00:00.063408,"{'training-options': {'y-key': 'diagnosis-prime', 'exclude-keys': ['diagnosis', 'diagnosis-prime', 'diagnosis-prime', 'diagnosis-prime'], 'image-name': 'dt-exports/breast-cancer/attempts/156843743/d-{}-{}-{}-orig-no-opt.{}'}}"
d,ada-no-opts,156843743,0.4,227,0.0,0.040935672514619936,0:00:00.060817,"{'training-options': {'y-key': 'diagnosis-prime', 'exclude-keys': ['diagnosis', 'diagnosis-prime', 'diagnosis-prime', 'diagnosis-prime'], 'image-name': 'dt-exports/breast-cancer/attempts/156843743/d-{}-{}-{}-orig-no-opt.{}'}}"
d,ada-no-opts,156843743,0.35,199,0.0,0.05135135135135138,0:00:00.057879,"{'training-options': {'y-key': 'diagnosis-prime', 'exclude-keys': ['diagnosis', 'diagnosis-prime', 'diagnosis-prime', 'diagnosis-prime'], 'image-name': 'dt-exports/breast-cancer/attempts/156843743/d-{}-{}-{}-orig-no-opt.{}'}}"
d,ada-no-opts,156843743,0.3,170,0.0,0.05012531328320802,0:00:00.055743,"{'training-options': {'y-key': 'diagnosis-prime', 'exclude-keys': ['diagnosis', 'diagnosis-prime', 'diagnosis-prime', 'diagnosis-prime'], 'image-name': 'dt-exports/breast-cancer/attempts/156843743/d-{}-{}-{}-orig-no-opt.{}'}}"
d,ada-no-opts,156843743,0.25,142,0.0,0.05386416861826693,0:00:00.053055,"{'training-options': {'y-key': 'diagnosis-prime', 'exclude-keys': ['diagnosis', 'diagnosis-prime', 'diagnosis-prime', 'diagnosis-prime'], 'image-name': 'dt-exports/breast-cancer/attempts/156843743/d-{}-{}-{}-orig-no-opt.{}'}}"
d,ada-no-opts,156843743,0.2,113,0.0,0.07017543859649122,0:00:00.049923,"{'training-options': {'y-key': 'diagnosis-prime', 'exclude-keys': ['diagnosis', 'diagnosis-prime', 'diagnosis-prime', 'diagnosis-prime'], 'image-name': 'dt-exports/breast-cancer/attempts/156843743/d-{}-{}-{}-orig-no-opt.{}'}}"
d,ada-no-opts,156843743,0.15,85,0.0,0.0475206611570248,0:00:00.046496,"{'training-options': {'y-key': 'diagnosis-prime', 'exclude-keys': ['diagnosis', 'diagnosis-prime', 'diagnosis-prime', 'diagnosis-prime'], 'image-name': 'dt-exports/breast-cancer/attempts/156843743/d-{}-{}-{}-orig-no-opt.{}'}}"
d,ada-no-opts,156843743,0.1,56,0.0,0.08187134502923976,0:00:00.043589,"{'training-options': {'y-key': 'diagnosis-prime', 'exclude-keys': ['diagnosis', 'diagnosis-prime', 'diagnosis-prime', 'diagnosis-prime'], 'image-name': 'dt-exports/breast-cancer/attempts/156843743/d-{}-{}-{}-orig-no-opt.{}'}}"
d,ada-no-opts,156843743,0.05,28,0.0,0.08687615526802217,0:00:00.041821,"{'training-options': {'y-key': 'diagnosis-prime', 'exclude-keys': ['diagnosis', 'diagnosis-prime', 'diagnosis-prime', 'diagnosis-prime'], 'image-name': 'dt-exports/breast-cancer/attempts/156843743/d-{}-{}-{}-orig-no-opt.{}'}}"
d,ada-no-opts,4019958145,0.95,540,0.0,0.06896551724137934,0:00:00.091014,"{'training-options': {'y-key': 'diagnosis-prime', 'exclude-keys': ['diagnosis', 'diagnosis-prime', 'diagnosis-prime', 'diagnosis-prime'], 'image-name': 'dt-exports/breast-cancer/attempts/4019958145/d-{}-{}-{}-orig-no-opt.{}'}}"
d,ada-no-opts,4019958145,0.9,512,0.0,0.03508771929824561,0:00:00.087910,"{'training-options': {'y-key': 'diagnosis-prime', 'exclude-keys': ['diagnosis', 'diagnosis-prime', 'diagnosis-prime', 'diagnosis-prime'], 'image-name': 'dt-exports/breast-cancer/attempts/4019958145/d-{}-{}-{}-orig-no-opt.{}'}}"
d,ada-no-opts,4019958145,0.85,483,0.0,0.06976744186046513,0:00:00.086530,"{'training-options': {'y-key': 'diagnosis-prime', 'exclude-keys': ['diagnosis', 'diagnosis-prime', 'diagnosis-prime', 'diagnosis-prime'], 'image-name': 'dt-exports/breast-cancer/attempts/4019958145/d-{}-{}-{}-orig-no-opt.{}'}}"
d,ada-no-opts,4019958145,0.8,455,0.0,0.06140350877192979,0:00:00.083812,"{'training-options': {'y-key': 'diagnosis-prime', 'exclude-keys': ['diagnosis', 'diagnosis-prime', 'diagnosis-prime', 'diagnosis-prime'], 'image-name': 'dt-exports/breast-cancer/attempts/4019958145/d-{}-{}-{}-orig-no-opt.{}'}}"
d,ada-no-opts,4019958145,0.75,426,0.0,0.05594405594405594,0:00:00.080741,"{'training-options': {'y-key': 'diagnosis-prime', 'exclude-keys': ['diagnosis', 'diagnosis-prime', 'diagnosis-prime', 'diagnosis-prime'], 'image-name': 'dt-exports/breast-cancer/attempts/4019958145/d-{}-{}-{}-orig-no-opt.{}'}}"
d,ada-no-opts,4019958145,0.7,398,0.0,0.07017543859649122,0:00:00.077065,"{'training-options': {'y-key': 'diagnosis-prime', 'exclude-keys': ['diagnosis', 'diagnosis-prime', 'diagnosis-prime', 'diagnosis-prime'], 'image-name': 'dt-exports/breast-cancer/attempts/4019958145/d-{}-{}-{}-orig-no-opt.{}'}}"
d,ada-no-opts,4019958145,0.65,369,0.0,0.06000000000000005,0:00:00.074333,"{'training-options': {'y-key': 'diagnosis-prime', 'exclude-keys': ['diagnosis', 'diagnosis-prime', 'diagnosis-prime', 'diagnosis-prime'], 'image-name': 'dt-exports/breast-cancer/attempts/4019958145/d-{}-{}-{}-orig-no-opt.{}'}}"
d,ada-no-opts,4019958145,0.6,341,0.0,0.05701754385964908,0:00:00.071644,"{'training-options': {'y-key': 'diagnosis-prime', 'exclude-keys': ['diagnosis', 'diagnosis-prime', 'diagnosis-prime', 'diagnosis-prime'], 'image-name': 'dt-exports/breast-cancer/attempts/4019958145/d-{}-{}-{}-orig-no-opt.{}'}}"
d,ada-no-opts,4019958145,0.55,312,0.0,0.05836575875486383,0:00:00.068486,"{'training-options': {'y-key': 'diagnosis-prime', 'exclude-keys': ['diagnosis', 'diagnosis-prime', 'diagnosis-prime', 'diagnosis-prime'], 'image-name': 'dt-exports/breast-cancer/attempts/4019958145/d-{}-{}-{}-orig-no-opt.{}'}}"
d,ada-no-opts,4019958145,0.5,284,0.0,0.052631578947368474,0:00:00.065144,"{'training-options': {'y-key': 'diagnosis-prime', 'exclude-keys': ['diagnosis', 'diagnosis-prime', 'diagnosis-prime', 'diagnosis-prime'], 'image-name': 'dt-exports/breast-cancer/attempts/4019958145/d-{}-{}-{}-orig-no-opt.{}'}}"
d,ada-no-opts,4019958145,0.45,256,0.0,0.04153354632587858,0:00:00.063872,"{'training-options': {'y-key': 'diagnosis-prime', 'exclude-keys': ['diagnosis', 'diagnosis-prime', 'diagnosis-prime', 'diagnosis-prime'], 'image-name': 'dt-exports/breast-cancer/attempts/4019958145/d-{}-{}-{}-orig-no-opt.{}'}}"
d,ada-no-opts,4019958145,0.4,227,0.0,0.04678362573099415,0:00:00.059694,"{'training-options': {'y-key': 'diagnosis-prime', 'exclude-keys': ['diagnosis', 'diagnosis-prime', 'diagnosis-prime', 'diagnosis-prime'], 'image-name': 'dt-exports/breast-cancer/attempts/4019958145/d-{}-{}-{}-orig-no-opt.{}'}}"
d,ada-no-opts,4019958145,0.35,199,0.0,0.043243243243243246,0:00:00.057572,"{'training-options': {'y-key': 'diagnosis-prime', 'exclude-keys': ['diagnosis', 'diagnosis-prime', 'diagnosis-prime', 'diagnosis-prime'], 'image-name': 'dt-exports/breast-cancer/attempts/4019958145/d-{}-{}-{}-orig-no-opt.{}'}}"
d,ada-no-opts,4019958145,0.3,170,0.0,0.03007518796992481,0:00:00.054822,"{'training-options': {'y-key': 'diagnosis-prime', 'exclude-keys': ['diagnosis', 'diagnosis-prime', 'diagnosis-prime', 'diagnosis-prime'], 'image-name': 'dt-exports/breast-cancer/attempts/4019958145/d-{}-{}-{}-orig-no-opt.{}'}}"
d,ada-no-opts,4019958145,0.25,142,0.0,0.05620608899297419,0:00:00.052209,"{'training-options': {'y-key': 'diagnosis-prime', 'exclude-keys': ['diagnosis', 'diagnosis-prime', 'diagnosis-prime', 'diagnosis-prime'], 'image-name': 'dt-exports/breast-cancer/attempts/4019958145/d-{}-{}-{}-orig-no-opt.{}'}}"
d,ada-no-opts,4019958145,0.2,113,0.0,0.052631578947368474,0:00:00.049210,"{'training-options': {'y-key': 'diagnosis-prime', 'exclude-keys': ['diagnosis', 'diagnosis-prime', 'diagnosis-prime', 'diagnosis-prime'], 'image-name': 'dt-exports/breast-cancer/attempts/4019958145/d-{}-{}-{}-orig-no-opt.{}'}}"
d,ada-no-opts,4019958145,0.15,85,0.0,0.04338842975206614,0:00:00.047449,"{'training-options': {'y-key': 'diagnosis-prime', 'exclude-keys': ['diagnosis', 'diagnosis-prime', 'diagnosis-prime', 'diagnosis-prime'], 'image-name': 'dt-exports/breast-cancer/attempts/4019958145/d-{}-{}-{}-orig-no-opt.{}'}}"
d,ada-no-opts,4019958145,0.1,56,0.0,0.14619883040935677,0:00:00.044007,"{'training-options': {'y-key': 'diagnosis-prime', 'exclude-keys': ['diagnosis', 'diagnosis-prime', 'diagnosis-prime', 'diagnosis-prime'], 'image-name': 'dt-exports/breast-cancer/attempts/4019958145/d-{}-{}-{}-orig-no-opt.{}'}}"
d,ada-no-opts,4019958145,0.05,28,0.0,0.21811460258780035,0:00:00.041188,"{'training-options': {'y-key': 'diagnosis-prime', 'exclude-keys': ['diagnosis', 'diagnosis-prime', 'diagnosis-prime', 'diagnosis-prime'], 'image-name': 'dt-exports/breast-cancer/attempts/4019958145/d-{}-{}-{}-orig-no-opt.{}'}}"
d,ada-no-opts,1294301706,0.95,540,0.0,0.03448275862068961,0:00:00.091838,"{'training-options': {'y-key': 'diagnosis-prime', 'exclude-keys': ['diagnosis', 'diagnosis-prime', 'diagnosis-prime', 'diagnosis-prime'], 'image-name': 'dt-exports/breast-cancer/attempts/1294301706/d-{}-{}-{}-orig-no-opt.{}'}}"
d,ada-no-opts,1294301706,0.9,512,0.0,0.03508771929824561,0:00:00.088119,"{'training-options': {'y-key': 'diagnosis-prime', 'exclude-keys': ['diagnosis', 'diagnosis-prime', 'diagnosis-prime', 'diagnosis-prime'], 'image-name': 'dt-exports/breast-cancer/attempts/1294301706/d-{}-{}-{}-orig-no-opt.{}'}}"
d,ada-no-opts,1294301706,0.85,483,0.0,0.03488372093023251,0:00:00.085861,"{'training-options': {'y-key': 'diagnosis-prime', 'exclude-keys': ['diagnosis', 'diagnosis-prime', 'diagnosis-prime', 'diagnosis-prime'], 'image-name': 'dt-exports/breast-cancer/attempts/1294301706/d-{}-{}-{}-orig-no-opt.{}'}}"
d,ada-no-opts,1294301706,0.8,455,0.0,0.07017543859649122,0:00:00.085535,"{'training-options': {'y-key': 'diagnosis-prime', 'exclude-keys': ['diagnosis', 'diagnosis-prime', 'diagnosis-prime', 'diagnosis-prime'], 'image-name': 'dt-exports/breast-cancer/attempts/1294301706/d-{}-{}-{}-orig-no-opt.{}'}}"
d,ada-no-opts,1294301706,0.75,426,0.0,0.04195804195804198,0:00:00.079321,"{'training-options': {'y-key': 'diagnosis-prime', 'exclude-keys': ['diagnosis', 'diagnosis-prime', 'diagnosis-prime', 'diagnosis-prime'], 'image-name': 'dt-exports/breast-cancer/attempts/1294301706/d-{}-{}-{}-orig-no-opt.{}'}}"
d,ada-no-opts,1294301706,0.7,398,0.0,0.04678362573099415,0:00:00.081121,"{'training-options': {'y-key': 'diagnosis-prime', 'exclude-keys': ['diagnosis', 'diagnosis-prime', 'diagnosis-prime', 'diagnosis-prime'], 'image-name': 'dt-exports/breast-cancer/attempts/1294301706/d-{}-{}-{}-orig-no-opt.{}'}}"
d,ada-no-opts,1294301706,0.65,369,0.0,0.050000000000000044,0:00:00.074456,"{'training-options': {'y-key': 'diagnosis-prime', 'exclude-keys': ['diagnosis', 'diagnosis-prime', 'diagnosis-prime', 'diagnosis-prime'], 'image-name': 'dt-exports/breast-cancer/attempts/1294301706/d-{}-{}-{}-orig-no-opt.{}'}}"
d,ada-no-opts,1294301706,0.6,341,0.0,0.04385964912280704,0:00:00.071245,"{'training-options': {'y-key': 'diagnosis-prime', 'exclude-keys': ['diagnosis', 'diagnosis-prime', 'diagnosis-prime', 'diagnosis-prime'], 'image-name': 'dt-exports/breast-cancer/attempts/1294301706/d-{}-{}-{}-orig-no-opt.{}'}}"
d,ada-no-opts,1294301706,0.55,312,0.0,0.046692607003890996,0:00:00.069415,"{'training-options': {'y-key': 'diagnosis-prime', 'exclude-keys': ['diagnosis', 'diagnosis-prime', 'diagnosis-prime', 'diagnosis-prime'], 'image-name': 'dt-exports/breast-cancer/attempts/1294301706/d-{}-{}-{}-orig-no-opt.{}'}}"
d,ada-no-opts,1294301706,0.5,284,0.0,0.04210526315789476,0:00:00.066231,"{'training-options': {'y-key': 'diagnosis-prime', 'exclude-keys': ['diagnosis', 'diagnosis-prime', 'diagnosis-prime', 'diagnosis-prime'], 'image-name': 'dt-exports/breast-cancer/attempts/1294301706/d-{}-{}-{}-orig-no-opt.{}'}}"
d,ada-no-opts,1294301706,0.45,256,0.0,0.054313099041533586,0:00:00.063985,"{'training-options': {'y-key': 'diagnosis-prime', 'exclude-keys': ['diagnosis', 'diagnosis-prime', 'diagnosis-prime', 'diagnosis-prime'], 'image-name': 'dt-exports/breast-cancer/attempts/1294301706/d-{}-{}-{}-orig-no-opt.{}'}}"
d,ada-no-opts,1294301706,0.4,227,0.0,0.049707602339181256,0:00:00.060330,"{'training-options': {'y-key': 'diagnosis-prime', 'exclude-keys': ['diagnosis', 'diagnosis-prime', 'diagnosis-prime', 'diagnosis-prime'], 'image-name': 'dt-exports/breast-cancer/attempts/1294301706/d-{}-{}-{}-orig-no-opt.{}'}}"
d,ada-no-opts,1294301706,0.35,199,0.0,0.05405405405405406,0:00:00.057569,"{'training-options': {'y-key': 'diagnosis-prime', 'exclude-keys': ['diagnosis', 'diagnosis-prime', 'diagnosis-prime', 'diagnosis-prime'], 'image-name': 'dt-exports/breast-cancer/attempts/1294301706/d-{}-{}-{}-orig-no-opt.{}'}}"
d,ada-no-opts,1294301706,0.3,170,0.0,0.05513784461152882,0:00:00.054976,"{'training-options': {'y-key': 'diagnosis-prime', 'exclude-keys': ['diagnosis', 'diagnosis-prime', 'diagnosis-prime', 'diagnosis-prime'], 'image-name': 'dt-exports/breast-cancer/attempts/1294301706/d-{}-{}-{}-orig-no-opt.{}'}}"
d,ada-no-opts,1294301706,0.25,142,0.0,0.07962529274004682,0:00:00.052510,"{'training-options': {'y-key': 'diagnosis-prime', 'exclude-keys': ['diagnosis', 'diagnosis-prime', 'diagnosis-prime', 'diagnosis-prime'], 'image-name': 'dt-exports/breast-cancer/attempts/1294301706/d-{}-{}-{}-orig-no-opt.{}'}}"
d,ada-no-opts,1294301706,0.2,113,0.0,0.07017543859649122,0:00:00.049588,"{'training-options': {'y-key': 'diagnosis-prime', 'exclude-keys': ['diagnosis', 'diagnosis-prime', 'diagnosis-prime', 'diagnosis-prime'], 'image-name': 'dt-exports/breast-cancer/attempts/1294301706/d-{}-{}-{}-orig-no-opt.{}'}}"
d,ada-no-opts,1294301706,0.15,85,0.0,0.09297520661157022,0:00:00.047033,"{'training-options': {'y-key': 'diagnosis-prime', 'exclude-keys': ['diagnosis', 'diagnosis-prime', 'diagnosis-prime', 'diagnosis-prime'], 'image-name': 'dt-exports/breast-cancer/attempts/1294301706/d-{}-{}-{}-orig-no-opt.{}'}}"
d,ada-no-opts,1294301706,0.1,56,0.0,0.07797270955165692,0:00:00.044259,"{'training-options': {'y-key': 'diagnosis-prime', 'exclude-keys': ['diagnosis', 'diagnosis-prime', 'diagnosis-prime', 'diagnosis-prime'], 'image-name': 'dt-exports/breast-cancer/attempts/1294301706/d-{}-{}-{}-orig-no-opt.{}'}}"
d,ada-no-opts,1294301706,0.05,28,0.0,0.11829944547134941,0:00:00.009191,"{'training-options': {'y-key': 'diagnosis-prime', 'exclude-keys': ['diagnosis', 'diagnosis-prime', 'diagnosis-prime', 'diagnosis-prime'], 'image-name': 'dt-exports/breast-cancer/attempts/1294301706/d-{}-{}-{}-orig-no-opt.{}'}}"
