d,decision-no-opts,3314952248,0.95,540,0.0,0.06896551724137934,0:00:00.257735,"{'training-options': {'y-key': 'diagnosis-prime', 'exclude-keys': ['diagnosis', 'diagnosis-prime'], 'image-name': 'dt-exports/breast-cancer/attempts/3314952248/d-{}-{}-{}-orig-no-opt.{}'}}"
d,decision-no-opts,3314952248,0.9,512,0.0,0.1228070175438597,0:00:00.235203,"{'training-options': {'y-key': 'diagnosis-prime', 'exclude-keys': ['diagnosis', 'diagnosis-prime'], 'image-name': 'dt-exports/breast-cancer/attempts/3314952248/d-{}-{}-{}-orig-no-opt.{}'}}"
d,decision-no-opts,3314952248,0.85,483,0.0,0.09302325581395354,0:00:00.786605,"{'training-options': {'y-key': 'diagnosis-prime', 'exclude-keys': ['diagnosis', 'diagnosis-prime'], 'image-name': 'dt-exports/breast-cancer/attempts/3314952248/d-{}-{}-{}-orig-no-opt.{}'}}"
d,decision-no-opts,3314952248,0.8,455,0.0,0.14912280701754388,0:00:00.268349,"{'training-options': {'y-key': 'diagnosis-prime', 'exclude-keys': ['diagnosis', 'diagnosis-prime'], 'image-name': 'dt-exports/breast-cancer/attempts/3314952248/d-{}-{}-{}-orig-no-opt.{}'}}"
d,decision-no-opts,3314952248,0.75,426,0.0,0.1048951048951049,0:00:00.182565,"{'training-options': {'y-key': 'diagnosis-prime', 'exclude-keys': ['diagnosis', 'diagnosis-prime'], 'image-name': 'dt-exports/breast-cancer/attempts/3314952248/d-{}-{}-{}-orig-no-opt.{}'}}"
d,decision-no-opts,3314952248,0.7,398,0.0,0.10526315789473684,0:00:00.178601,"{'training-options': {'y-key': 'diagnosis-prime', 'exclude-keys': ['diagnosis', 'diagnosis-prime'], 'image-name': 'dt-exports/breast-cancer/attempts/3314952248/d-{}-{}-{}-orig-no-opt.{}'}}"
d,decision-no-opts,3314952248,0.65,369,0.0,0.09999999999999998,0:00:00.149826,"{'training-options': {'y-key': 'diagnosis-prime', 'exclude-keys': ['diagnosis', 'diagnosis-prime'], 'image-name': 'dt-exports/breast-cancer/attempts/3314952248/d-{}-{}-{}-orig-no-opt.{}'}}"
d,decision-no-opts,3314952248,0.6,341,0.0,0.10526315789473684,0:00:00.148540,"{'training-options': {'y-key': 'diagnosis-prime', 'exclude-keys': ['diagnosis', 'diagnosis-prime'], 'image-name': 'dt-exports/breast-cancer/attempts/3314952248/d-{}-{}-{}-orig-no-opt.{}'}}"
d,decision-no-opts,3314952248,0.55,312,0.0,0.08171206225680938,0:00:00.148613,"{'training-options': {'y-key': 'diagnosis-prime', 'exclude-keys': ['diagnosis', 'diagnosis-prime'], 'image-name': 'dt-exports/breast-cancer/attempts/3314952248/d-{}-{}-{}-orig-no-opt.{}'}}"
d,decision-no-opts,3314952248,0.5,284,0.0,0.056140350877192935,0:00:00.509309,"{'training-options': {'y-key': 'diagnosis-prime', 'exclude-keys': ['diagnosis', 'diagnosis-prime'], 'image-name': 'dt-exports/breast-cancer/attempts/3314952248/d-{}-{}-{}-orig-no-opt.{}'}}"
d,decision-no-opts,3314952248,0.45,256,0.0,0.07348242811501593,0:00:00.127630,"{'training-options': {'y-key': 'diagnosis-prime', 'exclude-keys': ['diagnosis', 'diagnosis-prime'], 'image-name': 'dt-exports/breast-cancer/attempts/3314952248/d-{}-{}-{}-orig-no-opt.{}'}}"
d,decision-no-opts,3314952248,0.4,227,0.0,0.07894736842105265,0:00:00.129006,"{'training-options': {'y-key': 'diagnosis-prime', 'exclude-keys': ['diagnosis', 'diagnosis-prime'], 'image-name': 'dt-exports/breast-cancer/attempts/3314952248/d-{}-{}-{}-orig-no-opt.{}'}}"
d,decision-no-opts,3314952248,0.35,199,0.0,0.08918918918918917,0:00:00.119084,"{'training-options': {'y-key': 'diagnosis-prime', 'exclude-keys': ['diagnosis', 'diagnosis-prime'], 'image-name': 'dt-exports/breast-cancer/attempts/3314952248/d-{}-{}-{}-orig-no-opt.{}'}}"
d,decision-no-opts,3314952248,0.3,170,0.0,0.08521303258145363,0:00:00.362811,"{'training-options': {'y-key': 'diagnosis-prime', 'exclude-keys': ['diagnosis', 'diagnosis-prime'], 'image-name': 'dt-exports/breast-cancer/attempts/3314952248/d-{}-{}-{}-orig-no-opt.{}'}}"
d,decision-no-opts,3314952248,0.25,142,0.0,0.09836065573770492,0:00:00.089347,"{'training-options': {'y-key': 'diagnosis-prime', 'exclude-keys': ['diagnosis', 'diagnosis-prime'], 'image-name': 'dt-exports/breast-cancer/attempts/3314952248/d-{}-{}-{}-orig-no-opt.{}'}}"
d,decision-no-opts,3314952248,0.2,113,0.0,0.08991228070175439,0:00:00.082965,"{'training-options': {'y-key': 'diagnosis-prime', 'exclude-keys': ['diagnosis', 'diagnosis-prime'], 'image-name': 'dt-exports/breast-cancer/attempts/3314952248/d-{}-{}-{}-orig-no-opt.{}'}}"
d,decision-no-opts,3314952248,0.15,85,0.0,0.11157024793388426,0:00:00.081415,"{'training-options': {'y-key': 'diagnosis-prime', 'exclude-keys': ['diagnosis', 'diagnosis-prime'], 'image-name': 'dt-exports/breast-cancer/attempts/3314952248/d-{}-{}-{}-orig-no-opt.{}'}}"
d,decision-no-opts,3314952248,0.1,56,0.0,0.09941520467836262,0:00:00.082966,"{'training-options': {'y-key': 'diagnosis-prime', 'exclude-keys': ['diagnosis', 'diagnosis-prime'], 'image-name': 'dt-exports/breast-cancer/attempts/3314952248/d-{}-{}-{}-orig-no-opt.{}'}}"
d,decision-no-opts,3314952248,0.05,28,0.0,0.08687615526802217,0:00:00.073677,"{'training-options': {'y-key': 'diagnosis-prime', 'exclude-keys': ['diagnosis', 'diagnosis-prime'], 'image-name': 'dt-exports/breast-cancer/attempts/3314952248/d-{}-{}-{}-orig-no-opt.{}'}}"
d,decision-no-opts,4007862753,0.95,540,0.0,0.03448275862068961,0:00:00.251641,"{'training-options': {'y-key': 'diagnosis-prime', 'exclude-keys': ['diagnosis', 'diagnosis-prime'], 'image-name': 'dt-exports/breast-cancer/attempts/4007862753/d-{}-{}-{}-orig-no-opt.{}'}}"
d,decision-no-opts,4007862753,0.9,512,0.0,0.1228070175438597,0:00:00.201465,"{'training-options': {'y-key': 'diagnosis-prime', 'exclude-keys': ['diagnosis', 'diagnosis-prime'], 'image-name': 'dt-exports/breast-cancer/attempts/4007862753/d-{}-{}-{}-orig-no-opt.{}'}}"
d,decision-no-opts,4007862753,0.85,483,0.0,0.05813953488372092,0:00:00.231618,"{'training-options': {'y-key': 'diagnosis-prime', 'exclude-keys': ['diagnosis', 'diagnosis-prime'], 'image-name': 'dt-exports/breast-cancer/attempts/4007862753/d-{}-{}-{}-orig-no-opt.{}'}}"
d,decision-no-opts,4007862753,0.8,455,0.0,0.13157894736842102,0:00:00.739886,"{'training-options': {'y-key': 'diagnosis-prime', 'exclude-keys': ['diagnosis', 'diagnosis-prime'], 'image-name': 'dt-exports/breast-cancer/attempts/4007862753/d-{}-{}-{}-orig-no-opt.{}'}}"
d,decision-no-opts,4007862753,0.75,426,0.0,0.1048951048951049,0:00:00.260275,"{'training-options': {'y-key': 'diagnosis-prime', 'exclude-keys': ['diagnosis', 'diagnosis-prime'], 'image-name': 'dt-exports/breast-cancer/attempts/4007862753/d-{}-{}-{}-orig-no-opt.{}'}}"
d,decision-no-opts,4007862753,0.7,398,0.0,0.10526315789473684,0:00:00.695347,"{'training-options': {'y-key': 'diagnosis-prime', 'exclude-keys': ['diagnosis', 'diagnosis-prime'], 'image-name': 'dt-exports/breast-cancer/attempts/4007862753/d-{}-{}-{}-orig-no-opt.{}'}}"
d,decision-no-opts,4007862753,0.65,369,0.0,0.09999999999999998,0:00:00.189141,"{'training-options': {'y-key': 'diagnosis-prime', 'exclude-keys': ['diagnosis', 'diagnosis-prime'], 'image-name': 'dt-exports/breast-cancer/attempts/4007862753/d-{}-{}-{}-orig-no-opt.{}'}}"
d,decision-no-opts,4007862753,0.6,341,0.0,0.11842105263157898,0:00:00.140404,"{'training-options': {'y-key': 'diagnosis-prime', 'exclude-keys': ['diagnosis', 'diagnosis-prime'], 'image-name': 'dt-exports/breast-cancer/attempts/4007862753/d-{}-{}-{}-orig-no-opt.{}'}}"
d,decision-no-opts,4007862753,0.55,312,0.0,0.10505836575875482,0:00:00.143467,"{'training-options': {'y-key': 'diagnosis-prime', 'exclude-keys': ['diagnosis', 'diagnosis-prime'], 'image-name': 'dt-exports/breast-cancer/attempts/4007862753/d-{}-{}-{}-orig-no-opt.{}'}}"
d,decision-no-opts,4007862753,0.5,284,0.0,0.07017543859649122,0:00:00.142784,"{'training-options': {'y-key': 'diagnosis-prime', 'exclude-keys': ['diagnosis', 'diagnosis-prime'], 'image-name': 'dt-exports/breast-cancer/attempts/4007862753/d-{}-{}-{}-orig-no-opt.{}'}}"
d,decision-no-opts,4007862753,0.45,256,0.0,0.06709265175718848,0:00:00.152068,"{'training-options': {'y-key': 'diagnosis-prime', 'exclude-keys': ['diagnosis', 'diagnosis-prime'], 'image-name': 'dt-exports/breast-cancer/attempts/4007862753/d-{}-{}-{}-orig-no-opt.{}'}}"
d,decision-no-opts,4007862753,0.4,227,0.0,0.06140350877192979,0:00:00.141511,"{'training-options': {'y-key': 'diagnosis-prime', 'exclude-keys': ['diagnosis', 'diagnosis-prime'], 'image-name': 'dt-exports/breast-cancer/attempts/4007862753/d-{}-{}-{}-orig-no-opt.{}'}}"
d,decision-no-opts,4007862753,0.35,199,0.0,0.08108108108108103,0:00:00.129572,"{'training-options': {'y-key': 'diagnosis-prime', 'exclude-keys': ['diagnosis', 'diagnosis-prime'], 'image-name': 'dt-exports/breast-cancer/attempts/4007862753/d-{}-{}-{}-orig-no-opt.{}'}}"
d,decision-no-opts,4007862753,0.3,170,0.0,0.09523809523809523,0:00:00.134549,"{'training-options': {'y-key': 'diagnosis-prime', 'exclude-keys': ['diagnosis', 'diagnosis-prime'], 'image-name': 'dt-exports/breast-cancer/attempts/4007862753/d-{}-{}-{}-orig-no-opt.{}'}}"
d,decision-no-opts,4007862753,0.25,142,0.0,0.08430913348946134,0:00:00.110911,"{'training-options': {'y-key': 'diagnosis-prime', 'exclude-keys': ['diagnosis', 'diagnosis-prime'], 'image-name': 'dt-exports/breast-cancer/attempts/4007862753/d-{}-{}-{}-orig-no-opt.{}'}}"
d,decision-no-opts,4007862753,0.2,113,0.0,0.09210526315789469,0:00:00.112401,"{'training-options': {'y-key': 'diagnosis-prime', 'exclude-keys': ['diagnosis', 'diagnosis-prime'], 'image-name': 'dt-exports/breast-cancer/attempts/4007862753/d-{}-{}-{}-orig-no-opt.{}'}}"
d,decision-no-opts,4007862753,0.15,85,0.0,0.08677685950413228,0:00:00.108230,"{'training-options': {'y-key': 'diagnosis-prime', 'exclude-keys': ['diagnosis', 'diagnosis-prime'], 'image-name': 'dt-exports/breast-cancer/attempts/4007862753/d-{}-{}-{}-orig-no-opt.{}'}}"
d,decision-no-opts,4007862753,0.1,56,0.0,0.0799220272904484,0:00:00.098624,"{'training-options': {'y-key': 'diagnosis-prime', 'exclude-keys': ['diagnosis', 'diagnosis-prime'], 'image-name': 'dt-exports/breast-cancer/attempts/4007862753/d-{}-{}-{}-orig-no-opt.{}'}}"
d,decision-no-opts,4007862753,0.05,28,0.0,0.1016635859519408,0:00:00.133020,"{'training-options': {'y-key': 'diagnosis-prime', 'exclude-keys': ['diagnosis', 'diagnosis-prime'], 'image-name': 'dt-exports/breast-cancer/attempts/4007862753/d-{}-{}-{}-orig-no-opt.{}'}}"
d,decision-no-opts,743167336,0.95,540,0.0,0.10344827586206895,0:00:00.249134,"{'training-options': {'y-key': 'diagnosis-prime', 'exclude-keys': ['diagnosis', 'diagnosis-prime'], 'image-name': 'dt-exports/breast-cancer/attempts/743167336/d-{}-{}-{}-orig-no-opt.{}'}}"
d,decision-no-opts,743167336,0.9,512,0.0,0.1228070175438597,0:00:00.196068,"{'training-options': {'y-key': 'diagnosis-prime', 'exclude-keys': ['diagnosis', 'diagnosis-prime'], 'image-name': 'dt-exports/breast-cancer/attempts/743167336/d-{}-{}-{}-orig-no-opt.{}'}}"
d,decision-no-opts,743167336,0.85,483,0.0,0.11627906976744184,0:00:00.168377,"{'training-options': {'y-key': 'diagnosis-prime', 'exclude-keys': ['diagnosis', 'diagnosis-prime'], 'image-name': 'dt-exports/breast-cancer/attempts/743167336/d-{}-{}-{}-orig-no-opt.{}'}}"
d,decision-no-opts,743167336,0.8,455,0.0,0.10526315789473684,0:00:00.187010,"{'training-options': {'y-key': 'diagnosis-prime', 'exclude-keys': ['diagnosis', 'diagnosis-prime'], 'image-name': 'dt-exports/breast-cancer/attempts/743167336/d-{}-{}-{}-orig-no-opt.{}'}}"
d,decision-no-opts,743167336,0.75,426,0.0,0.08391608391608396,0:00:00.186602,"{'training-options': {'y-key': 'diagnosis-prime', 'exclude-keys': ['diagnosis', 'diagnosis-prime'], 'image-name': 'dt-exports/breast-cancer/attempts/743167336/d-{}-{}-{}-orig-no-opt.{}'}}"
d,decision-no-opts,743167336,0.7,398,0.0,0.08771929824561409,0:00:00.186036,"{'training-options': {'y-key': 'diagnosis-prime', 'exclude-keys': ['diagnosis', 'diagnosis-prime'], 'image-name': 'dt-exports/breast-cancer/attempts/743167336/d-{}-{}-{}-orig-no-opt.{}'}}"
d,decision-no-opts,743167336,0.65,369,0.0,0.08499999999999996,0:00:00.146855,"{'training-options': {'y-key': 'diagnosis-prime', 'exclude-keys': ['diagnosis', 'diagnosis-prime'], 'image-name': 'dt-exports/breast-cancer/attempts/743167336/d-{}-{}-{}-orig-no-opt.{}'}}"
d,decision-no-opts,743167336,0.6,341,0.0,0.10087719298245612,0:00:00.147418,"{'training-options': {'y-key': 'diagnosis-prime', 'exclude-keys': ['diagnosis', 'diagnosis-prime'], 'image-name': 'dt-exports/breast-cancer/attempts/743167336/d-{}-{}-{}-orig-no-opt.{}'}}"
d,decision-no-opts,743167336,0.55,312,0.0,0.10116731517509725,0:00:00.142052,"{'training-options': {'y-key': 'diagnosis-prime', 'exclude-keys': ['diagnosis', 'diagnosis-prime'], 'image-name': 'dt-exports/breast-cancer/attempts/743167336/d-{}-{}-{}-orig-no-opt.{}'}}"
d,decision-no-opts,743167336,0.5,284,0.0,0.09122807017543855,0:00:00.141157,"{'training-options': {'y-key': 'diagnosis-prime', 'exclude-keys': ['diagnosis', 'diagnosis-prime'], 'image-name': 'dt-exports/breast-cancer/attempts/743167336/d-{}-{}-{}-orig-no-opt.{}'}}"
d,decision-no-opts,743167336,0.45,256,0.0,0.07028753993610226,0:00:00.130849,"{'training-options': {'y-key': 'diagnosis-prime', 'exclude-keys': ['diagnosis', 'diagnosis-prime'], 'image-name': 'dt-exports/breast-cancer/attempts/743167336/d-{}-{}-{}-orig-no-opt.{}'}}"
d,decision-no-opts,743167336,0.4,227,0.0,0.08479532163742687,0:00:00.131434,"{'training-options': {'y-key': 'diagnosis-prime', 'exclude-keys': ['diagnosis', 'diagnosis-prime'], 'image-name': 'dt-exports/breast-cancer/attempts/743167336/d-{}-{}-{}-orig-no-opt.{}'}}"
d,decision-no-opts,743167336,0.35,199,0.0,0.06756756756756754,0:00:00.124854,"{'training-options': {'y-key': 'diagnosis-prime', 'exclude-keys': ['diagnosis', 'diagnosis-prime'], 'image-name': 'dt-exports/breast-cancer/attempts/743167336/d-{}-{}-{}-orig-no-opt.{}'}}"
d,decision-no-opts,743167336,0.3,170,0.0,0.08521303258145363,0:00:00.128356,"{'training-options': {'y-key': 'diagnosis-prime', 'exclude-keys': ['diagnosis', 'diagnosis-prime'], 'image-name': 'dt-exports/breast-cancer/attempts/743167336/d-{}-{}-{}-orig-no-opt.{}'}}"
d,decision-no-opts,743167336,0.25,142,0.0,0.10070257611241218,0:00:00.110707,"{'training-options': {'y-key': 'diagnosis-prime', 'exclude-keys': ['diagnosis', 'diagnosis-prime'], 'image-name': 'dt-exports/breast-cancer/attempts/743167336/d-{}-{}-{}-orig-no-opt.{}'}}"
d,decision-no-opts,743167336,0.2,113,0.0,0.10745614035087714,0:00:00.104666,"{'training-options': {'y-key': 'diagnosis-prime', 'exclude-keys': ['diagnosis', 'diagnosis-prime'], 'image-name': 'dt-exports/breast-cancer/attempts/743167336/d-{}-{}-{}-orig-no-opt.{}'}}"
d,decision-no-opts,743167336,0.15,85,0.0,0.1301652892561983,0:00:00.082699,"{'training-options': {'y-key': 'diagnosis-prime', 'exclude-keys': ['diagnosis', 'diagnosis-prime'], 'image-name': 'dt-exports/breast-cancer/attempts/743167336/d-{}-{}-{}-orig-no-opt.{}'}}"
d,decision-no-opts,743167336,0.1,56,0.0,0.1228070175438597,0:00:00.081913,"{'training-options': {'y-key': 'diagnosis-prime', 'exclude-keys': ['diagnosis', 'diagnosis-prime'], 'image-name': 'dt-exports/breast-cancer/attempts/743167336/d-{}-{}-{}-orig-no-opt.{}'}}"
d,decision-no-opts,743167336,0.05,28,0.0,0.21441774491682075,0:00:00.085678,"{'training-options': {'y-key': 'diagnosis-prime', 'exclude-keys': ['diagnosis', 'diagnosis-prime'], 'image-name': 'dt-exports/breast-cancer/attempts/743167336/d-{}-{}-{}-orig-no-opt.{}'}}"
d,decision-no-opts,2127013315,0.95,540,0.0,0.24137931034482762,0:00:00.251652,"{'training-options': {'y-key': 'diagnosis-prime', 'exclude-keys': ['diagnosis', 'diagnosis-prime'], 'image-name': 'dt-exports/breast-cancer/attempts/2127013315/d-{}-{}-{}-orig-no-opt.{}'}}"
d,decision-no-opts,2127013315,0.9,512,0.0,0.14035087719298245,0:00:00.202955,"{'training-options': {'y-key': 'diagnosis-prime', 'exclude-keys': ['diagnosis', 'diagnosis-prime'], 'image-name': 'dt-exports/breast-cancer/attempts/2127013315/d-{}-{}-{}-orig-no-opt.{}'}}"
d,decision-no-opts,2127013315,0.85,483,0.0,0.12790697674418605,0:00:00.196510,"{'training-options': {'y-key': 'diagnosis-prime', 'exclude-keys': ['diagnosis', 'diagnosis-prime'], 'image-name': 'dt-exports/breast-cancer/attempts/2127013315/d-{}-{}-{}-orig-no-opt.{}'}}"
d,decision-no-opts,2127013315,0.8,455,0.0,0.08771929824561409,0:00:00.185279,"{'training-options': {'y-key': 'diagnosis-prime', 'exclude-keys': ['diagnosis', 'diagnosis-prime'], 'image-name': 'dt-exports/breast-cancer/attempts/2127013315/d-{}-{}-{}-orig-no-opt.{}'}}"
d,decision-no-opts,2127013315,0.75,426,0.0,0.09090909090909094,0:00:00.202379,"{'training-options': {'y-key': 'diagnosis-prime', 'exclude-keys': ['diagnosis', 'diagnosis-prime'], 'image-name': 'dt-exports/breast-cancer/attempts/2127013315/d-{}-{}-{}-orig-no-opt.{}'}}"
d,decision-no-opts,2127013315,0.7,398,0.0,0.06432748538011701,0:00:00.183265,"{'training-options': {'y-key': 'diagnosis-prime', 'exclude-keys': ['diagnosis', 'diagnosis-prime'], 'image-name': 'dt-exports/breast-cancer/attempts/2127013315/d-{}-{}-{}-orig-no-opt.{}'}}"
d,decision-no-opts,2127013315,0.65,369,0.0,0.08999999999999997,0:00:00.163214,"{'training-options': {'y-key': 'diagnosis-prime', 'exclude-keys': ['diagnosis', 'diagnosis-prime'], 'image-name': 'dt-exports/breast-cancer/attempts/2127013315/d-{}-{}-{}-orig-no-opt.{}'}}"
d,decision-no-opts,2127013315,0.6,341,0.0,0.07894736842105265,0:00:00.644177,"{'training-options': {'y-key': 'diagnosis-prime', 'exclude-keys': ['diagnosis', 'diagnosis-prime'], 'image-name': 'dt-exports/breast-cancer/attempts/2127013315/d-{}-{}-{}-orig-no-opt.{}'}}"
d,decision-no-opts,2127013315,0.55,312,0.0,0.07392996108949412,0:00:00.175458,"{'training-options': {'y-key': 'diagnosis-prime', 'exclude-keys': ['diagnosis', 'diagnosis-prime'], 'image-name': 'dt-exports/breast-cancer/attempts/2127013315/d-{}-{}-{}-orig-no-opt.{}'}}"
d,decision-no-opts,2127013315,0.5,284,0.0,0.08771929824561409,0:00:00.165451,"{'training-options': {'y-key': 'diagnosis-prime', 'exclude-keys': ['diagnosis', 'diagnosis-prime'], 'image-name': 'dt-exports/breast-cancer/attempts/2127013315/d-{}-{}-{}-orig-no-opt.{}'}}"
d,decision-no-opts,2127013315,0.45,256,0.0,0.07348242811501593,0:00:00.146201,"{'training-options': {'y-key': 'diagnosis-prime', 'exclude-keys': ['diagnosis', 'diagnosis-prime'], 'image-name': 'dt-exports/breast-cancer/attempts/2127013315/d-{}-{}-{}-orig-no-opt.{}'}}"
d,decision-no-opts,2127013315,0.4,227,0.0,0.06432748538011701,0:00:00.143968,"{'training-options': {'y-key': 'diagnosis-prime', 'exclude-keys': ['diagnosis', 'diagnosis-prime'], 'image-name': 'dt-exports/breast-cancer/attempts/2127013315/d-{}-{}-{}-orig-no-opt.{}'}}"
d,decision-no-opts,2127013315,0.35,199,0.0,0.0972972972972973,0:00:00.118008,"{'training-options': {'y-key': 'diagnosis-prime', 'exclude-keys': ['diagnosis', 'diagnosis-prime'], 'image-name': 'dt-exports/breast-cancer/attempts/2127013315/d-{}-{}-{}-orig-no-opt.{}'}}"
d,decision-no-opts,2127013315,0.3,170,0.0,0.08771929824561409,0:00:00.170354,"{'training-options': {'y-key': 'diagnosis-prime', 'exclude-keys': ['diagnosis', 'diagnosis-prime'], 'image-name': 'dt-exports/breast-cancer/attempts/2127013315/d-{}-{}-{}-orig-no-opt.{}'}}"
d,decision-no-opts,2127013315,0.25,142,0.0,0.08430913348946134,0:00:00.157767,"{'training-options': {'y-key': 'diagnosis-prime', 'exclude-keys': ['diagnosis', 'diagnosis-prime'], 'image-name': 'dt-exports/breast-cancer/attempts/2127013315/d-{}-{}-{}-orig-no-opt.{}'}}"
d,decision-no-opts,2127013315,0.2,113,0.0,0.0964912280701754,0:00:00.340236,"{'training-options': {'y-key': 'diagnosis-prime', 'exclude-keys': ['diagnosis', 'diagnosis-prime'], 'image-name': 'dt-exports/breast-cancer/attempts/2127013315/d-{}-{}-{}-orig-no-opt.{}'}}"
d,decision-no-opts,2127013315,0.15,85,0.0,0.07438016528925617,0:00:00.110674,"{'training-options': {'y-key': 'diagnosis-prime', 'exclude-keys': ['diagnosis', 'diagnosis-prime'], 'image-name': 'dt-exports/breast-cancer/attempts/2127013315/d-{}-{}-{}-orig-no-opt.{}'}}"
d,decision-no-opts,2127013315,0.1,56,0.0,0.10136452241715399,0:00:00.097265,"{'training-options': {'y-key': 'diagnosis-prime', 'exclude-keys': ['diagnosis', 'diagnosis-prime'], 'image-name': 'dt-exports/breast-cancer/attempts/2127013315/d-{}-{}-{}-orig-no-opt.{}'}}"
d,decision-no-opts,2127013315,0.05,28,0.0,0.1016635859519408,0:00:00.081396,"{'training-options': {'y-key': 'diagnosis-prime', 'exclude-keys': ['diagnosis', 'diagnosis-prime'], 'image-name': 'dt-exports/breast-cancer/attempts/2127013315/d-{}-{}-{}-orig-no-opt.{}'}}"
d,decision-no-opts,3689497746,0.95,540,0.0,0.0,0:00:00.268831,"{'training-options': {'y-key': 'diagnosis-prime', 'exclude-keys': ['diagnosis', 'diagnosis-prime'], 'image-name': 'dt-exports/breast-cancer/attempts/3689497746/d-{}-{}-{}-orig-no-opt.{}'}}"
d,decision-no-opts,3689497746,0.9,512,0.0,0.03508771929824561,0:00:00.840521,"{'training-options': {'y-key': 'diagnosis-prime', 'exclude-keys': ['diagnosis', 'diagnosis-prime'], 'image-name': 'dt-exports/breast-cancer/attempts/3689497746/d-{}-{}-{}-orig-no-opt.{}'}}"
d,decision-no-opts,3689497746,0.85,483,0.0,0.03488372093023251,0:00:00.232305,"{'training-options': {'y-key': 'diagnosis-prime', 'exclude-keys': ['diagnosis', 'diagnosis-prime'], 'image-name': 'dt-exports/breast-cancer/attempts/3689497746/d-{}-{}-{}-orig-no-opt.{}'}}"
d,decision-no-opts,3689497746,0.8,455,0.0,0.07017543859649122,0:00:00.202440,"{'training-options': {'y-key': 'diagnosis-prime', 'exclude-keys': ['diagnosis', 'diagnosis-prime'], 'image-name': 'dt-exports/breast-cancer/attempts/3689497746/d-{}-{}-{}-orig-no-opt.{}'}}"
d,decision-no-opts,3689497746,0.75,426,0.0,0.05594405594405594,0:00:00.174865,"{'training-options': {'y-key': 'diagnosis-prime', 'exclude-keys': ['diagnosis', 'diagnosis-prime'], 'image-name': 'dt-exports/breast-cancer/attempts/3689497746/d-{}-{}-{}-orig-no-opt.{}'}}"
d,decision-no-opts,3689497746,0.7,398,0.0,0.05847953216374269,0:00:00.169277,"{'training-options': {'y-key': 'diagnosis-prime', 'exclude-keys': ['diagnosis', 'diagnosis-prime'], 'image-name': 'dt-exports/breast-cancer/attempts/3689497746/d-{}-{}-{}-orig-no-opt.{}'}}"
d,decision-no-opts,3689497746,0.65,369,0.0,0.05500000000000005,0:00:00.167898,"{'training-options': {'y-key': 'diagnosis-prime', 'exclude-keys': ['diagnosis', 'diagnosis-prime'], 'image-name': 'dt-exports/breast-cancer/attempts/3689497746/d-{}-{}-{}-orig-no-opt.{}'}}"
d,decision-no-opts,3689497746,0.6,341,0.0,0.06578947368421051,0:00:00.658986,"{'training-options': {'y-key': 'diagnosis-prime', 'exclude-keys': ['diagnosis', 'diagnosis-prime'], 'image-name': 'dt-exports/breast-cancer/attempts/3689497746/d-{}-{}-{}-orig-no-opt.{}'}}"
d,decision-no-opts,3689497746,0.55,312,0.0,0.05836575875486383,0:00:00.172043,"{'training-options': {'y-key': 'diagnosis-prime', 'exclude-keys': ['diagnosis', 'diagnosis-prime'], 'image-name': 'dt-exports/breast-cancer/attempts/3689497746/d-{}-{}-{}-orig-no-opt.{}'}}"
d,decision-no-opts,3689497746,0.5,284,0.0,0.06315789473684208,0:00:00.173557,"{'training-options': {'y-key': 'diagnosis-prime', 'exclude-keys': ['diagnosis', 'diagnosis-prime'], 'image-name': 'dt-exports/breast-cancer/attempts/3689497746/d-{}-{}-{}-orig-no-opt.{}'}}"
d,decision-no-opts,3689497746,0.45,256,0.0,0.06389776357827481,0:00:00.169508,"{'training-options': {'y-key': 'diagnosis-prime', 'exclude-keys': ['diagnosis', 'diagnosis-prime'], 'image-name': 'dt-exports/breast-cancer/attempts/3689497746/d-{}-{}-{}-orig-no-opt.{}'}}"
d,decision-no-opts,3689497746,0.4,227,0.0,0.052631578947368474,0:00:00.492614,"{'training-options': {'y-key': 'diagnosis-prime', 'exclude-keys': ['diagnosis', 'diagnosis-prime'], 'image-name': 'dt-exports/breast-cancer/attempts/3689497746/d-{}-{}-{}-orig-no-opt.{}'}}"
d,decision-no-opts,3689497746,0.35,199,0.0,0.07567567567567568,0:00:00.129758,"{'training-options': {'y-key': 'diagnosis-prime', 'exclude-keys': ['diagnosis', 'diagnosis-prime'], 'image-name': 'dt-exports/breast-cancer/attempts/3689497746/d-{}-{}-{}-orig-no-opt.{}'}}"
d,decision-no-opts,3689497746,0.3,170,0.0,0.07518796992481203,0:00:00.120384,"{'training-options': {'y-key': 'diagnosis-prime', 'exclude-keys': ['diagnosis', 'diagnosis-prime'], 'image-name': 'dt-exports/breast-cancer/attempts/3689497746/d-{}-{}-{}-orig-no-opt.{}'}}"
d,decision-no-opts,3689497746,0.25,142,0.0,0.07259953161592503,0:00:00.124978,"{'training-options': {'y-key': 'diagnosis-prime', 'exclude-keys': ['diagnosis', 'diagnosis-prime'], 'image-name': 'dt-exports/breast-cancer/attempts/3689497746/d-{}-{}-{}-orig-no-opt.{}'}}"
d,decision-no-opts,3689497746,0.2,113,0.0,0.06798245614035092,0:00:00.100438,"{'training-options': {'y-key': 'diagnosis-prime', 'exclude-keys': ['diagnosis', 'diagnosis-prime'], 'image-name': 'dt-exports/breast-cancer/attempts/3689497746/d-{}-{}-{}-orig-no-opt.{}'}}"
d,decision-no-opts,3689497746,0.15,85,0.0,0.14462809917355368,0:00:00.091199,"{'training-options': {'y-key': 'diagnosis-prime', 'exclude-keys': ['diagnosis', 'diagnosis-prime'], 'image-name': 'dt-exports/breast-cancer/attempts/3689497746/d-{}-{}-{}-orig-no-opt.{}'}}"
d,decision-no-opts,3689497746,0.1,56,0.0,0.1364522417153996,0:00:00.093649,"{'training-options': {'y-key': 'diagnosis-prime', 'exclude-keys': ['diagnosis', 'diagnosis-prime'], 'image-name': 'dt-exports/breast-cancer/attempts/3689497746/d-{}-{}-{}-orig-no-opt.{}'}}"
d,decision-no-opts,3689497746,0.05,28,0.0,0.1349353049907579,0:00:00.073431,"{'training-options': {'y-key': 'diagnosis-prime', 'exclude-keys': ['diagnosis', 'diagnosis-prime'], 'image-name': 'dt-exports/breast-cancer/attempts/3689497746/d-{}-{}-{}-orig-no-opt.{}'}}"
d,decision-no-opts,409704764,0.95,540,0.0,0.0,0:00:00.264257,"{'training-options': {'y-key': 'diagnosis-prime', 'exclude-keys': ['diagnosis', 'diagnosis-prime'], 'image-name': 'dt-exports/breast-cancer/attempts/409704764/d-{}-{}-{}-orig-no-opt.{}'}}"
d,decision-no-opts,409704764,0.9,512,0.0,0.0,0:00:00.211469,"{'training-options': {'y-key': 'diagnosis-prime', 'exclude-keys': ['diagnosis', 'diagnosis-prime'], 'image-name': 'dt-exports/breast-cancer/attempts/409704764/d-{}-{}-{}-orig-no-opt.{}'}}"
d,decision-no-opts,409704764,0.85,483,0.0,0.046511627906976716,0:00:00.777198,"{'training-options': {'y-key': 'diagnosis-prime', 'exclude-keys': ['diagnosis', 'diagnosis-prime'], 'image-name': 'dt-exports/breast-cancer/attempts/409704764/d-{}-{}-{}-orig-no-opt.{}'}}"
d,decision-no-opts,409704764,0.8,455,0.0,0.052631578947368474,0:00:00.210659,"{'training-options': {'y-key': 'diagnosis-prime', 'exclude-keys': ['diagnosis', 'diagnosis-prime'], 'image-name': 'dt-exports/breast-cancer/attempts/409704764/d-{}-{}-{}-orig-no-opt.{}'}}"
d,decision-no-opts,409704764,0.75,426,0.0,0.04895104895104896,0:00:00.189102,"{'training-options': {'y-key': 'diagnosis-prime', 'exclude-keys': ['diagnosis', 'diagnosis-prime'], 'image-name': 'dt-exports/breast-cancer/attempts/409704764/d-{}-{}-{}-orig-no-opt.{}'}}"
d,decision-no-opts,409704764,0.7,398,0.0,0.07017543859649122,0:00:00.192605,"{'training-options': {'y-key': 'diagnosis-prime', 'exclude-keys': ['diagnosis', 'diagnosis-prime'], 'image-name': 'dt-exports/breast-cancer/attempts/409704764/d-{}-{}-{}-orig-no-opt.{}'}}"
d,decision-no-opts,409704764,0.65,369,0.0,0.07999999999999996,0:00:00.171092,"{'training-options': {'y-key': 'diagnosis-prime', 'exclude-keys': ['diagnosis', 'diagnosis-prime'], 'image-name': 'dt-exports/breast-cancer/attempts/409704764/d-{}-{}-{}-orig-no-opt.{}'}}"
d,decision-no-opts,409704764,0.6,341,0.0,0.08333333333333337,0:00:00.169272,"{'training-options': {'y-key': 'diagnosis-prime', 'exclude-keys': ['diagnosis', 'diagnosis-prime'], 'image-name': 'dt-exports/breast-cancer/attempts/409704764/d-{}-{}-{}-orig-no-opt.{}'}}"
d,decision-no-opts,409704764,0.55,312,0.0,0.07003891050583655,0:00:00.173915,"{'training-options': {'y-key': 'diagnosis-prime', 'exclude-keys': ['diagnosis', 'diagnosis-prime'], 'image-name': 'dt-exports/breast-cancer/attempts/409704764/d-{}-{}-{}-orig-no-opt.{}'}}"
d,decision-no-opts,409704764,0.5,284,0.0,0.10526315789473684,0:00:00.206477,"{'training-options': {'y-key': 'diagnosis-prime', 'exclude-keys': ['diagnosis', 'diagnosis-prime'], 'image-name': 'dt-exports/breast-cancer/attempts/409704764/d-{}-{}-{}-orig-no-opt.{}'}}"
d,decision-no-opts,409704764,0.45,256,0.0,0.08945686900958472,0:00:00.146473,"{'training-options': {'y-key': 'diagnosis-prime', 'exclude-keys': ['diagnosis', 'diagnosis-prime'], 'image-name': 'dt-exports/breast-cancer/attempts/409704764/d-{}-{}-{}-orig-no-opt.{}'}}"
d,decision-no-opts,409704764,0.4,227,0.0,0.07309941520467833,0:00:00.128324,"{'training-options': {'y-key': 'diagnosis-prime', 'exclude-keys': ['diagnosis', 'diagnosis-prime'], 'image-name': 'dt-exports/breast-cancer/attempts/409704764/d-{}-{}-{}-orig-no-opt.{}'}}"
d,decision-no-opts,409704764,0.35,199,0.0,0.08108108108108103,0:00:00.130060,"{'training-options': {'y-key': 'diagnosis-prime', 'exclude-keys': ['diagnosis', 'diagnosis-prime'], 'image-name': 'dt-exports/breast-cancer/attempts/409704764/d-{}-{}-{}-orig-no-opt.{}'}}"
d,decision-no-opts,409704764,0.3,170,0.0,0.08521303258145363,0:00:00.418663,"{'training-options': {'y-key': 'diagnosis-prime', 'exclude-keys': ['diagnosis', 'diagnosis-prime'], 'image-name': 'dt-exports/breast-cancer/attempts/409704764/d-{}-{}-{}-orig-no-opt.{}'}}"
d,decision-no-opts,409704764,0.25,142,0.0,0.09836065573770492,0:00:00.112722,"{'training-options': {'y-key': 'diagnosis-prime', 'exclude-keys': ['diagnosis', 'diagnosis-prime'], 'image-name': 'dt-exports/breast-cancer/attempts/409704764/d-{}-{}-{}-orig-no-opt.{}'}}"
d,decision-no-opts,409704764,0.2,113,0.0,0.07456140350877194,0:00:00.323433,"{'training-options': {'y-key': 'diagnosis-prime', 'exclude-keys': ['diagnosis', 'diagnosis-prime'], 'image-name': 'dt-exports/breast-cancer/attempts/409704764/d-{}-{}-{}-orig-no-opt.{}'}}"
d,decision-no-opts,409704764,0.15,85,0.0,0.1074380165289256,0:00:00.077926,"{'training-options': {'y-key': 'diagnosis-prime', 'exclude-keys': ['diagnosis', 'diagnosis-prime'], 'image-name': 'dt-exports/breast-cancer/attempts/409704764/d-{}-{}-{}-orig-no-opt.{}'}}"
d,decision-no-opts,409704764,0.1,56,0.0,0.0935672514619883,0:00:00.074562,"{'training-options': {'y-key': 'diagnosis-prime', 'exclude-keys': ['diagnosis', 'diagnosis-prime'], 'image-name': 'dt-exports/breast-cancer/attempts/409704764/d-{}-{}-{}-orig-no-opt.{}'}}"
d,decision-no-opts,409704764,0.05,28,0.0,0.1515711645101664,0:00:00.076502,"{'training-options': {'y-key': 'diagnosis-prime', 'exclude-keys': ['diagnosis', 'diagnosis-prime'], 'image-name': 'dt-exports/breast-cancer/attempts/409704764/d-{}-{}-{}-orig-no-opt.{}'}}"
d,decision-no-opts,503450766,0.95,540,0.0,0.03448275862068961,0:00:00.304215,"{'training-options': {'y-key': 'diagnosis-prime', 'exclude-keys': ['diagnosis', 'diagnosis-prime'], 'image-name': 'dt-exports/breast-cancer/attempts/503450766/d-{}-{}-{}-orig-no-opt.{}'}}"
d,decision-no-opts,503450766,0.9,512,0.0,0.03508771929824561,0:00:00.262467,"{'training-options': {'y-key': 'diagnosis-prime', 'exclude-keys': ['diagnosis', 'diagnosis-prime'], 'image-name': 'dt-exports/breast-cancer/attempts/503450766/d-{}-{}-{}-orig-no-opt.{}'}}"
d,decision-no-opts,503450766,0.85,483,0.0,0.08139534883720934,0:00:00.224904,"{'training-options': {'y-key': 'diagnosis-prime', 'exclude-keys': ['diagnosis', 'diagnosis-prime'], 'image-name': 'dt-exports/breast-cancer/attempts/503450766/d-{}-{}-{}-orig-no-opt.{}'}}"
d,decision-no-opts,503450766,0.8,455,0.0,0.07894736842105265,0:00:00.226554,"{'training-options': {'y-key': 'diagnosis-prime', 'exclude-keys': ['diagnosis', 'diagnosis-prime'], 'image-name': 'dt-exports/breast-cancer/attempts/503450766/d-{}-{}-{}-orig-no-opt.{}'}}"
d,decision-no-opts,503450766,0.75,426,0.0,0.08391608391608396,0:00:00.191474,"{'training-options': {'y-key': 'diagnosis-prime', 'exclude-keys': ['diagnosis', 'diagnosis-prime'], 'image-name': 'dt-exports/breast-cancer/attempts/503450766/d-{}-{}-{}-orig-no-opt.{}'}}"
d,decision-no-opts,503450766,0.7,398,0.0,0.05847953216374269,0:00:00.715127,"{'training-options': {'y-key': 'diagnosis-prime', 'exclude-keys': ['diagnosis', 'diagnosis-prime'], 'image-name': 'dt-exports/breast-cancer/attempts/503450766/d-{}-{}-{}-orig-no-opt.{}'}}"
d,decision-no-opts,503450766,0.65,369,0.0,0.09999999999999998,0:00:00.217603,"{'training-options': {'y-key': 'diagnosis-prime', 'exclude-keys': ['diagnosis', 'diagnosis-prime'], 'image-name': 'dt-exports/breast-cancer/attempts/503450766/d-{}-{}-{}-orig-no-opt.{}'}}"
d,decision-no-opts,503450766,0.6,341,0.0,0.07456140350877194,0:00:00.179012,"{'training-options': {'y-key': 'diagnosis-prime', 'exclude-keys': ['diagnosis', 'diagnosis-prime'], 'image-name': 'dt-exports/breast-cancer/attempts/503450766/d-{}-{}-{}-orig-no-opt.{}'}}"
d,decision-no-opts,503450766,0.55,312,0.0,0.07003891050583655,0:00:00.184789,"{'training-options': {'y-key': 'diagnosis-prime', 'exclude-keys': ['diagnosis', 'diagnosis-prime'], 'image-name': 'dt-exports/breast-cancer/attempts/503450766/d-{}-{}-{}-orig-no-opt.{}'}}"
d,decision-no-opts,503450766,0.5,284,0.0,0.09122807017543855,0:00:00.571987,"{'training-options': {'y-key': 'diagnosis-prime', 'exclude-keys': ['diagnosis', 'diagnosis-prime'], 'image-name': 'dt-exports/breast-cancer/attempts/503450766/d-{}-{}-{}-orig-no-opt.{}'}}"
d,decision-no-opts,503450766,0.45,256,0.0,0.07667731629392971,0:00:00.148198,"{'training-options': {'y-key': 'diagnosis-prime', 'exclude-keys': ['diagnosis', 'diagnosis-prime'], 'image-name': 'dt-exports/breast-cancer/attempts/503450766/d-{}-{}-{}-orig-no-opt.{}'}}"
d,decision-no-opts,503450766,0.4,227,0.0,0.07017543859649122,0:00:00.194651,"{'training-options': {'y-key': 'diagnosis-prime', 'exclude-keys': ['diagnosis', 'diagnosis-prime'], 'image-name': 'dt-exports/breast-cancer/attempts/503450766/d-{}-{}-{}-orig-no-opt.{}'}}"
d,decision-no-opts,503450766,0.35,199,0.0,0.07027027027027022,0:00:00.135212,"{'training-options': {'y-key': 'diagnosis-prime', 'exclude-keys': ['diagnosis', 'diagnosis-prime'], 'image-name': 'dt-exports/breast-cancer/attempts/503450766/d-{}-{}-{}-orig-no-opt.{}'}}"
d,decision-no-opts,503450766,0.3,170,0.0,0.07268170426065168,0:00:00.109426,"{'training-options': {'y-key': 'diagnosis-prime', 'exclude-keys': ['diagnosis', 'diagnosis-prime'], 'image-name': 'dt-exports/breast-cancer/attempts/503450766/d-{}-{}-{}-orig-no-opt.{}'}}"
d,decision-no-opts,503450766,0.25,142,0.0,0.09133489461358313,0:00:00.100201,"{'training-options': {'y-key': 'diagnosis-prime', 'exclude-keys': ['diagnosis', 'diagnosis-prime'], 'image-name': 'dt-exports/breast-cancer/attempts/503450766/d-{}-{}-{}-orig-no-opt.{}'}}"
d,decision-no-opts,503450766,0.2,113,0.0,0.10307017543859653,0:00:00.105071,"{'training-options': {'y-key': 'diagnosis-prime', 'exclude-keys': ['diagnosis', 'diagnosis-prime'], 'image-name': 'dt-exports/breast-cancer/attempts/503450766/d-{}-{}-{}-orig-no-opt.{}'}}"
d,decision-no-opts,503450766,0.15,85,0.0,0.1074380165289256,0:00:00.092280,"{'training-options': {'y-key': 'diagnosis-prime', 'exclude-keys': ['diagnosis', 'diagnosis-prime'], 'image-name': 'dt-exports/breast-cancer/attempts/503450766/d-{}-{}-{}-orig-no-opt.{}'}}"
d,decision-no-opts,503450766,0.1,56,0.0,0.10916179337231968,0:00:00.090354,"{'training-options': {'y-key': 'diagnosis-prime', 'exclude-keys': ['diagnosis', 'diagnosis-prime'], 'image-name': 'dt-exports/breast-cancer/attempts/503450766/d-{}-{}-{}-orig-no-opt.{}'}}"
d,decision-no-opts,503450766,0.05,28,0.0,0.09611829944547134,0:00:00.090735,"{'training-options': {'y-key': 'diagnosis-prime', 'exclude-keys': ['diagnosis', 'diagnosis-prime'], 'image-name': 'dt-exports/breast-cancer/attempts/503450766/d-{}-{}-{}-orig-no-opt.{}'}}"
d,decision-no-opts,156843743,0.95,540,0.0,0.13793103448275867,0:00:00.280727,"{'training-options': {'y-key': 'diagnosis-prime', 'exclude-keys': ['diagnosis', 'diagnosis-prime'], 'image-name': 'dt-exports/breast-cancer/attempts/156843743/d-{}-{}-{}-orig-no-opt.{}'}}"
d,decision-no-opts,156843743,0.9,512,0.0,0.08771929824561409,0:00:00.197991,"{'training-options': {'y-key': 'diagnosis-prime', 'exclude-keys': ['diagnosis', 'diagnosis-prime'], 'image-name': 'dt-exports/breast-cancer/attempts/156843743/d-{}-{}-{}-orig-no-opt.{}'}}"
d,decision-no-opts,156843743,0.85,483,0.0,0.03488372093023251,0:00:00.179518,"{'training-options': {'y-key': 'diagnosis-prime', 'exclude-keys': ['diagnosis', 'diagnosis-prime'], 'image-name': 'dt-exports/breast-cancer/attempts/156843743/d-{}-{}-{}-orig-no-opt.{}'}}"
d,decision-no-opts,156843743,0.8,455,0.0,0.08771929824561409,0:00:00.207804,"{'training-options': {'y-key': 'diagnosis-prime', 'exclude-keys': ['diagnosis', 'diagnosis-prime'], 'image-name': 'dt-exports/breast-cancer/attempts/156843743/d-{}-{}-{}-orig-no-opt.{}'}}"
d,decision-no-opts,156843743,0.75,426,0.0,0.08391608391608396,0:00:00.727064,"{'training-options': {'y-key': 'diagnosis-prime', 'exclude-keys': ['diagnosis', 'diagnosis-prime'], 'image-name': 'dt-exports/breast-cancer/attempts/156843743/d-{}-{}-{}-orig-no-opt.{}'}}"
d,decision-no-opts,156843743,0.7,398,0.0,0.07017543859649122,0:00:00.172406,"{'training-options': {'y-key': 'diagnosis-prime', 'exclude-keys': ['diagnosis', 'diagnosis-prime'], 'image-name': 'dt-exports/breast-cancer/attempts/156843743/d-{}-{}-{}-orig-no-opt.{}'}}"
d,decision-no-opts,156843743,0.65,369,0.0,0.07999999999999996,0:00:00.173635,"{'training-options': {'y-key': 'diagnosis-prime', 'exclude-keys': ['diagnosis', 'diagnosis-prime'], 'image-name': 'dt-exports/breast-cancer/attempts/156843743/d-{}-{}-{}-orig-no-opt.{}'}}"
d,decision-no-opts,156843743,0.6,341,0.0,0.07456140350877194,0:00:00.172956,"{'training-options': {'y-key': 'diagnosis-prime', 'exclude-keys': ['diagnosis', 'diagnosis-prime'], 'image-name': 'dt-exports/breast-cancer/attempts/156843743/d-{}-{}-{}-orig-no-opt.{}'}}"
d,decision-no-opts,156843743,0.55,312,0.0,0.08171206225680938,0:00:00.584373,"{'training-options': {'y-key': 'diagnosis-prime', 'exclude-keys': ['diagnosis', 'diagnosis-prime'], 'image-name': 'dt-exports/breast-cancer/attempts/156843743/d-{}-{}-{}-orig-no-opt.{}'}}"
d,decision-no-opts,156843743,0.5,284,0.0,0.08421052631578951,0:00:00.162595,"{'training-options': {'y-key': 'diagnosis-prime', 'exclude-keys': ['diagnosis', 'diagnosis-prime'], 'image-name': 'dt-exports/breast-cancer/attempts/156843743/d-{}-{}-{}-orig-no-opt.{}'}}"
d,decision-no-opts,156843743,0.45,256,0.0,0.09265175718849838,0:00:00.165061,"{'training-options': {'y-key': 'diagnosis-prime', 'exclude-keys': ['diagnosis', 'diagnosis-prime'], 'image-name': 'dt-exports/breast-cancer/attempts/156843743/d-{}-{}-{}-orig-no-opt.{}'}}"
d,decision-no-opts,156843743,0.4,227,0.0,0.08771929824561409,0:00:00.146324,"{'training-options': {'y-key': 'diagnosis-prime', 'exclude-keys': ['diagnosis', 'diagnosis-prime'], 'image-name': 'dt-exports/breast-cancer/attempts/156843743/d-{}-{}-{}-orig-no-opt.{}'}}"
d,decision-no-opts,156843743,0.35,199,0.0,0.07837837837837835,0:00:00.137221,"{'training-options': {'y-key': 'diagnosis-prime', 'exclude-keys': ['diagnosis', 'diagnosis-prime'], 'image-name': 'dt-exports/breast-cancer/attempts/156843743/d-{}-{}-{}-orig-no-opt.{}'}}"
d,decision-no-opts,156843743,0.3,170,0.0,0.1127819548872181,0:00:00.109872,"{'training-options': {'y-key': 'diagnosis-prime', 'exclude-keys': ['diagnosis', 'diagnosis-prime'], 'image-name': 'dt-exports/breast-cancer/attempts/156843743/d-{}-{}-{}-orig-no-opt.{}'}}"
d,decision-no-opts,156843743,0.25,142,0.0,0.10772833723653397,0:00:00.103606,"{'training-options': {'y-key': 'diagnosis-prime', 'exclude-keys': ['diagnosis', 'diagnosis-prime'], 'image-name': 'dt-exports/breast-cancer/attempts/156843743/d-{}-{}-{}-orig-no-opt.{}'}}"
d,decision-no-opts,156843743,0.2,113,0.0,0.08333333333333337,0:00:00.103155,"{'training-options': {'y-key': 'diagnosis-prime', 'exclude-keys': ['diagnosis', 'diagnosis-prime'], 'image-name': 'dt-exports/breast-cancer/attempts/156843743/d-{}-{}-{}-orig-no-opt.{}'}}"
d,decision-no-opts,156843743,0.15,85,0.0,0.08884297520661155,0:00:00.096753,"{'training-options': {'y-key': 'diagnosis-prime', 'exclude-keys': ['diagnosis', 'diagnosis-prime'], 'image-name': 'dt-exports/breast-cancer/attempts/156843743/d-{}-{}-{}-orig-no-opt.{}'}}"
d,decision-no-opts,156843743,0.1,56,0.0,0.09551656920077978,0:00:00.082214,"{'training-options': {'y-key': 'diagnosis-prime', 'exclude-keys': ['diagnosis', 'diagnosis-prime'], 'image-name': 'dt-exports/breast-cancer/attempts/156843743/d-{}-{}-{}-orig-no-opt.{}'}}"
d,decision-no-opts,156843743,0.05,28,0.0,0.14232902033271722,0:00:00.085179,"{'training-options': {'y-key': 'diagnosis-prime', 'exclude-keys': ['diagnosis', 'diagnosis-prime'], 'image-name': 'dt-exports/breast-cancer/attempts/156843743/d-{}-{}-{}-orig-no-opt.{}'}}"
d,decision-no-opts,4019958145,0.95,540,0.0,0.06896551724137934,0:00:00.301722,"{'training-options': {'y-key': 'diagnosis-prime', 'exclude-keys': ['diagnosis', 'diagnosis-prime'], 'image-name': 'dt-exports/breast-cancer/attempts/4019958145/d-{}-{}-{}-orig-no-opt.{}'}}"
d,decision-no-opts,4019958145,0.9,512,0.0,0.07017543859649122,0:00:00.217926,"{'training-options': {'y-key': 'diagnosis-prime', 'exclude-keys': ['diagnosis', 'diagnosis-prime'], 'image-name': 'dt-exports/breast-cancer/attempts/4019958145/d-{}-{}-{}-orig-no-opt.{}'}}"
d,decision-no-opts,4019958145,0.85,483,0.0,0.08139534883720934,0:00:00.216294,"{'training-options': {'y-key': 'diagnosis-prime', 'exclude-keys': ['diagnosis', 'diagnosis-prime'], 'image-name': 'dt-exports/breast-cancer/attempts/4019958145/d-{}-{}-{}-orig-no-opt.{}'}}"
d,decision-no-opts,4019958145,0.8,455,0.0,0.0964912280701754,0:00:00.208923,"{'training-options': {'y-key': 'diagnosis-prime', 'exclude-keys': ['diagnosis', 'diagnosis-prime'], 'image-name': 'dt-exports/breast-cancer/attempts/4019958145/d-{}-{}-{}-orig-no-opt.{}'}}"
d,decision-no-opts,4019958145,0.75,426,0.0,0.1048951048951049,0:00:00.187384,"{'training-options': {'y-key': 'diagnosis-prime', 'exclude-keys': ['diagnosis', 'diagnosis-prime'], 'image-name': 'dt-exports/breast-cancer/attempts/4019958145/d-{}-{}-{}-orig-no-opt.{}'}}"
d,decision-no-opts,4019958145,0.7,398,0.0,0.11695906432748537,0:00:00.177131,"{'training-options': {'y-key': 'diagnosis-prime', 'exclude-keys': ['diagnosis', 'diagnosis-prime'], 'image-name': 'dt-exports/breast-cancer/attempts/4019958145/d-{}-{}-{}-orig-no-opt.{}'}}"
d,decision-no-opts,4019958145,0.65,369,0.0,0.11499999999999999,0:00:00.175697,"{'training-options': {'y-key': 'diagnosis-prime', 'exclude-keys': ['diagnosis', 'diagnosis-prime'], 'image-name': 'dt-exports/breast-cancer/attempts/4019958145/d-{}-{}-{}-orig-no-opt.{}'}}"
d,decision-no-opts,4019958145,0.6,341,0.0,0.10087719298245612,0:00:00.159921,"{'training-options': {'y-key': 'diagnosis-prime', 'exclude-keys': ['diagnosis', 'diagnosis-prime'], 'image-name': 'dt-exports/breast-cancer/attempts/4019958145/d-{}-{}-{}-orig-no-opt.{}'}}"
d,decision-no-opts,4019958145,0.55,312,0.0,0.08560311284046696,0:00:00.137290,"{'training-options': {'y-key': 'diagnosis-prime', 'exclude-keys': ['diagnosis', 'diagnosis-prime'], 'image-name': 'dt-exports/breast-cancer/attempts/4019958145/d-{}-{}-{}-orig-no-opt.{}'}}"
d,decision-no-opts,4019958145,0.5,284,0.0,0.07719298245614037,0:00:00.135027,"{'training-options': {'y-key': 'diagnosis-prime', 'exclude-keys': ['diagnosis', 'diagnosis-prime'], 'image-name': 'dt-exports/breast-cancer/attempts/4019958145/d-{}-{}-{}-orig-no-opt.{}'}}"
d,decision-no-opts,4019958145,0.45,256,0.0,0.07667731629392971,0:00:00.142509,"{'training-options': {'y-key': 'diagnosis-prime', 'exclude-keys': ['diagnosis', 'diagnosis-prime'], 'image-name': 'dt-exports/breast-cancer/attempts/4019958145/d-{}-{}-{}-orig-no-opt.{}'}}"
d,decision-no-opts,4019958145,0.4,227,0.0,0.08187134502923976,0:00:00.127828,"{'training-options': {'y-key': 'diagnosis-prime', 'exclude-keys': ['diagnosis', 'diagnosis-prime'], 'image-name': 'dt-exports/breast-cancer/attempts/4019958145/d-{}-{}-{}-orig-no-opt.{}'}}"
d,decision-no-opts,4019958145,0.35,199,0.0,0.06756756756756754,0:00:00.112937,"{'training-options': {'y-key': 'diagnosis-prime', 'exclude-keys': ['diagnosis', 'diagnosis-prime'], 'image-name': 'dt-exports/breast-cancer/attempts/4019958145/d-{}-{}-{}-orig-no-opt.{}'}}"
d,decision-no-opts,4019958145,0.3,170,0.0,0.06766917293233088,0:00:00.109792,"{'training-options': {'y-key': 'diagnosis-prime', 'exclude-keys': ['diagnosis', 'diagnosis-prime'], 'image-name': 'dt-exports/breast-cancer/attempts/4019958145/d-{}-{}-{}-orig-no-opt.{}'}}"
d,decision-no-opts,4019958145,0.25,142,0.0,0.08899297423887587,0:00:00.100207,"{'training-options': {'y-key': 'diagnosis-prime', 'exclude-keys': ['diagnosis', 'diagnosis-prime'], 'image-name': 'dt-exports/breast-cancer/attempts/4019958145/d-{}-{}-{}-orig-no-opt.{}'}}"
d,decision-no-opts,4019958145,0.2,113,0.0,0.08114035087719296,0:00:00.096766,"{'training-options': {'y-key': 'diagnosis-prime', 'exclude-keys': ['diagnosis', 'diagnosis-prime'], 'image-name': 'dt-exports/breast-cancer/attempts/4019958145/d-{}-{}-{}-orig-no-opt.{}'}}"
d,decision-no-opts,4019958145,0.15,85,0.0,0.09090909090909094,0:00:00.099965,"{'training-options': {'y-key': 'diagnosis-prime', 'exclude-keys': ['diagnosis', 'diagnosis-prime'], 'image-name': 'dt-exports/breast-cancer/attempts/4019958145/d-{}-{}-{}-orig-no-opt.{}'}}"
d,decision-no-opts,4019958145,0.1,56,0.0,0.09161793372319693,0:00:00.090439,"{'training-options': {'y-key': 'diagnosis-prime', 'exclude-keys': ['diagnosis', 'diagnosis-prime'], 'image-name': 'dt-exports/breast-cancer/attempts/4019958145/d-{}-{}-{}-orig-no-opt.{}'}}"
d,decision-no-opts,4019958145,0.05,28,0.0,0.199630314232902,0:00:00.091005,"{'training-options': {'y-key': 'diagnosis-prime', 'exclude-keys': ['diagnosis', 'diagnosis-prime'], 'image-name': 'dt-exports/breast-cancer/attempts/4019958145/d-{}-{}-{}-orig-no-opt.{}'}}"
d,decision-no-opts,1294301706,0.95,540,0.0,0.13793103448275867,0:00:00.258717,"{'training-options': {'y-key': 'diagnosis-prime', 'exclude-keys': ['diagnosis', 'diagnosis-prime'], 'image-name': 'dt-exports/breast-cancer/attempts/1294301706/d-{}-{}-{}-orig-no-opt.{}'}}"
d,decision-no-opts,1294301706,0.9,512,0.0,0.052631578947368474,0:00:00.206950,"{'training-options': {'y-key': 'diagnosis-prime', 'exclude-keys': ['diagnosis', 'diagnosis-prime'], 'image-name': 'dt-exports/breast-cancer/attempts/1294301706/d-{}-{}-{}-orig-no-opt.{}'}}"
d,decision-no-opts,1294301706,0.85,483,0.0,0.03488372093023251,0:00:00.846739,"{'training-options': {'y-key': 'diagnosis-prime', 'exclude-keys': ['diagnosis', 'diagnosis-prime'], 'image-name': 'dt-exports/breast-cancer/attempts/1294301706/d-{}-{}-{}-orig-no-opt.{}'}}"
d,decision-no-opts,1294301706,0.8,455,0.0,0.07894736842105265,0:00:00.215468,"{'training-options': {'y-key': 'diagnosis-prime', 'exclude-keys': ['diagnosis', 'diagnosis-prime'], 'image-name': 'dt-exports/breast-cancer/attempts/1294301706/d-{}-{}-{}-orig-no-opt.{}'}}"
d,decision-no-opts,1294301706,0.75,426,0.0,0.07692307692307687,0:00:00.185967,"{'training-options': {'y-key': 'diagnosis-prime', 'exclude-keys': ['diagnosis', 'diagnosis-prime'], 'image-name': 'dt-exports/breast-cancer/attempts/1294301706/d-{}-{}-{}-orig-no-opt.{}'}}"
d,decision-no-opts,1294301706,0.7,398,0.0,0.07602339181286555,0:00:00.185784,"{'training-options': {'y-key': 'diagnosis-prime', 'exclude-keys': ['diagnosis', 'diagnosis-prime'], 'image-name': 'dt-exports/breast-cancer/attempts/1294301706/d-{}-{}-{}-orig-no-opt.{}'}}"
d,decision-no-opts,1294301706,0.65,369,0.0,0.08999999999999997,0:00:00.183443,"{'training-options': {'y-key': 'diagnosis-prime', 'exclude-keys': ['diagnosis', 'diagnosis-prime'], 'image-name': 'dt-exports/breast-cancer/attempts/1294301706/d-{}-{}-{}-orig-no-opt.{}'}}"
d,decision-no-opts,1294301706,0.6,341,0.0,0.05701754385964908,0:00:00.138376,"{'training-options': {'y-key': 'diagnosis-prime', 'exclude-keys': ['diagnosis', 'diagnosis-prime'], 'image-name': 'dt-exports/breast-cancer/attempts/1294301706/d-{}-{}-{}-orig-no-opt.{}'}}"
d,decision-no-opts,1294301706,0.55,312,0.0,0.0778210116731517,0:00:00.141301,"{'training-options': {'y-key': 'diagnosis-prime', 'exclude-keys': ['diagnosis', 'diagnosis-prime'], 'image-name': 'dt-exports/breast-cancer/attempts/1294301706/d-{}-{}-{}-orig-no-opt.{}'}}"
d,decision-no-opts,1294301706,0.5,284,0.0,0.07017543859649122,0:00:00.128639,"{'training-options': {'y-key': 'diagnosis-prime', 'exclude-keys': ['diagnosis', 'diagnosis-prime'], 'image-name': 'dt-exports/breast-cancer/attempts/1294301706/d-{}-{}-{}-orig-no-opt.{}'}}"
d,decision-no-opts,1294301706,0.45,256,0.0,0.06709265175718848,0:00:00.126130,"{'training-options': {'y-key': 'diagnosis-prime', 'exclude-keys': ['diagnosis', 'diagnosis-prime'], 'image-name': 'dt-exports/breast-cancer/attempts/1294301706/d-{}-{}-{}-orig-no-opt.{}'}}"
d,decision-no-opts,1294301706,0.4,227,0.0,0.0964912280701754,0:00:00.135635,"{'training-options': {'y-key': 'diagnosis-prime', 'exclude-keys': ['diagnosis', 'diagnosis-prime'], 'image-name': 'dt-exports/breast-cancer/attempts/1294301706/d-{}-{}-{}-orig-no-opt.{}'}}"
d,decision-no-opts,1294301706,0.35,199,0.0,0.08378378378378382,0:00:00.104617,"{'training-options': {'y-key': 'diagnosis-prime', 'exclude-keys': ['diagnosis', 'diagnosis-prime'], 'image-name': 'dt-exports/breast-cancer/attempts/1294301706/d-{}-{}-{}-orig-no-opt.{}'}}"
d,decision-no-opts,1294301706,0.3,170,0.0,0.10526315789473684,0:00:00.119248,"{'training-options': {'y-key': 'diagnosis-prime', 'exclude-keys': ['diagnosis', 'diagnosis-prime'], 'image-name': 'dt-exports/breast-cancer/attempts/1294301706/d-{}-{}-{}-orig-no-opt.{}'}}"
d,decision-no-opts,1294301706,0.25,142,0.0,0.12880562060889933,0:00:00.103921,"{'training-options': {'y-key': 'diagnosis-prime', 'exclude-keys': ['diagnosis', 'diagnosis-prime'], 'image-name': 'dt-exports/breast-cancer/attempts/1294301706/d-{}-{}-{}-orig-no-opt.{}'}}"
d,decision-no-opts,1294301706,0.2,113,0.0,0.10307017543859653,0:00:00.101424,"{'training-options': {'y-key': 'diagnosis-prime', 'exclude-keys': ['diagnosis', 'diagnosis-prime'], 'image-name': 'dt-exports/breast-cancer/attempts/1294301706/d-{}-{}-{}-orig-no-opt.{}'}}"
d,decision-no-opts,1294301706,0.15,85,0.0,0.12809917355371903,0:00:00.091387,"{'training-options': {'y-key': 'diagnosis-prime', 'exclude-keys': ['diagnosis', 'diagnosis-prime'], 'image-name': 'dt-exports/breast-cancer/attempts/1294301706/d-{}-{}-{}-orig-no-opt.{}'}}"
d,decision-no-opts,1294301706,0.1,56,0.0,0.10136452241715399,0:00:00.085750,"{'training-options': {'y-key': 'diagnosis-prime', 'exclude-keys': ['diagnosis', 'diagnosis-prime'], 'image-name': 'dt-exports/breast-cancer/attempts/1294301706/d-{}-{}-{}-orig-no-opt.{}'}}"
d,decision-no-opts,1294301706,0.05,28,0.0,0.09426987060998149,0:00:00.074999,"{'training-options': {'y-key': 'diagnosis-prime', 'exclude-keys': ['diagnosis', 'diagnosis-prime'], 'image-name': 'dt-exports/breast-cancer/attempts/1294301706/d-{}-{}-{}-orig-no-opt.{}'}}"
