d,ada-with-opts,3314952248,0.95,540,0.0,0.0,0:00:00.089223,"{'tree-options': {'n_estimators': 50}, 'training-options': {'y-key': 'diagnosis-prime', 'exclude-keys': ['diagnosis', 'diagnosis-prime', 'diagnosis-prime', 'diagnosis-prime', 'diagnosis-prime'], 'image-name': 'dt-exports/breast-cancer/attempts/3314952248/d-{}-{}-{}-orig-no-opt.{}'}}"
d,ada-with-opts,3314952248,0.9,512,0.0,0.03508771929824561,0:00:00.087153,"{'tree-options': {'n_estimators': 50}, 'training-options': {'y-key': 'diagnosis-prime', 'exclude-keys': ['diagnosis', 'diagnosis-prime', 'diagnosis-prime', 'diagnosis-prime', 'diagnosis-prime'], 'image-name': 'dt-exports/breast-cancer/attempts/3314952248/d-{}-{}-{}-orig-no-opt.{}'}}"
d,ada-with-opts,3314952248,0.85,483,0.0,0.011627906976744207,0:00:00.084723,"{'tree-options': {'n_estimators': 50}, 'training-options': {'y-key': 'diagnosis-prime', 'exclude-keys': ['diagnosis', 'diagnosis-prime', 'diagnosis-prime', 'diagnosis-prime', 'diagnosis-prime'], 'image-name': 'dt-exports/breast-cancer/attempts/3314952248/d-{}-{}-{}-orig-no-opt.{}'}}"
d,ada-with-opts,3314952248,0.8,455,0.0,0.052631578947368474,0:00:00.080776,"{'tree-options': {'n_estimators': 50}, 'training-options': {'y-key': 'diagnosis-prime', 'exclude-keys': ['diagnosis', 'diagnosis-prime', 'diagnosis-prime', 'diagnosis-prime', 'diagnosis-prime'], 'image-name': 'dt-exports/breast-cancer/attempts/3314952248/d-{}-{}-{}-orig-no-opt.{}'}}"
d,ada-with-opts,3314952248,0.75,426,0.0,0.05594405594405594,0:00:00.078714,"{'tree-options': {'n_estimators': 50}, 'training-options': {'y-key': 'diagnosis-prime', 'exclude-keys': ['diagnosis', 'diagnosis-prime', 'diagnosis-prime', 'diagnosis-prime', 'diagnosis-prime'], 'image-name': 'dt-exports/breast-cancer/attempts/3314952248/d-{}-{}-{}-orig-no-opt.{}'}}"
d,ada-with-opts,3314952248,0.7,398,0.0,0.03508771929824561,0:00:00.076242,"{'tree-options': {'n_estimators': 50}, 'training-options': {'y-key': 'diagnosis-prime', 'exclude-keys': ['diagnosis', 'diagnosis-prime', 'diagnosis-prime', 'diagnosis-prime', 'diagnosis-prime'], 'image-name': 'dt-exports/breast-cancer/attempts/3314952248/d-{}-{}-{}-orig-no-opt.{}'}}"
d,ada-with-opts,3314952248,0.65,369,0.0,0.03500000000000003,0:00:00.073286,"{'tree-options': {'n_estimators': 50}, 'training-options': {'y-key': 'diagnosis-prime', 'exclude-keys': ['diagnosis', 'diagnosis-prime', 'diagnosis-prime', 'diagnosis-prime', 'diagnosis-prime'], 'image-name': 'dt-exports/breast-cancer/attempts/3314952248/d-{}-{}-{}-orig-no-opt.{}'}}"
d,ada-with-opts,3314952248,0.6,341,0.0,0.03947368421052633,0:00:00.071452,"{'tree-options': {'n_estimators': 50}, 'training-options': {'y-key': 'diagnosis-prime', 'exclude-keys': ['diagnosis', 'diagnosis-prime', 'diagnosis-prime', 'diagnosis-prime', 'diagnosis-prime'], 'image-name': 'dt-exports/breast-cancer/attempts/3314952248/d-{}-{}-{}-orig-no-opt.{}'}}"
d,ada-with-opts,3314952248,0.55,312,0.0,0.054474708171206254,0:00:00.066764,"{'tree-options': {'n_estimators': 50}, 'training-options': {'y-key': 'diagnosis-prime', 'exclude-keys': ['diagnosis', 'diagnosis-prime', 'diagnosis-prime', 'diagnosis-prime', 'diagnosis-prime'], 'image-name': 'dt-exports/breast-cancer/attempts/3314952248/d-{}-{}-{}-orig-no-opt.{}'}}"
d,ada-with-opts,3314952248,0.5,284,0.0,0.056140350877192935,0:00:00.064816,"{'tree-options': {'n_estimators': 50}, 'training-options': {'y-key': 'diagnosis-prime', 'exclude-keys': ['diagnosis', 'diagnosis-prime', 'diagnosis-prime', 'diagnosis-prime', 'diagnosis-prime'], 'image-name': 'dt-exports/breast-cancer/attempts/3314952248/d-{}-{}-{}-orig-no-opt.{}'}}"
d,ada-with-opts,3314952248,0.45,256,0.0,0.060702875399361034,0:00:00.062570,"{'tree-options': {'n_estimators': 50}, 'training-options': {'y-key': 'diagnosis-prime', 'exclude-keys': ['diagnosis', 'diagnosis-prime', 'diagnosis-prime', 'diagnosis-prime', 'diagnosis-prime'], 'image-name': 'dt-exports/breast-cancer/attempts/3314952248/d-{}-{}-{}-orig-no-opt.{}'}}"
d,ada-with-opts,3314952248,0.4,227,0.0,0.04678362573099415,0:00:00.058976,"{'tree-options': {'n_estimators': 50}, 'training-options': {'y-key': 'diagnosis-prime', 'exclude-keys': ['diagnosis', 'diagnosis-prime', 'diagnosis-prime', 'diagnosis-prime', 'diagnosis-prime'], 'image-name': 'dt-exports/breast-cancer/attempts/3314952248/d-{}-{}-{}-orig-no-opt.{}'}}"
d,ada-with-opts,3314952248,0.35,199,0.0,0.043243243243243246,0:00:00.057191,"{'tree-options': {'n_estimators': 50}, 'training-options': {'y-key': 'diagnosis-prime', 'exclude-keys': ['diagnosis', 'diagnosis-prime', 'diagnosis-prime', 'diagnosis-prime', 'diagnosis-prime'], 'image-name': 'dt-exports/breast-cancer/attempts/3314952248/d-{}-{}-{}-orig-no-opt.{}'}}"
d,ada-with-opts,3314952248,0.3,170,0.0,0.05012531328320802,0:00:00.053601,"{'tree-options': {'n_estimators': 50}, 'training-options': {'y-key': 'diagnosis-prime', 'exclude-keys': ['diagnosis', 'diagnosis-prime', 'diagnosis-prime', 'diagnosis-prime', 'diagnosis-prime'], 'image-name': 'dt-exports/breast-cancer/attempts/3314952248/d-{}-{}-{}-orig-no-opt.{}'}}"
d,ada-with-opts,3314952248,0.25,142,0.0,0.05620608899297419,0:00:00.051244,"{'tree-options': {'n_estimators': 50}, 'training-options': {'y-key': 'diagnosis-prime', 'exclude-keys': ['diagnosis', 'diagnosis-prime', 'diagnosis-prime', 'diagnosis-prime', 'diagnosis-prime'], 'image-name': 'dt-exports/breast-cancer/attempts/3314952248/d-{}-{}-{}-orig-no-opt.{}'}}"
d,ada-with-opts,3314952248,0.2,113,0.0,0.08991228070175439,0:00:00.048476,"{'tree-options': {'n_estimators': 50}, 'training-options': {'y-key': 'diagnosis-prime', 'exclude-keys': ['diagnosis', 'diagnosis-prime', 'diagnosis-prime', 'diagnosis-prime', 'diagnosis-prime'], 'image-name': 'dt-exports/breast-cancer/attempts/3314952248/d-{}-{}-{}-orig-no-opt.{}'}}"
d,ada-with-opts,3314952248,0.15,85,0.0,0.08057851239669422,0:00:00.045957,"{'tree-options': {'n_estimators': 50}, 'training-options': {'y-key': 'diagnosis-prime', 'exclude-keys': ['diagnosis', 'diagnosis-prime', 'diagnosis-prime', 'diagnosis-prime', 'diagnosis-prime'], 'image-name': 'dt-exports/breast-cancer/attempts/3314952248/d-{}-{}-{}-orig-no-opt.{}'}}"
d,ada-with-opts,3314952248,0.1,56,0.0,0.06432748538011701,0:00:00.042632,"{'tree-options': {'n_estimators': 50}, 'training-options': {'y-key': 'diagnosis-prime', 'exclude-keys': ['diagnosis', 'diagnosis-prime', 'diagnosis-prime', 'diagnosis-prime', 'diagnosis-prime'], 'image-name': 'dt-exports/breast-cancer/attempts/3314952248/d-{}-{}-{}-orig-no-opt.{}'}}"
d,ada-with-opts,3314952248,0.05,28,0.0,0.09242144177449163,0:00:00.007676,"{'tree-options': {'n_estimators': 50}, 'training-options': {'y-key': 'diagnosis-prime', 'exclude-keys': ['diagnosis', 'diagnosis-prime', 'diagnosis-prime', 'diagnosis-prime', 'diagnosis-prime'], 'image-name': 'dt-exports/breast-cancer/attempts/3314952248/d-{}-{}-{}-orig-no-opt.{}'}}"
d,ada-with-opts,4007862753,0.95,540,0.0,0.0,0:00:00.090222,"{'tree-options': {'n_estimators': 50}, 'training-options': {'y-key': 'diagnosis-prime', 'exclude-keys': ['diagnosis', 'diagnosis-prime', 'diagnosis-prime', 'diagnosis-prime', 'diagnosis-prime'], 'image-name': 'dt-exports/breast-cancer/attempts/4007862753/d-{}-{}-{}-orig-no-opt.{}'}}"
d,ada-with-opts,4007862753,0.9,512,0.0,0.07017543859649122,0:00:00.086691,"{'tree-options': {'n_estimators': 50}, 'training-options': {'y-key': 'diagnosis-prime', 'exclude-keys': ['diagnosis', 'diagnosis-prime', 'diagnosis-prime', 'diagnosis-prime', 'diagnosis-prime'], 'image-name': 'dt-exports/breast-cancer/attempts/4007862753/d-{}-{}-{}-orig-no-opt.{}'}}"
d,ada-with-opts,4007862753,0.85,483,0.0,0.06976744186046513,0:00:00.084414,"{'tree-options': {'n_estimators': 50}, 'training-options': {'y-key': 'diagnosis-prime', 'exclude-keys': ['diagnosis', 'diagnosis-prime', 'diagnosis-prime', 'diagnosis-prime', 'diagnosis-prime'], 'image-name': 'dt-exports/breast-cancer/attempts/4007862753/d-{}-{}-{}-orig-no-opt.{}'}}"
d,ada-with-opts,4007862753,0.8,455,0.0,0.06140350877192979,0:00:00.080564,"{'tree-options': {'n_estimators': 50}, 'training-options': {'y-key': 'diagnosis-prime', 'exclude-keys': ['diagnosis', 'diagnosis-prime', 'diagnosis-prime', 'diagnosis-prime', 'diagnosis-prime'], 'image-name': 'dt-exports/breast-cancer/attempts/4007862753/d-{}-{}-{}-orig-no-opt.{}'}}"
d,ada-with-opts,4007862753,0.75,426,0.0,0.034965034965035,0:00:00.077831,"{'tree-options': {'n_estimators': 50}, 'training-options': {'y-key': 'diagnosis-prime', 'exclude-keys': ['diagnosis', 'diagnosis-prime', 'diagnosis-prime', 'diagnosis-prime', 'diagnosis-prime'], 'image-name': 'dt-exports/breast-cancer/attempts/4007862753/d-{}-{}-{}-orig-no-opt.{}'}}"
d,ada-with-opts,4007862753,0.7,398,0.0,0.03508771929824561,0:00:00.075785,"{'tree-options': {'n_estimators': 50}, 'training-options': {'y-key': 'diagnosis-prime', 'exclude-keys': ['diagnosis', 'diagnosis-prime', 'diagnosis-prime', 'diagnosis-prime', 'diagnosis-prime'], 'image-name': 'dt-exports/breast-cancer/attempts/4007862753/d-{}-{}-{}-orig-no-opt.{}'}}"
d,ada-with-opts,4007862753,0.65,369,0.0,0.050000000000000044,0:00:00.072958,"{'tree-options': {'n_estimators': 50}, 'training-options': {'y-key': 'diagnosis-prime', 'exclude-keys': ['diagnosis', 'diagnosis-prime', 'diagnosis-prime', 'diagnosis-prime', 'diagnosis-prime'], 'image-name': 'dt-exports/breast-cancer/attempts/4007862753/d-{}-{}-{}-orig-no-opt.{}'}}"
d,ada-with-opts,4007862753,0.6,341,0.0,0.05701754385964908,0:00:00.069775,"{'tree-options': {'n_estimators': 50}, 'training-options': {'y-key': 'diagnosis-prime', 'exclude-keys': ['diagnosis', 'diagnosis-prime', 'diagnosis-prime', 'diagnosis-prime', 'diagnosis-prime'], 'image-name': 'dt-exports/breast-cancer/attempts/4007862753/d-{}-{}-{}-orig-no-opt.{}'}}"
d,ada-with-opts,4007862753,0.55,312,0.0,0.0622568093385214,0:00:00.067378,"{'tree-options': {'n_estimators': 50}, 'training-options': {'y-key': 'diagnosis-prime', 'exclude-keys': ['diagnosis', 'diagnosis-prime', 'diagnosis-prime', 'diagnosis-prime', 'diagnosis-prime'], 'image-name': 'dt-exports/breast-cancer/attempts/4007862753/d-{}-{}-{}-orig-no-opt.{}'}}"
d,ada-with-opts,4007862753,0.5,284,0.0,0.06315789473684208,0:00:00.064696,"{'tree-options': {'n_estimators': 50}, 'training-options': {'y-key': 'diagnosis-prime', 'exclude-keys': ['diagnosis', 'diagnosis-prime', 'diagnosis-prime', 'diagnosis-prime', 'diagnosis-prime'], 'image-name': 'dt-exports/breast-cancer/attempts/4007862753/d-{}-{}-{}-orig-no-opt.{}'}}"
d,ada-with-opts,4007862753,0.45,256,0.0,0.060702875399361034,0:00:00.061799,"{'tree-options': {'n_estimators': 50}, 'training-options': {'y-key': 'diagnosis-prime', 'exclude-keys': ['diagnosis', 'diagnosis-prime', 'diagnosis-prime', 'diagnosis-prime', 'diagnosis-prime'], 'image-name': 'dt-exports/breast-cancer/attempts/4007862753/d-{}-{}-{}-orig-no-opt.{}'}}"
d,ada-with-opts,4007862753,0.4,227,0.0,0.04385964912280704,0:00:00.059842,"{'tree-options': {'n_estimators': 50}, 'training-options': {'y-key': 'diagnosis-prime', 'exclude-keys': ['diagnosis', 'diagnosis-prime', 'diagnosis-prime', 'diagnosis-prime', 'diagnosis-prime'], 'image-name': 'dt-exports/breast-cancer/attempts/4007862753/d-{}-{}-{}-orig-no-opt.{}'}}"
d,ada-with-opts,4007862753,0.35,199,0.0,0.032432432432432434,0:00:00.056179,"{'tree-options': {'n_estimators': 50}, 'training-options': {'y-key': 'diagnosis-prime', 'exclude-keys': ['diagnosis', 'diagnosis-prime', 'diagnosis-prime', 'diagnosis-prime', 'diagnosis-prime'], 'image-name': 'dt-exports/breast-cancer/attempts/4007862753/d-{}-{}-{}-orig-no-opt.{}'}}"
d,ada-with-opts,4007862753,0.3,170,0.0,0.04761904761904767,0:00:00.054611,"{'tree-options': {'n_estimators': 50}, 'training-options': {'y-key': 'diagnosis-prime', 'exclude-keys': ['diagnosis', 'diagnosis-prime', 'diagnosis-prime', 'diagnosis-prime', 'diagnosis-prime'], 'image-name': 'dt-exports/breast-cancer/attempts/4007862753/d-{}-{}-{}-orig-no-opt.{}'}}"
d,ada-with-opts,4007862753,0.25,142,0.0,0.03512880562060894,0:00:00.051215,"{'tree-options': {'n_estimators': 50}, 'training-options': {'y-key': 'diagnosis-prime', 'exclude-keys': ['diagnosis', 'diagnosis-prime', 'diagnosis-prime', 'diagnosis-prime', 'diagnosis-prime'], 'image-name': 'dt-exports/breast-cancer/attempts/4007862753/d-{}-{}-{}-orig-no-opt.{}'}}"
d,ada-with-opts,4007862753,0.2,113,0.0,0.04166666666666663,0:00:00.048373,"{'tree-options': {'n_estimators': 50}, 'training-options': {'y-key': 'diagnosis-prime', 'exclude-keys': ['diagnosis', 'diagnosis-prime', 'diagnosis-prime', 'diagnosis-prime', 'diagnosis-prime'], 'image-name': 'dt-exports/breast-cancer/attempts/4007862753/d-{}-{}-{}-orig-no-opt.{}'}}"
d,ada-with-opts,4007862753,0.15,85,0.0,0.05578512396694213,0:00:00.045375,"{'tree-options': {'n_estimators': 50}, 'training-options': {'y-key': 'diagnosis-prime', 'exclude-keys': ['diagnosis', 'diagnosis-prime', 'diagnosis-prime', 'diagnosis-prime', 'diagnosis-prime'], 'image-name': 'dt-exports/breast-cancer/attempts/4007862753/d-{}-{}-{}-orig-no-opt.{}'}}"
d,ada-with-opts,4007862753,0.1,56,0.0,0.052631578947368474,0:00:00.043555,"{'tree-options': {'n_estimators': 50}, 'training-options': {'y-key': 'diagnosis-prime', 'exclude-keys': ['diagnosis', 'diagnosis-prime', 'diagnosis-prime', 'diagnosis-prime', 'diagnosis-prime'], 'image-name': 'dt-exports/breast-cancer/attempts/4007862753/d-{}-{}-{}-orig-no-opt.{}'}}"
d,ada-with-opts,4007862753,0.05,28,0.0,0.08872458410351203,0:00:00.040452,"{'tree-options': {'n_estimators': 50}, 'training-options': {'y-key': 'diagnosis-prime', 'exclude-keys': ['diagnosis', 'diagnosis-prime', 'diagnosis-prime', 'diagnosis-prime', 'diagnosis-prime'], 'image-name': 'dt-exports/breast-cancer/attempts/4007862753/d-{}-{}-{}-orig-no-opt.{}'}}"
d,ada-with-opts,743167336,0.95,540,0.0,0.06896551724137934,0:00:00.090446,"{'tree-options': {'n_estimators': 50}, 'training-options': {'y-key': 'diagnosis-prime', 'exclude-keys': ['diagnosis', 'diagnosis-prime', 'diagnosis-prime', 'diagnosis-prime', 'diagnosis-prime'], 'image-name': 'dt-exports/breast-cancer/attempts/743167336/d-{}-{}-{}-orig-no-opt.{}'}}"
d,ada-with-opts,743167336,0.9,512,0.0,0.03508771929824561,0:00:00.086944,"{'tree-options': {'n_estimators': 50}, 'training-options': {'y-key': 'diagnosis-prime', 'exclude-keys': ['diagnosis', 'diagnosis-prime', 'diagnosis-prime', 'diagnosis-prime', 'diagnosis-prime'], 'image-name': 'dt-exports/breast-cancer/attempts/743167336/d-{}-{}-{}-orig-no-opt.{}'}}"
d,ada-with-opts,743167336,0.85,483,0.0,0.05813953488372092,0:00:00.083856,"{'tree-options': {'n_estimators': 50}, 'training-options': {'y-key': 'diagnosis-prime', 'exclude-keys': ['diagnosis', 'diagnosis-prime', 'diagnosis-prime', 'diagnosis-prime', 'diagnosis-prime'], 'image-name': 'dt-exports/breast-cancer/attempts/743167336/d-{}-{}-{}-orig-no-opt.{}'}}"
d,ada-with-opts,743167336,0.8,455,0.0,0.04385964912280704,0:00:00.081266,"{'tree-options': {'n_estimators': 50}, 'training-options': {'y-key': 'diagnosis-prime', 'exclude-keys': ['diagnosis', 'diagnosis-prime', 'diagnosis-prime', 'diagnosis-prime', 'diagnosis-prime'], 'image-name': 'dt-exports/breast-cancer/attempts/743167336/d-{}-{}-{}-orig-no-opt.{}'}}"
d,ada-with-opts,743167336,0.75,426,0.0,0.034965034965035,0:00:00.078755,"{'tree-options': {'n_estimators': 50}, 'training-options': {'y-key': 'diagnosis-prime', 'exclude-keys': ['diagnosis', 'diagnosis-prime', 'diagnosis-prime', 'diagnosis-prime', 'diagnosis-prime'], 'image-name': 'dt-exports/breast-cancer/attempts/743167336/d-{}-{}-{}-orig-no-opt.{}'}}"
d,ada-with-opts,743167336,0.7,398,0.0,0.040935672514619936,0:00:00.075743,"{'tree-options': {'n_estimators': 50}, 'training-options': {'y-key': 'diagnosis-prime', 'exclude-keys': ['diagnosis', 'diagnosis-prime', 'diagnosis-prime', 'diagnosis-prime', 'diagnosis-prime'], 'image-name': 'dt-exports/breast-cancer/attempts/743167336/d-{}-{}-{}-orig-no-opt.{}'}}"
d,ada-with-opts,743167336,0.65,369,0.0,0.050000000000000044,0:00:00.072636,"{'tree-options': {'n_estimators': 50}, 'training-options': {'y-key': 'diagnosis-prime', 'exclude-keys': ['diagnosis', 'diagnosis-prime', 'diagnosis-prime', 'diagnosis-prime', 'diagnosis-prime'], 'image-name': 'dt-exports/breast-cancer/attempts/743167336/d-{}-{}-{}-orig-no-opt.{}'}}"
d,ada-with-opts,743167336,0.6,341,0.0,0.052631578947368474,0:00:00.069917,"{'tree-options': {'n_estimators': 50}, 'training-options': {'y-key': 'diagnosis-prime', 'exclude-keys': ['diagnosis', 'diagnosis-prime', 'diagnosis-prime', 'diagnosis-prime', 'diagnosis-prime'], 'image-name': 'dt-exports/breast-cancer/attempts/743167336/d-{}-{}-{}-orig-no-opt.{}'}}"
d,ada-with-opts,743167336,0.55,312,0.0,0.0311284046692607,0:00:00.069027,"{'tree-options': {'n_estimators': 50}, 'training-options': {'y-key': 'diagnosis-prime', 'exclude-keys': ['diagnosis', 'diagnosis-prime', 'diagnosis-prime', 'diagnosis-prime', 'diagnosis-prime'], 'image-name': 'dt-exports/breast-cancer/attempts/743167336/d-{}-{}-{}-orig-no-opt.{}'}}"
d,ada-with-opts,743167336,0.5,284,0.0,0.04210526315789476,0:00:00.064844,"{'tree-options': {'n_estimators': 50}, 'training-options': {'y-key': 'diagnosis-prime', 'exclude-keys': ['diagnosis', 'diagnosis-prime', 'diagnosis-prime', 'diagnosis-prime', 'diagnosis-prime'], 'image-name': 'dt-exports/breast-cancer/attempts/743167336/d-{}-{}-{}-orig-no-opt.{}'}}"
d,ada-with-opts,743167336,0.45,256,0.0,0.03833865814696491,0:00:00.062205,"{'tree-options': {'n_estimators': 50}, 'training-options': {'y-key': 'diagnosis-prime', 'exclude-keys': ['diagnosis', 'diagnosis-prime', 'diagnosis-prime', 'diagnosis-prime', 'diagnosis-prime'], 'image-name': 'dt-exports/breast-cancer/attempts/743167336/d-{}-{}-{}-orig-no-opt.{}'}}"
d,ada-with-opts,743167336,0.4,227,0.0,0.032163742690058506,0:00:00.060105,"{'tree-options': {'n_estimators': 50}, 'training-options': {'y-key': 'diagnosis-prime', 'exclude-keys': ['diagnosis', 'diagnosis-prime', 'diagnosis-prime', 'diagnosis-prime', 'diagnosis-prime'], 'image-name': 'dt-exports/breast-cancer/attempts/743167336/d-{}-{}-{}-orig-no-opt.{}'}}"
d,ada-with-opts,743167336,0.35,199,0.0,0.05135135135135138,0:00:00.055866,"{'tree-options': {'n_estimators': 50}, 'training-options': {'y-key': 'diagnosis-prime', 'exclude-keys': ['diagnosis', 'diagnosis-prime', 'diagnosis-prime', 'diagnosis-prime', 'diagnosis-prime'], 'image-name': 'dt-exports/breast-cancer/attempts/743167336/d-{}-{}-{}-orig-no-opt.{}'}}"
d,ada-with-opts,743167336,0.3,170,0.0,0.03258145363408527,0:00:00.054213,"{'tree-options': {'n_estimators': 50}, 'training-options': {'y-key': 'diagnosis-prime', 'exclude-keys': ['diagnosis', 'diagnosis-prime', 'diagnosis-prime', 'diagnosis-prime', 'diagnosis-prime'], 'image-name': 'dt-exports/breast-cancer/attempts/743167336/d-{}-{}-{}-orig-no-opt.{}'}}"
d,ada-with-opts,743167336,0.25,142,0.0,0.03981264637002346,0:00:00.051537,"{'tree-options': {'n_estimators': 50}, 'training-options': {'y-key': 'diagnosis-prime', 'exclude-keys': ['diagnosis', 'diagnosis-prime', 'diagnosis-prime', 'diagnosis-prime', 'diagnosis-prime'], 'image-name': 'dt-exports/breast-cancer/attempts/743167336/d-{}-{}-{}-orig-no-opt.{}'}}"
d,ada-with-opts,743167336,0.2,113,0.0,0.054824561403508776,0:00:00.047864,"{'tree-options': {'n_estimators': 50}, 'training-options': {'y-key': 'diagnosis-prime', 'exclude-keys': ['diagnosis', 'diagnosis-prime', 'diagnosis-prime', 'diagnosis-prime', 'diagnosis-prime'], 'image-name': 'dt-exports/breast-cancer/attempts/743167336/d-{}-{}-{}-orig-no-opt.{}'}}"
d,ada-with-opts,743167336,0.15,85,0.0,0.1301652892561983,0:00:00.045967,"{'tree-options': {'n_estimators': 50}, 'training-options': {'y-key': 'diagnosis-prime', 'exclude-keys': ['diagnosis', 'diagnosis-prime', 'diagnosis-prime', 'diagnosis-prime', 'diagnosis-prime'], 'image-name': 'dt-exports/breast-cancer/attempts/743167336/d-{}-{}-{}-orig-no-opt.{}'}}"
d,ada-with-opts,743167336,0.1,56,0.0,0.14035087719298245,0:00:00.043179,"{'tree-options': {'n_estimators': 50}, 'training-options': {'y-key': 'diagnosis-prime', 'exclude-keys': ['diagnosis', 'diagnosis-prime', 'diagnosis-prime', 'diagnosis-prime', 'diagnosis-prime'], 'image-name': 'dt-exports/breast-cancer/attempts/743167336/d-{}-{}-{}-orig-no-opt.{}'}}"
d,ada-with-opts,743167336,0.05,28,0.0,0.1885397412199631,0:00:00.040504,"{'tree-options': {'n_estimators': 50}, 'training-options': {'y-key': 'diagnosis-prime', 'exclude-keys': ['diagnosis', 'diagnosis-prime', 'diagnosis-prime', 'diagnosis-prime', 'diagnosis-prime'], 'image-name': 'dt-exports/breast-cancer/attempts/743167336/d-{}-{}-{}-orig-no-opt.{}'}}"
d,ada-with-opts,2127013315,0.95,540,0.0,0.03448275862068961,0:00:00.090393,"{'tree-options': {'n_estimators': 50}, 'training-options': {'y-key': 'diagnosis-prime', 'exclude-keys': ['diagnosis', 'diagnosis-prime', 'diagnosis-prime', 'diagnosis-prime', 'diagnosis-prime'], 'image-name': 'dt-exports/breast-cancer/attempts/2127013315/d-{}-{}-{}-orig-no-opt.{}'}}"
d,ada-with-opts,2127013315,0.9,512,0.0,0.03508771929824561,0:00:00.087556,"{'tree-options': {'n_estimators': 50}, 'training-options': {'y-key': 'diagnosis-prime', 'exclude-keys': ['diagnosis', 'diagnosis-prime', 'diagnosis-prime', 'diagnosis-prime', 'diagnosis-prime'], 'image-name': 'dt-exports/breast-cancer/attempts/2127013315/d-{}-{}-{}-orig-no-opt.{}'}}"
d,ada-with-opts,2127013315,0.85,483,0.0,0.046511627906976716,0:00:00.083998,"{'tree-options': {'n_estimators': 50}, 'training-options': {'y-key': 'diagnosis-prime', 'exclude-keys': ['diagnosis', 'diagnosis-prime', 'diagnosis-prime', 'diagnosis-prime', 'diagnosis-prime'], 'image-name': 'dt-exports/breast-cancer/attempts/2127013315/d-{}-{}-{}-orig-no-opt.{}'}}"
d,ada-with-opts,2127013315,0.8,455,0.0,0.03508771929824561,0:00:00.081493,"{'tree-options': {'n_estimators': 50}, 'training-options': {'y-key': 'diagnosis-prime', 'exclude-keys': ['diagnosis', 'diagnosis-prime', 'diagnosis-prime', 'diagnosis-prime', 'diagnosis-prime'], 'image-name': 'dt-exports/breast-cancer/attempts/2127013315/d-{}-{}-{}-orig-no-opt.{}'}}"
d,ada-with-opts,2127013315,0.75,426,0.0,0.020979020979020935,0:00:00.078057,"{'tree-options': {'n_estimators': 50}, 'training-options': {'y-key': 'diagnosis-prime', 'exclude-keys': ['diagnosis', 'diagnosis-prime', 'diagnosis-prime', 'diagnosis-prime', 'diagnosis-prime'], 'image-name': 'dt-exports/breast-cancer/attempts/2127013315/d-{}-{}-{}-orig-no-opt.{}'}}"
d,ada-with-opts,2127013315,0.7,398,0.0,0.03508771929824561,0:00:00.076116,"{'tree-options': {'n_estimators': 50}, 'training-options': {'y-key': 'diagnosis-prime', 'exclude-keys': ['diagnosis', 'diagnosis-prime', 'diagnosis-prime', 'diagnosis-prime', 'diagnosis-prime'], 'image-name': 'dt-exports/breast-cancer/attempts/2127013315/d-{}-{}-{}-orig-no-opt.{}'}}"
d,ada-with-opts,2127013315,0.65,369,0.0,0.04500000000000004,0:00:00.072934,"{'tree-options': {'n_estimators': 50}, 'training-options': {'y-key': 'diagnosis-prime', 'exclude-keys': ['diagnosis', 'diagnosis-prime', 'diagnosis-prime', 'diagnosis-prime', 'diagnosis-prime'], 'image-name': 'dt-exports/breast-cancer/attempts/2127013315/d-{}-{}-{}-orig-no-opt.{}'}}"
d,ada-with-opts,2127013315,0.6,341,0.0,0.04824561403508776,0:00:00.070542,"{'tree-options': {'n_estimators': 50}, 'training-options': {'y-key': 'diagnosis-prime', 'exclude-keys': ['diagnosis', 'diagnosis-prime', 'diagnosis-prime', 'diagnosis-prime', 'diagnosis-prime'], 'image-name': 'dt-exports/breast-cancer/attempts/2127013315/d-{}-{}-{}-orig-no-opt.{}'}}"
d,ada-with-opts,2127013315,0.55,312,0.0,0.046692607003890996,0:00:00.066765,"{'tree-options': {'n_estimators': 50}, 'training-options': {'y-key': 'diagnosis-prime', 'exclude-keys': ['diagnosis', 'diagnosis-prime', 'diagnosis-prime', 'diagnosis-prime', 'diagnosis-prime'], 'image-name': 'dt-exports/breast-cancer/attempts/2127013315/d-{}-{}-{}-orig-no-opt.{}'}}"
d,ada-with-opts,2127013315,0.5,284,0.0,0.052631578947368474,0:00:00.065116,"{'tree-options': {'n_estimators': 50}, 'training-options': {'y-key': 'diagnosis-prime', 'exclude-keys': ['diagnosis', 'diagnosis-prime', 'diagnosis-prime', 'diagnosis-prime', 'diagnosis-prime'], 'image-name': 'dt-exports/breast-cancer/attempts/2127013315/d-{}-{}-{}-orig-no-opt.{}'}}"
d,ada-with-opts,2127013315,0.45,256,0.0,0.03833865814696491,0:00:00.062345,"{'tree-options': {'n_estimators': 50}, 'training-options': {'y-key': 'diagnosis-prime', 'exclude-keys': ['diagnosis', 'diagnosis-prime', 'diagnosis-prime', 'diagnosis-prime', 'diagnosis-prime'], 'image-name': 'dt-exports/breast-cancer/attempts/2127013315/d-{}-{}-{}-orig-no-opt.{}'}}"
d,ada-with-opts,2127013315,0.4,227,0.0,0.04678362573099415,0:00:00.058823,"{'tree-options': {'n_estimators': 50}, 'training-options': {'y-key': 'diagnosis-prime', 'exclude-keys': ['diagnosis', 'diagnosis-prime', 'diagnosis-prime', 'diagnosis-prime', 'diagnosis-prime'], 'image-name': 'dt-exports/breast-cancer/attempts/2127013315/d-{}-{}-{}-orig-no-opt.{}'}}"
d,ada-with-opts,2127013315,0.35,199,0.0,0.043243243243243246,0:00:00.056299,"{'tree-options': {'n_estimators': 50}, 'training-options': {'y-key': 'diagnosis-prime', 'exclude-keys': ['diagnosis', 'diagnosis-prime', 'diagnosis-prime', 'diagnosis-prime', 'diagnosis-prime'], 'image-name': 'dt-exports/breast-cancer/attempts/2127013315/d-{}-{}-{}-orig-no-opt.{}'}}"
d,ada-with-opts,2127013315,0.3,170,0.0,0.05513784461152882,0:00:00.054187,"{'tree-options': {'n_estimators': 50}, 'training-options': {'y-key': 'diagnosis-prime', 'exclude-keys': ['diagnosis', 'diagnosis-prime', 'diagnosis-prime', 'diagnosis-prime', 'diagnosis-prime'], 'image-name': 'dt-exports/breast-cancer/attempts/2127013315/d-{}-{}-{}-orig-no-opt.{}'}}"
d,ada-with-opts,2127013315,0.25,142,0.0,0.04683840749414525,0:00:00.050446,"{'tree-options': {'n_estimators': 50}, 'training-options': {'y-key': 'diagnosis-prime', 'exclude-keys': ['diagnosis', 'diagnosis-prime', 'diagnosis-prime', 'diagnosis-prime', 'diagnosis-prime'], 'image-name': 'dt-exports/breast-cancer/attempts/2127013315/d-{}-{}-{}-orig-no-opt.{}'}}"
d,ada-with-opts,2127013315,0.2,113,0.0,0.07456140350877194,0:00:00.048499,"{'tree-options': {'n_estimators': 50}, 'training-options': {'y-key': 'diagnosis-prime', 'exclude-keys': ['diagnosis', 'diagnosis-prime', 'diagnosis-prime', 'diagnosis-prime', 'diagnosis-prime'], 'image-name': 'dt-exports/breast-cancer/attempts/2127013315/d-{}-{}-{}-orig-no-opt.{}'}}"
d,ada-with-opts,2127013315,0.15,85,0.0,0.051652892561983466,0:00:00.046104,"{'tree-options': {'n_estimators': 50}, 'training-options': {'y-key': 'diagnosis-prime', 'exclude-keys': ['diagnosis', 'diagnosis-prime', 'diagnosis-prime', 'diagnosis-prime', 'diagnosis-prime'], 'image-name': 'dt-exports/breast-cancer/attempts/2127013315/d-{}-{}-{}-orig-no-opt.{}'}}"
d,ada-with-opts,2127013315,0.1,56,0.0,0.04483430799220278,0:00:00.042859,"{'tree-options': {'n_estimators': 50}, 'training-options': {'y-key': 'diagnosis-prime', 'exclude-keys': ['diagnosis', 'diagnosis-prime', 'diagnosis-prime', 'diagnosis-prime', 'diagnosis-prime'], 'image-name': 'dt-exports/breast-cancer/attempts/2127013315/d-{}-{}-{}-orig-no-opt.{}'}}"
d,ada-with-opts,2127013315,0.05,28,0.0,0.08872458410351203,0:00:00.040786,"{'tree-options': {'n_estimators': 50}, 'training-options': {'y-key': 'diagnosis-prime', 'exclude-keys': ['diagnosis', 'diagnosis-prime', 'diagnosis-prime', 'diagnosis-prime', 'diagnosis-prime'], 'image-name': 'dt-exports/breast-cancer/attempts/2127013315/d-{}-{}-{}-orig-no-opt.{}'}}"
d,ada-with-opts,3689497746,0.95,540,0.0,0.03448275862068961,0:00:00.090884,"{'tree-options': {'n_estimators': 50}, 'training-options': {'y-key': 'diagnosis-prime', 'exclude-keys': ['diagnosis', 'diagnosis-prime', 'diagnosis-prime', 'diagnosis-prime', 'diagnosis-prime'], 'image-name': 'dt-exports/breast-cancer/attempts/3689497746/d-{}-{}-{}-orig-no-opt.{}'}}"
d,ada-with-opts,3689497746,0.9,512,0.0,0.03508771929824561,0:00:00.086878,"{'tree-options': {'n_estimators': 50}, 'training-options': {'y-key': 'diagnosis-prime', 'exclude-keys': ['diagnosis', 'diagnosis-prime', 'diagnosis-prime', 'diagnosis-prime', 'diagnosis-prime'], 'image-name': 'dt-exports/breast-cancer/attempts/3689497746/d-{}-{}-{}-orig-no-opt.{}'}}"
d,ada-with-opts,3689497746,0.85,483,0.0,0.023255813953488413,0:00:00.084278,"{'tree-options': {'n_estimators': 50}, 'training-options': {'y-key': 'diagnosis-prime', 'exclude-keys': ['diagnosis', 'diagnosis-prime', 'diagnosis-prime', 'diagnosis-prime', 'diagnosis-prime'], 'image-name': 'dt-exports/breast-cancer/attempts/3689497746/d-{}-{}-{}-orig-no-opt.{}'}}"
d,ada-with-opts,3689497746,0.8,455,0.0,0.01754385964912286,0:00:00.081607,"{'tree-options': {'n_estimators': 50}, 'training-options': {'y-key': 'diagnosis-prime', 'exclude-keys': ['diagnosis', 'diagnosis-prime', 'diagnosis-prime', 'diagnosis-prime', 'diagnosis-prime'], 'image-name': 'dt-exports/breast-cancer/attempts/3689497746/d-{}-{}-{}-orig-no-opt.{}'}}"
d,ada-with-opts,3689497746,0.75,426,0.0,0.034965034965035,0:00:00.078387,"{'tree-options': {'n_estimators': 50}, 'training-options': {'y-key': 'diagnosis-prime', 'exclude-keys': ['diagnosis', 'diagnosis-prime', 'diagnosis-prime', 'diagnosis-prime', 'diagnosis-prime'], 'image-name': 'dt-exports/breast-cancer/attempts/3689497746/d-{}-{}-{}-orig-no-opt.{}'}}"
d,ada-with-opts,3689497746,0.7,398,0.0,0.023391812865497075,0:00:00.075989,"{'tree-options': {'n_estimators': 50}, 'training-options': {'y-key': 'diagnosis-prime', 'exclude-keys': ['diagnosis', 'diagnosis-prime', 'diagnosis-prime', 'diagnosis-prime', 'diagnosis-prime'], 'image-name': 'dt-exports/breast-cancer/attempts/3689497746/d-{}-{}-{}-orig-no-opt.{}'}}"
d,ada-with-opts,3689497746,0.65,369,0.0,0.030000000000000027,0:00:00.073101,"{'tree-options': {'n_estimators': 50}, 'training-options': {'y-key': 'diagnosis-prime', 'exclude-keys': ['diagnosis', 'diagnosis-prime', 'diagnosis-prime', 'diagnosis-prime', 'diagnosis-prime'], 'image-name': 'dt-exports/breast-cancer/attempts/3689497746/d-{}-{}-{}-orig-no-opt.{}'}}"
d,ada-with-opts,3689497746,0.6,341,0.0,0.03947368421052633,0:00:00.069784,"{'tree-options': {'n_estimators': 50}, 'training-options': {'y-key': 'diagnosis-prime', 'exclude-keys': ['diagnosis', 'diagnosis-prime', 'diagnosis-prime', 'diagnosis-prime', 'diagnosis-prime'], 'image-name': 'dt-exports/breast-cancer/attempts/3689497746/d-{}-{}-{}-orig-no-opt.{}'}}"
d,ada-with-opts,3689497746,0.55,312,0.0,0.0311284046692607,0:00:00.067435,"{'tree-options': {'n_estimators': 50}, 'training-options': {'y-key': 'diagnosis-prime', 'exclude-keys': ['diagnosis', 'diagnosis-prime', 'diagnosis-prime', 'diagnosis-prime', 'diagnosis-prime'], 'image-name': 'dt-exports/breast-cancer/attempts/3689497746/d-{}-{}-{}-orig-no-opt.{}'}}"
d,ada-with-opts,3689497746,0.5,284,0.0,0.038596491228070184,0:00:00.064777,"{'tree-options': {'n_estimators': 50}, 'training-options': {'y-key': 'diagnosis-prime', 'exclude-keys': ['diagnosis', 'diagnosis-prime', 'diagnosis-prime', 'diagnosis-prime', 'diagnosis-prime'], 'image-name': 'dt-exports/breast-cancer/attempts/3689497746/d-{}-{}-{}-orig-no-opt.{}'}}"
d,ada-with-opts,3689497746,0.45,256,0.0,0.025559105431309903,0:00:00.062074,"{'tree-options': {'n_estimators': 50}, 'training-options': {'y-key': 'diagnosis-prime', 'exclude-keys': ['diagnosis', 'diagnosis-prime', 'diagnosis-prime', 'diagnosis-prime', 'diagnosis-prime'], 'image-name': 'dt-exports/breast-cancer/attempts/3689497746/d-{}-{}-{}-orig-no-opt.{}'}}"
d,ada-with-opts,3689497746,0.4,227,0.0,0.03508771929824561,0:00:00.059406,"{'tree-options': {'n_estimators': 50}, 'training-options': {'y-key': 'diagnosis-prime', 'exclude-keys': ['diagnosis', 'diagnosis-prime', 'diagnosis-prime', 'diagnosis-prime', 'diagnosis-prime'], 'image-name': 'dt-exports/breast-cancer/attempts/3689497746/d-{}-{}-{}-orig-no-opt.{}'}}"
d,ada-with-opts,3689497746,0.35,199,0.0,0.03513513513513511,0:00:00.056865,"{'tree-options': {'n_estimators': 50}, 'training-options': {'y-key': 'diagnosis-prime', 'exclude-keys': ['diagnosis', 'diagnosis-prime', 'diagnosis-prime', 'diagnosis-prime', 'diagnosis-prime'], 'image-name': 'dt-exports/breast-cancer/attempts/3689497746/d-{}-{}-{}-orig-no-opt.{}'}}"
d,ada-with-opts,3689497746,0.3,170,0.0,0.03759398496240607,0:00:00.053597,"{'tree-options': {'n_estimators': 50}, 'training-options': {'y-key': 'diagnosis-prime', 'exclude-keys': ['diagnosis', 'diagnosis-prime', 'diagnosis-prime', 'diagnosis-prime', 'diagnosis-prime'], 'image-name': 'dt-exports/breast-cancer/attempts/3689497746/d-{}-{}-{}-orig-no-opt.{}'}}"
d,ada-with-opts,3689497746,0.25,142,0.0,0.05854800936768145,0:00:00.051628,"{'tree-options': {'n_estimators': 50}, 'training-options': {'y-key': 'diagnosis-prime', 'exclude-keys': ['diagnosis', 'diagnosis-prime', 'diagnosis-prime', 'diagnosis-prime', 'diagnosis-prime'], 'image-name': 'dt-exports/breast-cancer/attempts/3689497746/d-{}-{}-{}-orig-no-opt.{}'}}"
d,ada-with-opts,3689497746,0.2,113,0.0,0.05701754385964908,0:00:00.049270,"{'tree-options': {'n_estimators': 50}, 'training-options': {'y-key': 'diagnosis-prime', 'exclude-keys': ['diagnosis', 'diagnosis-prime', 'diagnosis-prime', 'diagnosis-prime', 'diagnosis-prime'], 'image-name': 'dt-exports/breast-cancer/attempts/3689497746/d-{}-{}-{}-orig-no-opt.{}'}}"
d,ada-with-opts,3689497746,0.15,85,0.0,0.04958677685950408,0:00:00.045578,"{'tree-options': {'n_estimators': 50}, 'training-options': {'y-key': 'diagnosis-prime', 'exclude-keys': ['diagnosis', 'diagnosis-prime', 'diagnosis-prime', 'diagnosis-prime', 'diagnosis-prime'], 'image-name': 'dt-exports/breast-cancer/attempts/3689497746/d-{}-{}-{}-orig-no-opt.{}'}}"
d,ada-with-opts,3689497746,0.1,56,0.0,0.05847953216374269,0:00:00.043628,"{'tree-options': {'n_estimators': 50}, 'training-options': {'y-key': 'diagnosis-prime', 'exclude-keys': ['diagnosis', 'diagnosis-prime', 'diagnosis-prime', 'diagnosis-prime', 'diagnosis-prime'], 'image-name': 'dt-exports/breast-cancer/attempts/3689497746/d-{}-{}-{}-orig-no-opt.{}'}}"
d,ada-with-opts,3689497746,0.05,28,0.0,0.12939001848428833,0:00:00.007942,"{'tree-options': {'n_estimators': 50}, 'training-options': {'y-key': 'diagnosis-prime', 'exclude-keys': ['diagnosis', 'diagnosis-prime', 'diagnosis-prime', 'diagnosis-prime', 'diagnosis-prime'], 'image-name': 'dt-exports/breast-cancer/attempts/3689497746/d-{}-{}-{}-orig-no-opt.{}'}}"
d,ada-with-opts,409704764,0.95,540,0.0,0.0,0:00:00.090212,"{'tree-options': {'n_estimators': 50}, 'training-options': {'y-key': 'diagnosis-prime', 'exclude-keys': ['diagnosis', 'diagnosis-prime', 'diagnosis-prime', 'diagnosis-prime', 'diagnosis-prime'], 'image-name': 'dt-exports/breast-cancer/attempts/409704764/d-{}-{}-{}-orig-no-opt.{}'}}"
d,ada-with-opts,409704764,0.9,512,0.0,0.03508771929824561,0:00:00.087252,"{'tree-options': {'n_estimators': 50}, 'training-options': {'y-key': 'diagnosis-prime', 'exclude-keys': ['diagnosis', 'diagnosis-prime', 'diagnosis-prime', 'diagnosis-prime', 'diagnosis-prime'], 'image-name': 'dt-exports/breast-cancer/attempts/409704764/d-{}-{}-{}-orig-no-opt.{}'}}"
d,ada-with-opts,409704764,0.85,483,0.0,0.046511627906976716,0:00:00.083465,"{'tree-options': {'n_estimators': 50}, 'training-options': {'y-key': 'diagnosis-prime', 'exclude-keys': ['diagnosis', 'diagnosis-prime', 'diagnosis-prime', 'diagnosis-prime', 'diagnosis-prime'], 'image-name': 'dt-exports/breast-cancer/attempts/409704764/d-{}-{}-{}-orig-no-opt.{}'}}"
d,ada-with-opts,409704764,0.8,455,0.0,0.04385964912280704,0:00:00.082228,"{'tree-options': {'n_estimators': 50}, 'training-options': {'y-key': 'diagnosis-prime', 'exclude-keys': ['diagnosis', 'diagnosis-prime', 'diagnosis-prime', 'diagnosis-prime', 'diagnosis-prime'], 'image-name': 'dt-exports/breast-cancer/attempts/409704764/d-{}-{}-{}-orig-no-opt.{}'}}"
d,ada-with-opts,409704764,0.75,426,0.0,0.04895104895104896,0:00:00.079117,"{'tree-options': {'n_estimators': 50}, 'training-options': {'y-key': 'diagnosis-prime', 'exclude-keys': ['diagnosis', 'diagnosis-prime', 'diagnosis-prime', 'diagnosis-prime', 'diagnosis-prime'], 'image-name': 'dt-exports/breast-cancer/attempts/409704764/d-{}-{}-{}-orig-no-opt.{}'}}"
d,ada-with-opts,409704764,0.7,398,0.0,0.04678362573099415,0:00:00.075672,"{'tree-options': {'n_estimators': 50}, 'training-options': {'y-key': 'diagnosis-prime', 'exclude-keys': ['diagnosis', 'diagnosis-prime', 'diagnosis-prime', 'diagnosis-prime', 'diagnosis-prime'], 'image-name': 'dt-exports/breast-cancer/attempts/409704764/d-{}-{}-{}-orig-no-opt.{}'}}"
d,ada-with-opts,409704764,0.65,369,0.0,0.050000000000000044,0:00:00.073378,"{'tree-options': {'n_estimators': 50}, 'training-options': {'y-key': 'diagnosis-prime', 'exclude-keys': ['diagnosis', 'diagnosis-prime', 'diagnosis-prime', 'diagnosis-prime', 'diagnosis-prime'], 'image-name': 'dt-exports/breast-cancer/attempts/409704764/d-{}-{}-{}-orig-no-opt.{}'}}"
d,ada-with-opts,409704764,0.6,341,0.0,0.06140350877192979,0:00:00.070036,"{'tree-options': {'n_estimators': 50}, 'training-options': {'y-key': 'diagnosis-prime', 'exclude-keys': ['diagnosis', 'diagnosis-prime', 'diagnosis-prime', 'diagnosis-prime', 'diagnosis-prime'], 'image-name': 'dt-exports/breast-cancer/attempts/409704764/d-{}-{}-{}-orig-no-opt.{}'}}"
d,ada-with-opts,409704764,0.55,312,0.0,0.046692607003890996,0:00:00.068427,"{'tree-options': {'n_estimators': 50}, 'training-options': {'y-key': 'diagnosis-prime', 'exclude-keys': ['diagnosis', 'diagnosis-prime', 'diagnosis-prime', 'diagnosis-prime', 'diagnosis-prime'], 'image-name': 'dt-exports/breast-cancer/attempts/409704764/d-{}-{}-{}-orig-no-opt.{}'}}"
d,ada-with-opts,409704764,0.5,284,0.0,0.038596491228070184,0:00:00.065045,"{'tree-options': {'n_estimators': 50}, 'training-options': {'y-key': 'diagnosis-prime', 'exclude-keys': ['diagnosis', 'diagnosis-prime', 'diagnosis-prime', 'diagnosis-prime', 'diagnosis-prime'], 'image-name': 'dt-exports/breast-cancer/attempts/409704764/d-{}-{}-{}-orig-no-opt.{}'}}"
d,ada-with-opts,409704764,0.45,256,0.0,0.07348242811501593,0:00:00.061827,"{'tree-options': {'n_estimators': 50}, 'training-options': {'y-key': 'diagnosis-prime', 'exclude-keys': ['diagnosis', 'diagnosis-prime', 'diagnosis-prime', 'diagnosis-prime', 'diagnosis-prime'], 'image-name': 'dt-exports/breast-cancer/attempts/409704764/d-{}-{}-{}-orig-no-opt.{}'}}"
d,ada-with-opts,409704764,0.4,227,0.0,0.052631578947368474,0:00:00.058543,"{'tree-options': {'n_estimators': 50}, 'training-options': {'y-key': 'diagnosis-prime', 'exclude-keys': ['diagnosis', 'diagnosis-prime', 'diagnosis-prime', 'diagnosis-prime', 'diagnosis-prime'], 'image-name': 'dt-exports/breast-cancer/attempts/409704764/d-{}-{}-{}-orig-no-opt.{}'}}"
d,ada-with-opts,409704764,0.35,199,0.0,0.04594594594594592,0:00:00.056215,"{'tree-options': {'n_estimators': 50}, 'training-options': {'y-key': 'diagnosis-prime', 'exclude-keys': ['diagnosis', 'diagnosis-prime', 'diagnosis-prime', 'diagnosis-prime', 'diagnosis-prime'], 'image-name': 'dt-exports/breast-cancer/attempts/409704764/d-{}-{}-{}-orig-no-opt.{}'}}"
d,ada-with-opts,409704764,0.3,170,0.0,0.06015037593984962,0:00:00.053555,"{'tree-options': {'n_estimators': 50}, 'training-options': {'y-key': 'diagnosis-prime', 'exclude-keys': ['diagnosis', 'diagnosis-prime', 'diagnosis-prime', 'diagnosis-prime', 'diagnosis-prime'], 'image-name': 'dt-exports/breast-cancer/attempts/409704764/d-{}-{}-{}-orig-no-opt.{}'}}"
d,ada-with-opts,409704764,0.25,142,0.0,0.042154566744730726,0:00:00.051632,"{'tree-options': {'n_estimators': 50}, 'training-options': {'y-key': 'diagnosis-prime', 'exclude-keys': ['diagnosis', 'diagnosis-prime', 'diagnosis-prime', 'diagnosis-prime', 'diagnosis-prime'], 'image-name': 'dt-exports/breast-cancer/attempts/409704764/d-{}-{}-{}-orig-no-opt.{}'}}"
d,ada-with-opts,409704764,0.2,113,0.0,0.046052631578947345,0:00:00.047580,"{'tree-options': {'n_estimators': 50}, 'training-options': {'y-key': 'diagnosis-prime', 'exclude-keys': ['diagnosis', 'diagnosis-prime', 'diagnosis-prime', 'diagnosis-prime', 'diagnosis-prime'], 'image-name': 'dt-exports/breast-cancer/attempts/409704764/d-{}-{}-{}-orig-no-opt.{}'}}"
d,ada-with-opts,409704764,0.15,85,0.0,0.1074380165289256,0:00:00.008566,"{'tree-options': {'n_estimators': 50}, 'training-options': {'y-key': 'diagnosis-prime', 'exclude-keys': ['diagnosis', 'diagnosis-prime', 'diagnosis-prime', 'diagnosis-prime', 'diagnosis-prime'], 'image-name': 'dt-exports/breast-cancer/attempts/409704764/d-{}-{}-{}-orig-no-opt.{}'}}"
d,ada-with-opts,409704764,0.1,56,0.0,0.0935672514619883,0:00:00.007972,"{'tree-options': {'n_estimators': 50}, 'training-options': {'y-key': 'diagnosis-prime', 'exclude-keys': ['diagnosis', 'diagnosis-prime', 'diagnosis-prime', 'diagnosis-prime', 'diagnosis-prime'], 'image-name': 'dt-exports/breast-cancer/attempts/409704764/d-{}-{}-{}-orig-no-opt.{}'}}"
d,ada-with-opts,409704764,0.05,28,0.0,0.13123844731977818,0:00:00.007914,"{'tree-options': {'n_estimators': 50}, 'training-options': {'y-key': 'diagnosis-prime', 'exclude-keys': ['diagnosis', 'diagnosis-prime', 'diagnosis-prime', 'diagnosis-prime', 'diagnosis-prime'], 'image-name': 'dt-exports/breast-cancer/attempts/409704764/d-{}-{}-{}-orig-no-opt.{}'}}"
d,ada-with-opts,503450766,0.95,540,0.0,0.03448275862068961,0:00:00.090490,"{'tree-options': {'n_estimators': 50}, 'training-options': {'y-key': 'diagnosis-prime', 'exclude-keys': ['diagnosis', 'diagnosis-prime', 'diagnosis-prime', 'diagnosis-prime', 'diagnosis-prime'], 'image-name': 'dt-exports/breast-cancer/attempts/503450766/d-{}-{}-{}-orig-no-opt.{}'}}"
d,ada-with-opts,503450766,0.9,512,0.0,0.03508771929824561,0:00:00.087762,"{'tree-options': {'n_estimators': 50}, 'training-options': {'y-key': 'diagnosis-prime', 'exclude-keys': ['diagnosis', 'diagnosis-prime', 'diagnosis-prime', 'diagnosis-prime', 'diagnosis-prime'], 'image-name': 'dt-exports/breast-cancer/attempts/503450766/d-{}-{}-{}-orig-no-opt.{}'}}"
d,ada-with-opts,503450766,0.85,483,0.0,0.023255813953488413,0:00:00.084397,"{'tree-options': {'n_estimators': 50}, 'training-options': {'y-key': 'diagnosis-prime', 'exclude-keys': ['diagnosis', 'diagnosis-prime', 'diagnosis-prime', 'diagnosis-prime', 'diagnosis-prime'], 'image-name': 'dt-exports/breast-cancer/attempts/503450766/d-{}-{}-{}-orig-no-opt.{}'}}"
d,ada-with-opts,503450766,0.8,455,0.0,0.01754385964912286,0:00:00.081597,"{'tree-options': {'n_estimators': 50}, 'training-options': {'y-key': 'diagnosis-prime', 'exclude-keys': ['diagnosis', 'diagnosis-prime', 'diagnosis-prime', 'diagnosis-prime', 'diagnosis-prime'], 'image-name': 'dt-exports/breast-cancer/attempts/503450766/d-{}-{}-{}-orig-no-opt.{}'}}"
d,ada-with-opts,503450766,0.75,426,0.0,0.05594405594405594,0:00:00.079983,"{'tree-options': {'n_estimators': 50}, 'training-options': {'y-key': 'diagnosis-prime', 'exclude-keys': ['diagnosis', 'diagnosis-prime', 'diagnosis-prime', 'diagnosis-prime', 'diagnosis-prime'], 'image-name': 'dt-exports/breast-cancer/attempts/503450766/d-{}-{}-{}-orig-no-opt.{}'}}"
d,ada-with-opts,503450766,0.7,398,0.0,0.0292397660818714,0:00:00.075743,"{'tree-options': {'n_estimators': 50}, 'training-options': {'y-key': 'diagnosis-prime', 'exclude-keys': ['diagnosis', 'diagnosis-prime', 'diagnosis-prime', 'diagnosis-prime', 'diagnosis-prime'], 'image-name': 'dt-exports/breast-cancer/attempts/503450766/d-{}-{}-{}-orig-no-opt.{}'}}"
d,ada-with-opts,503450766,0.65,369,0.0,0.03500000000000003,0:00:00.073130,"{'tree-options': {'n_estimators': 50}, 'training-options': {'y-key': 'diagnosis-prime', 'exclude-keys': ['diagnosis', 'diagnosis-prime', 'diagnosis-prime', 'diagnosis-prime', 'diagnosis-prime'], 'image-name': 'dt-exports/breast-cancer/attempts/503450766/d-{}-{}-{}-orig-no-opt.{}'}}"
d,ada-with-opts,503450766,0.6,341,0.0,0.03947368421052633,0:00:00.069852,"{'tree-options': {'n_estimators': 50}, 'training-options': {'y-key': 'diagnosis-prime', 'exclude-keys': ['diagnosis', 'diagnosis-prime', 'diagnosis-prime', 'diagnosis-prime', 'diagnosis-prime'], 'image-name': 'dt-exports/breast-cancer/attempts/503450766/d-{}-{}-{}-orig-no-opt.{}'}}"
d,ada-with-opts,503450766,0.55,312,0.0,0.05058365758754868,0:00:00.067885,"{'tree-options': {'n_estimators': 50}, 'training-options': {'y-key': 'diagnosis-prime', 'exclude-keys': ['diagnosis', 'diagnosis-prime', 'diagnosis-prime', 'diagnosis-prime', 'diagnosis-prime'], 'image-name': 'dt-exports/breast-cancer/attempts/503450766/d-{}-{}-{}-orig-no-opt.{}'}}"
d,ada-with-opts,503450766,0.5,284,0.0,0.04561403508771933,0:00:00.064474,"{'tree-options': {'n_estimators': 50}, 'training-options': {'y-key': 'diagnosis-prime', 'exclude-keys': ['diagnosis', 'diagnosis-prime', 'diagnosis-prime', 'diagnosis-prime', 'diagnosis-prime'], 'image-name': 'dt-exports/breast-cancer/attempts/503450766/d-{}-{}-{}-orig-no-opt.{}'}}"
d,ada-with-opts,503450766,0.45,256,0.0,0.054313099041533586,0:00:00.063556,"{'tree-options': {'n_estimators': 50}, 'training-options': {'y-key': 'diagnosis-prime', 'exclude-keys': ['diagnosis', 'diagnosis-prime', 'diagnosis-prime', 'diagnosis-prime', 'diagnosis-prime'], 'image-name': 'dt-exports/breast-cancer/attempts/503450766/d-{}-{}-{}-orig-no-opt.{}'}}"
d,ada-with-opts,503450766,0.4,227,0.0,0.05847953216374269,0:00:00.059490,"{'tree-options': {'n_estimators': 50}, 'training-options': {'y-key': 'diagnosis-prime', 'exclude-keys': ['diagnosis', 'diagnosis-prime', 'diagnosis-prime', 'diagnosis-prime', 'diagnosis-prime'], 'image-name': 'dt-exports/breast-cancer/attempts/503450766/d-{}-{}-{}-orig-no-opt.{}'}}"
d,ada-with-opts,503450766,0.35,199,0.0,0.048648648648648596,0:00:00.056328,"{'tree-options': {'n_estimators': 50}, 'training-options': {'y-key': 'diagnosis-prime', 'exclude-keys': ['diagnosis', 'diagnosis-prime', 'diagnosis-prime', 'diagnosis-prime', 'diagnosis-prime'], 'image-name': 'dt-exports/breast-cancer/attempts/503450766/d-{}-{}-{}-orig-no-opt.{}'}}"
d,ada-with-opts,503450766,0.3,170,0.0,0.057644110275689275,0:00:00.053194,"{'tree-options': {'n_estimators': 50}, 'training-options': {'y-key': 'diagnosis-prime', 'exclude-keys': ['diagnosis', 'diagnosis-prime', 'diagnosis-prime', 'diagnosis-prime', 'diagnosis-prime'], 'image-name': 'dt-exports/breast-cancer/attempts/503450766/d-{}-{}-{}-orig-no-opt.{}'}}"
d,ada-with-opts,503450766,0.25,142,0.0,0.07259953161592503,0:00:00.051493,"{'tree-options': {'n_estimators': 50}, 'training-options': {'y-key': 'diagnosis-prime', 'exclude-keys': ['diagnosis', 'diagnosis-prime', 'diagnosis-prime', 'diagnosis-prime', 'diagnosis-prime'], 'image-name': 'dt-exports/breast-cancer/attempts/503450766/d-{}-{}-{}-orig-no-opt.{}'}}"
d,ada-with-opts,503450766,0.2,113,0.0,0.06140350877192979,0:00:00.048178,"{'tree-options': {'n_estimators': 50}, 'training-options': {'y-key': 'diagnosis-prime', 'exclude-keys': ['diagnosis', 'diagnosis-prime', 'diagnosis-prime', 'diagnosis-prime', 'diagnosis-prime'], 'image-name': 'dt-exports/breast-cancer/attempts/503450766/d-{}-{}-{}-orig-no-opt.{}'}}"
d,ada-with-opts,503450766,0.15,85,0.0,0.0826446280991735,0:00:00.045694,"{'tree-options': {'n_estimators': 50}, 'training-options': {'y-key': 'diagnosis-prime', 'exclude-keys': ['diagnosis', 'diagnosis-prime', 'diagnosis-prime', 'diagnosis-prime', 'diagnosis-prime'], 'image-name': 'dt-exports/breast-cancer/attempts/503450766/d-{}-{}-{}-orig-no-opt.{}'}}"
d,ada-with-opts,503450766,0.1,56,0.0,0.07017543859649122,0:00:00.043825,"{'tree-options': {'n_estimators': 50}, 'training-options': {'y-key': 'diagnosis-prime', 'exclude-keys': ['diagnosis', 'diagnosis-prime', 'diagnosis-prime', 'diagnosis-prime', 'diagnosis-prime'], 'image-name': 'dt-exports/breast-cancer/attempts/503450766/d-{}-{}-{}-orig-no-opt.{}'}}"
d,ada-with-opts,503450766,0.05,28,0.0,0.0739371534195934,0:00:00.040715,"{'tree-options': {'n_estimators': 50}, 'training-options': {'y-key': 'diagnosis-prime', 'exclude-keys': ['diagnosis', 'diagnosis-prime', 'diagnosis-prime', 'diagnosis-prime', 'diagnosis-prime'], 'image-name': 'dt-exports/breast-cancer/attempts/503450766/d-{}-{}-{}-orig-no-opt.{}'}}"
d,ada-with-opts,156843743,0.95,540,0.0,0.06896551724137934,0:00:00.089848,"{'tree-options': {'n_estimators': 50}, 'training-options': {'y-key': 'diagnosis-prime', 'exclude-keys': ['diagnosis', 'diagnosis-prime', 'diagnosis-prime', 'diagnosis-prime', 'diagnosis-prime'], 'image-name': 'dt-exports/breast-cancer/attempts/156843743/d-{}-{}-{}-orig-no-opt.{}'}}"
d,ada-with-opts,156843743,0.9,512,0.0,0.03508771929824561,0:00:00.086308,"{'tree-options': {'n_estimators': 50}, 'training-options': {'y-key': 'diagnosis-prime', 'exclude-keys': ['diagnosis', 'diagnosis-prime', 'diagnosis-prime', 'diagnosis-prime', 'diagnosis-prime'], 'image-name': 'dt-exports/breast-cancer/attempts/156843743/d-{}-{}-{}-orig-no-opt.{}'}}"
d,ada-with-opts,156843743,0.85,483,0.0,0.03488372093023251,0:00:00.085032,"{'tree-options': {'n_estimators': 50}, 'training-options': {'y-key': 'diagnosis-prime', 'exclude-keys': ['diagnosis', 'diagnosis-prime', 'diagnosis-prime', 'diagnosis-prime', 'diagnosis-prime'], 'image-name': 'dt-exports/breast-cancer/attempts/156843743/d-{}-{}-{}-orig-no-opt.{}'}}"
d,ada-with-opts,156843743,0.8,455,0.0,0.04385964912280704,0:00:00.081717,"{'tree-options': {'n_estimators': 50}, 'training-options': {'y-key': 'diagnosis-prime', 'exclude-keys': ['diagnosis', 'diagnosis-prime', 'diagnosis-prime', 'diagnosis-prime', 'diagnosis-prime'], 'image-name': 'dt-exports/breast-cancer/attempts/156843743/d-{}-{}-{}-orig-no-opt.{}'}}"
d,ada-with-opts,156843743,0.75,426,0.0,0.027972027972028024,0:00:00.078258,"{'tree-options': {'n_estimators': 50}, 'training-options': {'y-key': 'diagnosis-prime', 'exclude-keys': ['diagnosis', 'diagnosis-prime', 'diagnosis-prime', 'diagnosis-prime', 'diagnosis-prime'], 'image-name': 'dt-exports/breast-cancer/attempts/156843743/d-{}-{}-{}-orig-no-opt.{}'}}"
d,ada-with-opts,156843743,0.7,398,0.0,0.023391812865497075,0:00:00.077900,"{'tree-options': {'n_estimators': 50}, 'training-options': {'y-key': 'diagnosis-prime', 'exclude-keys': ['diagnosis', 'diagnosis-prime', 'diagnosis-prime', 'diagnosis-prime', 'diagnosis-prime'], 'image-name': 'dt-exports/breast-cancer/attempts/156843743/d-{}-{}-{}-orig-no-opt.{}'}}"
d,ada-with-opts,156843743,0.65,369,0.0,0.015000000000000013,0:00:00.073397,"{'tree-options': {'n_estimators': 50}, 'training-options': {'y-key': 'diagnosis-prime', 'exclude-keys': ['diagnosis', 'diagnosis-prime', 'diagnosis-prime', 'diagnosis-prime', 'diagnosis-prime'], 'image-name': 'dt-exports/breast-cancer/attempts/156843743/d-{}-{}-{}-orig-no-opt.{}'}}"
d,ada-with-opts,156843743,0.6,341,0.0,0.03947368421052633,0:00:00.069614,"{'tree-options': {'n_estimators': 50}, 'training-options': {'y-key': 'diagnosis-prime', 'exclude-keys': ['diagnosis', 'diagnosis-prime', 'diagnosis-prime', 'diagnosis-prime', 'diagnosis-prime'], 'image-name': 'dt-exports/breast-cancer/attempts/156843743/d-{}-{}-{}-orig-no-opt.{}'}}"
d,ada-with-opts,156843743,0.55,312,0.0,0.0311284046692607,0:00:00.067777,"{'tree-options': {'n_estimators': 50}, 'training-options': {'y-key': 'diagnosis-prime', 'exclude-keys': ['diagnosis', 'diagnosis-prime', 'diagnosis-prime', 'diagnosis-prime', 'diagnosis-prime'], 'image-name': 'dt-exports/breast-cancer/attempts/156843743/d-{}-{}-{}-orig-no-opt.{}'}}"
d,ada-with-opts,156843743,0.5,284,0.0,0.03508771929824561,0:00:00.064693,"{'tree-options': {'n_estimators': 50}, 'training-options': {'y-key': 'diagnosis-prime', 'exclude-keys': ['diagnosis', 'diagnosis-prime', 'diagnosis-prime', 'diagnosis-prime', 'diagnosis-prime'], 'image-name': 'dt-exports/breast-cancer/attempts/156843743/d-{}-{}-{}-orig-no-opt.{}'}}"
d,ada-with-opts,156843743,0.45,256,0.0,0.057507987220447254,0:00:00.062735,"{'tree-options': {'n_estimators': 50}, 'training-options': {'y-key': 'diagnosis-prime', 'exclude-keys': ['diagnosis', 'diagnosis-prime', 'diagnosis-prime', 'diagnosis-prime', 'diagnosis-prime'], 'image-name': 'dt-exports/breast-cancer/attempts/156843743/d-{}-{}-{}-orig-no-opt.{}'}}"
d,ada-with-opts,156843743,0.4,227,0.0,0.040935672514619936,0:00:00.058967,"{'tree-options': {'n_estimators': 50}, 'training-options': {'y-key': 'diagnosis-prime', 'exclude-keys': ['diagnosis', 'diagnosis-prime', 'diagnosis-prime', 'diagnosis-prime', 'diagnosis-prime'], 'image-name': 'dt-exports/breast-cancer/attempts/156843743/d-{}-{}-{}-orig-no-opt.{}'}}"
d,ada-with-opts,156843743,0.35,199,0.0,0.05135135135135138,0:00:00.057873,"{'tree-options': {'n_estimators': 50}, 'training-options': {'y-key': 'diagnosis-prime', 'exclude-keys': ['diagnosis', 'diagnosis-prime', 'diagnosis-prime', 'diagnosis-prime', 'diagnosis-prime'], 'image-name': 'dt-exports/breast-cancer/attempts/156843743/d-{}-{}-{}-orig-no-opt.{}'}}"
d,ada-with-opts,156843743,0.3,170,0.0,0.05012531328320802,0:00:00.053451,"{'tree-options': {'n_estimators': 50}, 'training-options': {'y-key': 'diagnosis-prime', 'exclude-keys': ['diagnosis', 'diagnosis-prime', 'diagnosis-prime', 'diagnosis-prime', 'diagnosis-prime'], 'image-name': 'dt-exports/breast-cancer/attempts/156843743/d-{}-{}-{}-orig-no-opt.{}'}}"
d,ada-with-opts,156843743,0.25,142,0.0,0.05386416861826693,0:00:00.051250,"{'tree-options': {'n_estimators': 50}, 'training-options': {'y-key': 'diagnosis-prime', 'exclude-keys': ['diagnosis', 'diagnosis-prime', 'diagnosis-prime', 'diagnosis-prime', 'diagnosis-prime'], 'image-name': 'dt-exports/breast-cancer/attempts/156843743/d-{}-{}-{}-orig-no-opt.{}'}}"
d,ada-with-opts,156843743,0.2,113,0.0,0.07017543859649122,0:00:00.048073,"{'tree-options': {'n_estimators': 50}, 'training-options': {'y-key': 'diagnosis-prime', 'exclude-keys': ['diagnosis', 'diagnosis-prime', 'diagnosis-prime', 'diagnosis-prime', 'diagnosis-prime'], 'image-name': 'dt-exports/breast-cancer/attempts/156843743/d-{}-{}-{}-orig-no-opt.{}'}}"
d,ada-with-opts,156843743,0.15,85,0.0,0.0475206611570248,0:00:00.046180,"{'tree-options': {'n_estimators': 50}, 'training-options': {'y-key': 'diagnosis-prime', 'exclude-keys': ['diagnosis', 'diagnosis-prime', 'diagnosis-prime', 'diagnosis-prime', 'diagnosis-prime'], 'image-name': 'dt-exports/breast-cancer/attempts/156843743/d-{}-{}-{}-orig-no-opt.{}'}}"
d,ada-with-opts,156843743,0.1,56,0.0,0.08187134502923976,0:00:00.042881,"{'tree-options': {'n_estimators': 50}, 'training-options': {'y-key': 'diagnosis-prime', 'exclude-keys': ['diagnosis', 'diagnosis-prime', 'diagnosis-prime', 'diagnosis-prime', 'diagnosis-prime'], 'image-name': 'dt-exports/breast-cancer/attempts/156843743/d-{}-{}-{}-orig-no-opt.{}'}}"
d,ada-with-opts,156843743,0.05,28,0.0,0.08687615526802217,0:00:00.040043,"{'tree-options': {'n_estimators': 50}, 'training-options': {'y-key': 'diagnosis-prime', 'exclude-keys': ['diagnosis', 'diagnosis-prime', 'diagnosis-prime', 'diagnosis-prime', 'diagnosis-prime'], 'image-name': 'dt-exports/breast-cancer/attempts/156843743/d-{}-{}-{}-orig-no-opt.{}'}}"
d,ada-with-opts,4019958145,0.95,540,0.0,0.06896551724137934,0:00:00.092693,"{'tree-options': {'n_estimators': 50}, 'training-options': {'y-key': 'diagnosis-prime', 'exclude-keys': ['diagnosis', 'diagnosis-prime', 'diagnosis-prime', 'diagnosis-prime', 'diagnosis-prime'], 'image-name': 'dt-exports/breast-cancer/attempts/4019958145/d-{}-{}-{}-orig-no-opt.{}'}}"
d,ada-with-opts,4019958145,0.9,512,0.0,0.03508771929824561,0:00:00.086479,"{'tree-options': {'n_estimators': 50}, 'training-options': {'y-key': 'diagnosis-prime', 'exclude-keys': ['diagnosis', 'diagnosis-prime', 'diagnosis-prime', 'diagnosis-prime', 'diagnosis-prime'], 'image-name': 'dt-exports/breast-cancer/attempts/4019958145/d-{}-{}-{}-orig-no-opt.{}'}}"
d,ada-with-opts,4019958145,0.85,483,0.0,0.06976744186046513,0:00:00.083843,"{'tree-options': {'n_estimators': 50}, 'training-options': {'y-key': 'diagnosis-prime', 'exclude-keys': ['diagnosis', 'diagnosis-prime', 'diagnosis-prime', 'diagnosis-prime', 'diagnosis-prime'], 'image-name': 'dt-exports/breast-cancer/attempts/4019958145/d-{}-{}-{}-orig-no-opt.{}'}}"
d,ada-with-opts,4019958145,0.8,455,0.0,0.06140350877192979,0:00:00.082057,"{'tree-options': {'n_estimators': 50}, 'training-options': {'y-key': 'diagnosis-prime', 'exclude-keys': ['diagnosis', 'diagnosis-prime', 'diagnosis-prime', 'diagnosis-prime', 'diagnosis-prime'], 'image-name': 'dt-exports/breast-cancer/attempts/4019958145/d-{}-{}-{}-orig-no-opt.{}'}}"
d,ada-with-opts,4019958145,0.75,426,0.0,0.05594405594405594,0:00:00.078339,"{'tree-options': {'n_estimators': 50}, 'training-options': {'y-key': 'diagnosis-prime', 'exclude-keys': ['diagnosis', 'diagnosis-prime', 'diagnosis-prime', 'diagnosis-prime', 'diagnosis-prime'], 'image-name': 'dt-exports/breast-cancer/attempts/4019958145/d-{}-{}-{}-orig-no-opt.{}'}}"
d,ada-with-opts,4019958145,0.7,398,0.0,0.07017543859649122,0:00:00.076237,"{'tree-options': {'n_estimators': 50}, 'training-options': {'y-key': 'diagnosis-prime', 'exclude-keys': ['diagnosis', 'diagnosis-prime', 'diagnosis-prime', 'diagnosis-prime', 'diagnosis-prime'], 'image-name': 'dt-exports/breast-cancer/attempts/4019958145/d-{}-{}-{}-orig-no-opt.{}'}}"
d,ada-with-opts,4019958145,0.65,369,0.0,0.06000000000000005,0:00:00.073191,"{'tree-options': {'n_estimators': 50}, 'training-options': {'y-key': 'diagnosis-prime', 'exclude-keys': ['diagnosis', 'diagnosis-prime', 'diagnosis-prime', 'diagnosis-prime', 'diagnosis-prime'], 'image-name': 'dt-exports/breast-cancer/attempts/4019958145/d-{}-{}-{}-orig-no-opt.{}'}}"
d,ada-with-opts,4019958145,0.6,341,0.0,0.05701754385964908,0:00:00.070359,"{'tree-options': {'n_estimators': 50}, 'training-options': {'y-key': 'diagnosis-prime', 'exclude-keys': ['diagnosis', 'diagnosis-prime', 'diagnosis-prime', 'diagnosis-prime', 'diagnosis-prime'], 'image-name': 'dt-exports/breast-cancer/attempts/4019958145/d-{}-{}-{}-orig-no-opt.{}'}}"
d,ada-with-opts,4019958145,0.55,312,0.0,0.05836575875486383,0:00:00.067182,"{'tree-options': {'n_estimators': 50}, 'training-options': {'y-key': 'diagnosis-prime', 'exclude-keys': ['diagnosis', 'diagnosis-prime', 'diagnosis-prime', 'diagnosis-prime', 'diagnosis-prime'], 'image-name': 'dt-exports/breast-cancer/attempts/4019958145/d-{}-{}-{}-orig-no-opt.{}'}}"
d,ada-with-opts,4019958145,0.5,284,0.0,0.052631578947368474,0:00:00.064914,"{'tree-options': {'n_estimators': 50}, 'training-options': {'y-key': 'diagnosis-prime', 'exclude-keys': ['diagnosis', 'diagnosis-prime', 'diagnosis-prime', 'diagnosis-prime', 'diagnosis-prime'], 'image-name': 'dt-exports/breast-cancer/attempts/4019958145/d-{}-{}-{}-orig-no-opt.{}'}}"
d,ada-with-opts,4019958145,0.45,256,0.0,0.04153354632587858,0:00:00.061803,"{'tree-options': {'n_estimators': 50}, 'training-options': {'y-key': 'diagnosis-prime', 'exclude-keys': ['diagnosis', 'diagnosis-prime', 'diagnosis-prime', 'diagnosis-prime', 'diagnosis-prime'], 'image-name': 'dt-exports/breast-cancer/attempts/4019958145/d-{}-{}-{}-orig-no-opt.{}'}}"
d,ada-with-opts,4019958145,0.4,227,0.0,0.04678362573099415,0:00:00.060154,"{'tree-options': {'n_estimators': 50}, 'training-options': {'y-key': 'diagnosis-prime', 'exclude-keys': ['diagnosis', 'diagnosis-prime', 'diagnosis-prime', 'diagnosis-prime', 'diagnosis-prime'], 'image-name': 'dt-exports/breast-cancer/attempts/4019958145/d-{}-{}-{}-orig-no-opt.{}'}}"
d,ada-with-opts,4019958145,0.35,199,0.0,0.043243243243243246,0:00:00.056431,"{'tree-options': {'n_estimators': 50}, 'training-options': {'y-key': 'diagnosis-prime', 'exclude-keys': ['diagnosis', 'diagnosis-prime', 'diagnosis-prime', 'diagnosis-prime', 'diagnosis-prime'], 'image-name': 'dt-exports/breast-cancer/attempts/4019958145/d-{}-{}-{}-orig-no-opt.{}'}}"
d,ada-with-opts,4019958145,0.3,170,0.0,0.03007518796992481,0:00:00.054094,"{'tree-options': {'n_estimators': 50}, 'training-options': {'y-key': 'diagnosis-prime', 'exclude-keys': ['diagnosis', 'diagnosis-prime', 'diagnosis-prime', 'diagnosis-prime', 'diagnosis-prime'], 'image-name': 'dt-exports/breast-cancer/attempts/4019958145/d-{}-{}-{}-orig-no-opt.{}'}}"
d,ada-with-opts,4019958145,0.25,142,0.0,0.05620608899297419,0:00:00.051699,"{'tree-options': {'n_estimators': 50}, 'training-options': {'y-key': 'diagnosis-prime', 'exclude-keys': ['diagnosis', 'diagnosis-prime', 'diagnosis-prime', 'diagnosis-prime', 'diagnosis-prime'], 'image-name': 'dt-exports/breast-cancer/attempts/4019958145/d-{}-{}-{}-orig-no-opt.{}'}}"
d,ada-with-opts,4019958145,0.2,113,0.0,0.052631578947368474,0:00:00.048052,"{'tree-options': {'n_estimators': 50}, 'training-options': {'y-key': 'diagnosis-prime', 'exclude-keys': ['diagnosis', 'diagnosis-prime', 'diagnosis-prime', 'diagnosis-prime', 'diagnosis-prime'], 'image-name': 'dt-exports/breast-cancer/attempts/4019958145/d-{}-{}-{}-orig-no-opt.{}'}}"
d,ada-with-opts,4019958145,0.15,85,0.0,0.04338842975206614,0:00:00.045708,"{'tree-options': {'n_estimators': 50}, 'training-options': {'y-key': 'diagnosis-prime', 'exclude-keys': ['diagnosis', 'diagnosis-prime', 'diagnosis-prime', 'diagnosis-prime', 'diagnosis-prime'], 'image-name': 'dt-exports/breast-cancer/attempts/4019958145/d-{}-{}-{}-orig-no-opt.{}'}}"
d,ada-with-opts,4019958145,0.1,56,0.0,0.14619883040935677,0:00:00.043481,"{'tree-options': {'n_estimators': 50}, 'training-options': {'y-key': 'diagnosis-prime', 'exclude-keys': ['diagnosis', 'diagnosis-prime', 'diagnosis-prime', 'diagnosis-prime', 'diagnosis-prime'], 'image-name': 'dt-exports/breast-cancer/attempts/4019958145/d-{}-{}-{}-orig-no-opt.{}'}}"
d,ada-with-opts,4019958145,0.05,28,0.0,0.21811460258780035,0:00:00.040390,"{'tree-options': {'n_estimators': 50}, 'training-options': {'y-key': 'diagnosis-prime', 'exclude-keys': ['diagnosis', 'diagnosis-prime', 'diagnosis-prime', 'diagnosis-prime', 'diagnosis-prime'], 'image-name': 'dt-exports/breast-cancer/attempts/4019958145/d-{}-{}-{}-orig-no-opt.{}'}}"
d,ada-with-opts,1294301706,0.95,540,0.0,0.03448275862068961,0:00:00.090152,"{'tree-options': {'n_estimators': 50}, 'training-options': {'y-key': 'diagnosis-prime', 'exclude-keys': ['diagnosis', 'diagnosis-prime', 'diagnosis-prime', 'diagnosis-prime', 'diagnosis-prime'], 'image-name': 'dt-exports/breast-cancer/attempts/1294301706/d-{}-{}-{}-orig-no-opt.{}'}}"
d,ada-with-opts,1294301706,0.9,512,0.0,0.03508771929824561,0:00:00.087058,"{'tree-options': {'n_estimators': 50}, 'training-options': {'y-key': 'diagnosis-prime', 'exclude-keys': ['diagnosis', 'diagnosis-prime', 'diagnosis-prime', 'diagnosis-prime', 'diagnosis-prime'], 'image-name': 'dt-exports/breast-cancer/attempts/1294301706/d-{}-{}-{}-orig-no-opt.{}'}}"
d,ada-with-opts,1294301706,0.85,483,0.0,0.03488372093023251,0:00:00.084021,"{'tree-options': {'n_estimators': 50}, 'training-options': {'y-key': 'diagnosis-prime', 'exclude-keys': ['diagnosis', 'diagnosis-prime', 'diagnosis-prime', 'diagnosis-prime', 'diagnosis-prime'], 'image-name': 'dt-exports/breast-cancer/attempts/1294301706/d-{}-{}-{}-orig-no-opt.{}'}}"
d,ada-with-opts,1294301706,0.8,455,0.0,0.07017543859649122,0:00:00.081278,"{'tree-options': {'n_estimators': 50}, 'training-options': {'y-key': 'diagnosis-prime', 'exclude-keys': ['diagnosis', 'diagnosis-prime', 'diagnosis-prime', 'diagnosis-prime', 'diagnosis-prime'], 'image-name': 'dt-exports/breast-cancer/attempts/1294301706/d-{}-{}-{}-orig-no-opt.{}'}}"
d,ada-with-opts,1294301706,0.75,426,0.0,0.04195804195804198,0:00:00.079135,"{'tree-options': {'n_estimators': 50}, 'training-options': {'y-key': 'diagnosis-prime', 'exclude-keys': ['diagnosis', 'diagnosis-prime', 'diagnosis-prime', 'diagnosis-prime', 'diagnosis-prime'], 'image-name': 'dt-exports/breast-cancer/attempts/1294301706/d-{}-{}-{}-orig-no-opt.{}'}}"
d,ada-with-opts,1294301706,0.7,398,0.0,0.04678362573099415,0:00:00.076176,"{'tree-options': {'n_estimators': 50}, 'training-options': {'y-key': 'diagnosis-prime', 'exclude-keys': ['diagnosis', 'diagnosis-prime', 'diagnosis-prime', 'diagnosis-prime', 'diagnosis-prime'], 'image-name': 'dt-exports/breast-cancer/attempts/1294301706/d-{}-{}-{}-orig-no-opt.{}'}}"
d,ada-with-opts,1294301706,0.65,369,0.0,0.050000000000000044,0:00:00.073792,"{'tree-options': {'n_estimators': 50}, 'training-options': {'y-key': 'diagnosis-prime', 'exclude-keys': ['diagnosis', 'diagnosis-prime', 'diagnosis-prime', 'diagnosis-prime', 'diagnosis-prime'], 'image-name': 'dt-exports/breast-cancer/attempts/1294301706/d-{}-{}-{}-orig-no-opt.{}'}}"
d,ada-with-opts,1294301706,0.6,341,0.0,0.04385964912280704,0:00:00.070135,"{'tree-options': {'n_estimators': 50}, 'training-options': {'y-key': 'diagnosis-prime', 'exclude-keys': ['diagnosis', 'diagnosis-prime', 'diagnosis-prime', 'diagnosis-prime', 'diagnosis-prime'], 'image-name': 'dt-exports/breast-cancer/attempts/1294301706/d-{}-{}-{}-orig-no-opt.{}'}}"
d,ada-with-opts,1294301706,0.55,312,0.0,0.046692607003890996,0:00:00.068162,"{'tree-options': {'n_estimators': 50}, 'training-options': {'y-key': 'diagnosis-prime', 'exclude-keys': ['diagnosis', 'diagnosis-prime', 'diagnosis-prime', 'diagnosis-prime', 'diagnosis-prime'], 'image-name': 'dt-exports/breast-cancer/attempts/1294301706/d-{}-{}-{}-orig-no-opt.{}'}}"
d,ada-with-opts,1294301706,0.5,284,0.0,0.04210526315789476,0:00:00.065188,"{'tree-options': {'n_estimators': 50}, 'training-options': {'y-key': 'diagnosis-prime', 'exclude-keys': ['diagnosis', 'diagnosis-prime', 'diagnosis-prime', 'diagnosis-prime', 'diagnosis-prime'], 'image-name': 'dt-exports/breast-cancer/attempts/1294301706/d-{}-{}-{}-orig-no-opt.{}'}}"
d,ada-with-opts,1294301706,0.45,256,0.0,0.054313099041533586,0:00:00.062350,"{'tree-options': {'n_estimators': 50}, 'training-options': {'y-key': 'diagnosis-prime', 'exclude-keys': ['diagnosis', 'diagnosis-prime', 'diagnosis-prime', 'diagnosis-prime', 'diagnosis-prime'], 'image-name': 'dt-exports/breast-cancer/attempts/1294301706/d-{}-{}-{}-orig-no-opt.{}'}}"
d,ada-with-opts,1294301706,0.4,227,0.0,0.049707602339181256,0:00:00.058820,"{'tree-options': {'n_estimators': 50}, 'training-options': {'y-key': 'diagnosis-prime', 'exclude-keys': ['diagnosis', 'diagnosis-prime', 'diagnosis-prime', 'diagnosis-prime', 'diagnosis-prime'], 'image-name': 'dt-exports/breast-cancer/attempts/1294301706/d-{}-{}-{}-orig-no-opt.{}'}}"
d,ada-with-opts,1294301706,0.35,199,0.0,0.05405405405405406,0:00:00.057042,"{'tree-options': {'n_estimators': 50}, 'training-options': {'y-key': 'diagnosis-prime', 'exclude-keys': ['diagnosis', 'diagnosis-prime', 'diagnosis-prime', 'diagnosis-prime', 'diagnosis-prime'], 'image-name': 'dt-exports/breast-cancer/attempts/1294301706/d-{}-{}-{}-orig-no-opt.{}'}}"
d,ada-with-opts,1294301706,0.3,170,0.0,0.05513784461152882,0:00:00.053531,"{'tree-options': {'n_estimators': 50}, 'training-options': {'y-key': 'diagnosis-prime', 'exclude-keys': ['diagnosis', 'diagnosis-prime', 'diagnosis-prime', 'diagnosis-prime', 'diagnosis-prime'], 'image-name': 'dt-exports/breast-cancer/attempts/1294301706/d-{}-{}-{}-orig-no-opt.{}'}}"
d,ada-with-opts,1294301706,0.25,142,0.0,0.07962529274004682,0:00:00.051910,"{'tree-options': {'n_estimators': 50}, 'training-options': {'y-key': 'diagnosis-prime', 'exclude-keys': ['diagnosis', 'diagnosis-prime', 'diagnosis-prime', 'diagnosis-prime', 'diagnosis-prime'], 'image-name': 'dt-exports/breast-cancer/attempts/1294301706/d-{}-{}-{}-orig-no-opt.{}'}}"
d,ada-with-opts,1294301706,0.2,113,0.0,0.07017543859649122,0:00:00.048542,"{'tree-options': {'n_estimators': 50}, 'training-options': {'y-key': 'diagnosis-prime', 'exclude-keys': ['diagnosis', 'diagnosis-prime', 'diagnosis-prime', 'diagnosis-prime', 'diagnosis-prime'], 'image-name': 'dt-exports/breast-cancer/attempts/1294301706/d-{}-{}-{}-orig-no-opt.{}'}}"
d,ada-with-opts,1294301706,0.15,85,0.0,0.09297520661157022,0:00:00.045678,"{'tree-options': {'n_estimators': 50}, 'training-options': {'y-key': 'diagnosis-prime', 'exclude-keys': ['diagnosis', 'diagnosis-prime', 'diagnosis-prime', 'diagnosis-prime', 'diagnosis-prime'], 'image-name': 'dt-exports/breast-cancer/attempts/1294301706/d-{}-{}-{}-orig-no-opt.{}'}}"
d,ada-with-opts,1294301706,0.1,56,0.0,0.07797270955165692,0:00:00.042642,"{'tree-options': {'n_estimators': 50}, 'training-options': {'y-key': 'diagnosis-prime', 'exclude-keys': ['diagnosis', 'diagnosis-prime', 'diagnosis-prime', 'diagnosis-prime', 'diagnosis-prime'], 'image-name': 'dt-exports/breast-cancer/attempts/1294301706/d-{}-{}-{}-orig-no-opt.{}'}}"
d,ada-with-opts,1294301706,0.05,28,0.0,0.11829944547134941,0:00:00.008033,"{'tree-options': {'n_estimators': 50}, 'training-options': {'y-key': 'diagnosis-prime', 'exclude-keys': ['diagnosis', 'diagnosis-prime', 'diagnosis-prime', 'diagnosis-prime', 'diagnosis-prime'], 'image-name': 'dt-exports/breast-cancer/attempts/1294301706/d-{}-{}-{}-orig-no-opt.{}'}}"
